Workbook

Sheet 2026 éves
D2: SIM kártya | E2: Éves Felülvizsgálat | F2: Szolgáltató | G2: Január | I2: Február | K2: Március | M2: Április | O2: Május | Q2: Június | S2: Július | U2: Augusztus | W2: Szeptember | Y2: Október | AA2: November | AC2: December
G3: összesen | H3: kp | I3: összesen | J3: kp | K3: összesen | L3: kp | M3: összesen | N3: kp | O3: összesen | P3: kp | Q3: összesen | R3: kp | S3: összesen | T3: kp | U3: összesen | V3: kp | W3: összesen | X3: kp | Y3: összesen | Z3: kp | AA3: összesen | AB3: kp | AC3: összesen | AD3: kp
B4: Államkincstár | C4: =MÁK!A1 -> AP A13610440 | D4: 89430301901300660410 | E4: 2025.01.17 | F4: Telekom | G4: ='202601'!M3 -> 7171251.5 | H4: ='202601'!J3 -> 459515 | I4: ='202602'!M3 -> 7420547 | J4: ='202602'!J3 -> 495690 | K4: ='202603'!M3 -> 8220375 | L4: ='202603'!J3 -> 531410 | M4: ='202604'!M3 -> 410185 | N4: ='202604'!J3 -> 18975
B6: Knorr105 | C6: =Knorr105!A1 -> AP A09111376 | D6: 89430301901301320188 | E6: 2025.08.19 | F6: Telekom | G6: ='202601'!M5 -> 8507316 | H6: ='202601'!J5 -> 7190 | I6: ='202602'!M5 -> 7875677 | J6: ='202602'!J5 -> 0 | K6: ='202603'!M5 -> 8959031 | L6: ='202603'!J5 -> 7760 | M6: ='202604'!M5 -> 504205 | N6: ='202604'!J5 -> 0
B7: Knorr105 | C7: =Knorr105!Q1 -> AP A24010154 | D7: 89430301902202292666 | E7: 2025.06.18 | F7: Telekom | G7: ='202601'!M6 -> 11291268 | H7: ='202601'!J6 -> 4225 | I7: ='202602'!M6 -> 11339936 | J7: ='202602'!J6 -> 17725 | K7: ='202603'!M6 -> 13305803 | L7: ='202603'!J6 -> 10140 | M7: ='202604'!M6 -> 1012005 | N7: ='202604'!J6 -> 1990
B8: Knorr105 | C8: =Knorr105!AG1 -> AP A13609805 | D8: 861075025184672 | E8: 2025.07.23. | F8: Mobil Adat | G8: ='202601'!M7 -> 7283289.5 | H8: ='202601'!J7 -> 0 | I8: ='202602'!M7 -> 7712250 | J8: ='202602'!J7 -> 0 | K8: ='202603'!M7 -> 7748276 | L8: ='202603'!J7 -> 0 | M8: ='202604'!M7 -> 803240 | N8: ='202604'!J7 -> 0
B9: Knorr105 | C9: AP A09110892 | D9: 89430301901300660519 | E9: 2025.07.02. | F9: Telekom | G9: ='202601'!M8 -> 4251199.5 | H9: ='202601'!J8 -> 0 | I9: ='202602'!M8 -> 3650765 | J9: ='202602'!J8 -> 0 | K9: ='202603'!M8 -> 5197181 | L9: ='202603'!J8 -> 5870 | M9: ='202604'!M8 -> 546650 | N9: ='202604'!J8 -> 0
B11: Knorr86 | C11: =Knorr86!A1 -> AP A13607465 | D11: 861075020676789 | E11: 2025.10.29. | F11: Mobil Adat | G11: ='202601'!M10 -> 4985745.5 | H11: ='202601'!J10 -> 29890 | I11: ='202602'!M10 -> 4902145 | J11: ='202602'!J10 -> 37230 | K11: ='202603'!M10 -> 5613404 | L11: ='202603'!J10 -> 43750 | M11: ='202604'!M10 -> 0 | N11: ='202604'!J10 -> 0
B13: Knorr69 | C13: =Knorr69!A1 -> AP A09111377 | D13: 89430301901301321897 | E13: 2025.08.21. | F13: Telekom | G13: ='202601'!M12 -> 7505770.5 | H13: ='202601'!J12 -> 350 | I13: ='202602'!M12 -> 7048430 | J13: ='202602'!J12 -> 0 | K13: ='202603'!M12 -> 8469423 | L13: ='202603'!J12 -> 10615 | M13: ='202604'!M12 -> 335378 | N13: ='202604'!J12 -> 0
B15: KTI | C15: =KTI!A1 -> AP A13607773 | D15: 861075020652764 | E15: 2025.11.03. | F15: Mobil Adat | G15: ='202601'!M14 -> 3588791.5 | H15: ='202601'!J14 -> 491910 | I15: ='202602'!M14 -> 3120005 | J15: ='202602'!J14 -> 322525 | K15: ='202603'!M14 -> 3575864 | L15: ='202603'!J14 -> 364510 | M15: ='202604'!M14 -> 0 | N15: ='202604'!J14 -> 0
B17: Szentkirályi | C17: =Szentkiralyi!A1 -> AP A13611447 | D17: 89430301901301335574 | F17: Telekom | G17: ='202601'!M16 -> 507294.5 | H17: ='202601'!J16 -> 52355 | I17: ='202602'!M16 -> 877923 | J17: ='202602'!J16 -> 64210 | K17: ='202603'!M16 -> 1012079 | L17: ='202603'!J16 -> 82095 | M17: ='202604'!M16 -> 0 | N17: ='202604'!J16 -> 0
B19: RSR | C19: AP A09111370 | D19: 89430301901301322416 | E19: 2025.08.19. | F19: Telekom | G19: ='202601'!M18 -> 3828452.5 | H19: ='202601'!J18 -> 864660 | I19: ='202602'!M18 -> 3408115 | J19: ='202602'!J18 -> 1580415 | K19: ='202603'!M18 -> 3624292 | L19: ='202603'!J18 -> 1134560 | M19: ='202604'!M18 -> 13510 | N19: ='202604'!J18 -> 3350
B20: RSR | C20: AP A13610439 | D20: 89430301901300660584 | E20: 2026.01.27. | F20: Telekom | G20: ='202601'!M19 -> 1542637.5 | H20: ='202601'!J19 -> 115925 | I20: ='202602'!M19 -> 1633064 | J20: ='202602'!J19 -> 841685 | K20: ='202603'!M19 -> 460121 | L20: ='202603'!J19 -> 136215 | M20: ='202604'!M19 -> 0 | N20: ='202604'!J19 -> 0
B21: RSR (Egyéb) | C21: AP A13609679 | D21: 861075020660809 | E21: 45961 | F21: Mobil Adat | G21: ='202601'!M21 -> 866285.5 | H21: ='202601'!J21 -> 343775 | I21: ='202602'!M20 -> 3730025 | J21: ='202602'!J20 -> 1760265 | K21: ='202603'!M20 -> 0 | L21: ='202603'!J20 -> 0 | M21: ='202604'!M20 -> 0 | N21: ='202604'!J20 -> 0
B22: RSR (Egyéb) | C22: AP A09109974 | D22: 861075020660411 | E22: 45958 | F22: Mobil Adat | G22: ='202601'!M22 -> 0 | H22: ='202601'!J22 -> 0 | I22: ='202602'!M21 -> 112060 | J22: ='202602'!J21 -> 34150 | K22: ='202603'!M21 -> 100380 | L22: ='202603'!J21 -> 24640 | M22: ='202604'!M21 -> 0 | N22: ='202604'!J21 -> 0
B24: Egyéb | C24: AP A13608072 | D24: 864403042171471 | E24: 2025.10.28. | F24: Mobil Adat | G24: ='202601'!M23 -> 466823 | H24: ='202601'!J23 -> 28930 | I24: ='202602'!M23 -> 398680 | J24: ='202602'!J23 -> 22860 | K24: ='202603'!M23 -> 0 | L24: ='202603'!J23 -> 0 | M24: ='202604'!M23 -> 185209 | N24: ='202604'!J23 -> 12210
B25: Egyéb | C25: AP A13607772 | D25: 861075024542649 | E25: 2025.10.30. | F25: Mobil Adat | G25: ='202601'!M24 -> 449584 | H25: ='202601'!J24 -> 26565 | I25: ='202602'!M24 -> 270584 | J25: ='202602'!J24 -> 28570 | K25: ='202603'!M24 -> 0 | L25: ='202603'!J24 -> 0 | M25: ='202604'!M24 -> 0 | N25: ='202604'!J24 -> 0
B26: Összesen: | G26: =SUM(G4:G25) -> 62245709 | H26: =SUM(H4:H25) -> 2425290 | I26: =SUM(I4:I25) -> 63500206 | J26: =SUM(J4:J25) -> 5205325 | K26: =SUM(K4:K25) -> 66286229 | L26: =SUM(L4:L25) -> 2351565 | M26: =SUM(M4:M25) -> 3810382 | N26: =SUM(N4:N25) -> 36525 | ... AD26: =SUM(AD4:AD25) -> 0
B28: SELEJT PÉNZTÁRGÉPEK
B30: A24004860 | C30: - | D30: 89430301902006414060 | F30: Telekom | G30: 2024.12.19. selejtezve | I30: szüneteltetve: 2025,05,14
B31: A24004855 | C31: AEE csere nincs bele | D31: 89430301902006411884 | F31: Telekom | I31: szüneteltetve: 2025,05,14
B32: A24004856 | C32: nem kommunikál a Navval | D32: 89430301902006410613 | F32: Telekom | G32: 2024.12.19. selejtezve
B33: A19503259 | C33: hiányzik a fogaskerék | D33: 861311007446874 | F33: Mobil Adat | G33: selejtezve
B34: A13607768 | D34: 861075020653549 | F34: Mobil Adat | G34: 2025.11.hóban selejtezve

Sheet 202604
C2: AP kód | D2: Nyitó zárás | E2: Záró zárás | F2: 0 | G2: 0.05 | H2: 0.18 | I2: 0.27 | J2: kp | K2: bankkártya | L2: bankkártya terminál szerint | M2: Időszak összes | N2: Göngy. forgalom | P2: kp | Q2: bk
B3: Államkincstár | C3: =MÁK!A1 -> AP A13610440 | F3: =MÁK!C160 -> 1100 | G3: =MÁK!D160 -> 207600 | H3: =MÁK!E160 -> 0 | I3: =MÁK!F160 -> 201485 | J3: =MÁK!G160 -> 18975 | K3: =MÁK!H160 -> 391210 | L3: =MÁK!I160 -> 391210 | M3: =SUM(F3:I3) -> 410185 | P3: =J3+#REF! -> #REF! | Q3: =SUM(M3:M3)-P3 -> #REF!
B5: Knorr105 | C5: =Knorr105!A1 -> AP A09111376 | F5: =Knorr105!C$161 -> 1550 | G5: =Knorr105!D$161 -> 502655 | H5: =Knorr105!E$161 -> 0 | I5: =Knorr105!F$161 -> 0 | J5: =Knorr105!G$161 -> 0 | K5: =Knorr105!H$161 -> 504205 | L5: =Knorr105!I$161 -> 504940 | M5: =SUM(F5:I5) -> 504205 | P5: =J5+J6+J7 -> 1990 | Q5: =SUM(M5:M7)-P5 -> 2317460
B6: Knorr105 | C6: =Knorr105!Q1 -> AP A24010154 | F6: =Knorr105!S$161 -> 5390 | G6: =Knorr105!T$161 -> 1006615 | H6: =Knorr105!U$161 -> 0 | I6: =Knorr105!V$161 -> 0 | J6: =Knorr105!W$161 -> 1990 | K6: =Knorr105!X$161 -> 1010015 | L6: =Knorr105!Y$161 -> 1010015 | M6: =SUM(F6:I6) -> 1012005
B7: Knorr105 | C7: =Knorr105!AG1 -> AP A13609805 | F7: =Knorr105!AI$161 -> 3450 | G7: =Knorr105!AJ$161 -> 799790 | H7: =Knorr105!AK$161 -> 0 | I7: =Knorr105!AL$161 -> 0 | J7: =Knorr105!AM$161 -> 0 | K7: =Knorr105!AN$161 -> 803240 | L7: =Knorr105!AO$161 -> 803240 | M7: =SUM(F7:I7) -> 803240
B8: Knorr105 | C8: AP A09110892 | F8: =Knorr105!BK161 -> 219480 | G8: =Knorr105!BL161 -> 327170 | H8: =Knorr105!BM161 -> 0 | I8: =Knorr105!BN161 -> 0 | J8: =Knorr105!BO161 -> 0 | K8: =Knorr105!BP161 -> 546650 | L8: =Knorr105!BQ161 -> 546650 | M8: =SUM(F8:I8) -> 546650
B10: Knorr86 | C10: =Knorr86!A1 -> AP A13607465 | F10: =Knorr86!C159 -> 0 | G10: =Knorr86!D159 -> 0 | H10: =Knorr86!E159 -> 0 | I10: =Knorr86!F159 -> 0 | J10: =Knorr86!G159 -> 0 | K10: =Knorr86!H159 -> 0 | L10: =Knorr86!I159 -> 0 | M10: =SUM(F10:I10) -> 0 | P10: =J10 -> 0 | Q10: =M10-P10 -> 0
B12: Knorr69 | C12: =Knorr69!A1 -> AP A09111377 | F12: =Knorr69!C159 -> 250 | G12: =Knorr69!D159 -> 327308 | H12: =Knorr69!E159 -> 0 | I12: =Knorr69!F159 -> 7820 | J12: =Knorr69!G159 -> 0 | K12: =Knorr69!H159 -> 335378 | L12: =Knorr69!I159 -> 335378 | M12: =SUM(F12:I12) -> 335378 | P12: =J12 -> 0 | Q12: =M12-P12 -> 335378
B14: KTI | C14: =KTI!A1 -> AP A13607773 | F14: =KTI!C159 -> 0 | G14: =KTI!D159 -> 0 | H14: =KTI!E159 -> 0 | I14: =KTI!F159 -> 0 | J14: =KTI!G159 -> 0 | K14: =KTI!H159 -> 0 | L14: =KTI!I159 -> 0 | M14: =SUM(F14:I14) -> 0 | P14: =J14 -> 0 | Q14: =M14-P14 -> 0
B16: Szentkirályi | C16: AP A13611447 | F16: =Szentkiralyi!C159 -> 0 | G16: =Szentkiralyi!D159 -> 0 | H16: =Szentkiralyi!E159 -> 0 | I16: =Szentkiralyi!F159 -> 0 | J16: =Szentkiralyi!G159 -> 0 | K16: =Szentkiralyi!H159 -> 0 | L16: =Szentkiralyi!I159 -> 0 | M16: =SUM(F16:I16) -> 0
B18: RSR | C18: AP A09111370 | F18: =RSR!C161 -> 50 | G18: =RSR!D161 -> 11800 | H18: =RSR!E161 -> 0 | I18: =RSR!F161 -> 1660 | J18: =RSR!G161 -> 3350 | K18: =RSR!H161 -> 10160 | L18: =RSR!I161 -> 10160 | M18: =SUM(F18:I18) -> 13510 | P18: =SUM(J18:J19) -> 3350 | Q18: =SUM(M18:M19)-P18 -> 10160
B19: RSR | C19: AP A13610439 | F19: =RSR!S161 -> 0 | G19: =RSR!T161 -> 0 | H19: =RSR!U161 -> 0 | I19: =RSR!V161 -> 0 | J19: =RSR!W161 -> 0 | K19: =RSR!X161 -> 0 | L19: =RSR!Y161 -> 0 | M19: =SUM(F19:I19) -> 0
B20: RSR | C20: ='Egyéb pénztárgépek'!M1 -> AP A13609679 | F20: =RSR!AI161 -> 0 | G20: =RSR!AJ161 -> 0 | H20: =RSR!AK161 -> 0 | I20: =RSR!AL161 -> 0 | J20: =RSR!AM161 -> 0 | K20: =RSR!AN161 -> 0 | L20: =RSR!AO161 -> 0 | M20: =SUM(F20:I20) -> 0
B21: RSR | C21: ='Egyéb pénztárgépek'!AC1 -> AP A09109974 | F21: =RSR!AY161 -> 0 | G21: =RSR!AZ161 -> 0 | H21: =RSR!BA161 -> 0 | I21: =RSR!BB161 -> 0 | J21: =RSR!BC161 -> 0 | K21: =RSR!BD161 -> 0 | L21: =RSR!BE161 -> 0 | M21: =SUM(F21:I21) -> 0
B23: Egyéb | C23: AP A13608072 | F23: ='Egyéb pénztárgépek'!AT159 -> 1150 | G23: ='Egyéb pénztárgépek'!AU159 -> 162340 | H23: ='Egyéb pénztárgépek'!AV159 -> 0 | I23: ='Egyéb pénztárgépek'!AW159 -> 21719 | J23: ='Egyéb pénztárgépek'!AX159 -> 12210 | K23: ='Egyéb pénztárgépek'!AY159 -> 172999 | L23: ='Egyéb pénztárgépek'!AZ159 -> 172999 | M23: =SUM(F23:I23) -> 185209
B24: Egyéb | C24: AP A13607772 | D24: 2260 | F24: ='Egyéb pénztárgépek'!BJ159 -> 0 | G24: ='Egyéb pénztárgépek'!BK159 -> 0 | H24: ='Egyéb pénztárgépek'!BL159 -> 0 | I24: ='Egyéb pénztárgépek'!BM159 -> 0 | J24: ='Egyéb pénztárgépek'!BN159 -> 0 | K24: ='Egyéb pénztárgépek'!BO159 -> 0 | L24: ='Egyéb pénztárgépek'!BP159 -> 0 | M24: =SUM(F24:I24) -> 0
B27: Összesen: | F27: =SUM(F3:F24) -> 232420 | G27: =SUM(G3:G24) -> 3345278 | H27: =SUM(H3:H24) -> 0 | I27: =SUM(I3:I24) -> 232684 | J27: 1495140 | L27: =SUM(L3:L24) -> 3774592 | M27: =SUM(M3:M24) -> 3810382

Sheet 202603
C2: AP kód | D2: Nyitó zárás | E2: Záró zárás | F2: 0 | G2: 0.05 | H2: 0.18 | I2: 0.27 | J2: kp | K2: bankkártya | L2: bankkártya terminál szerint | M2: Időszak összes | N2: Göngy. forgalom | P2: kp | Q2: bk
B3: Államkincstár | C3: =MÁK!A1 -> AP A13610440 | D3: 1050 | E3: 1072 | F3: =MÁK!C119 -> 23800 | G3: =MÁK!D119 -> 4199840 | H3: =MÁK!E119 -> 0 | I3: =MÁK!F119 -> 3996735 | J3: =MÁK!G119 -> 531410 | K3: =MÁK!H119 -> 7687125 | L3: =MÁK!I119 -> 7687125 | M3: =SUM(F3:I3) -> 8220375 | N3: 235157219 | P3: =J3+#REF! -> #REF! | Q3: =SUM(M3:M3)-P3 -> #REF!
B5: Knorr105 | C5: =Knorr105!A1 -> AP A09111376 | D5: 0470 | E5: 0492 | F5: =Knorr105!C$119 -> 26000 | G5: =Knorr105!D$119 -> 8932881 | H5: =Knorr105!E$119 -> 150 | I5: =Knorr105!F$119 -> 0 | J5: =Knorr105!G$119 -> 7760 | K5: =Knorr105!H$119 -> 8951271 | L5: =Knorr105!I$119 -> 8951271 | M5: =SUM(F5:I5) -> 8959031 | N5: 150445134 | P5: =J5+J6+J7 -> 17900 | Q5: =SUM(M5:M7)-P5 -> 29995210
B6: Knorr105 | C6: =Knorr105!Q1 -> AP A24010154 | D6: 0426 | E6: 0447 | F6: =Knorr105!S$119 -> 73070 | G6: =Knorr105!T$119 -> 13232680 | H6: =Knorr105!U$119 -> 50 | I6: =Knorr105!V$119 -> 3 | J6: =Knorr105!W$119 -> 10140 | K6: =Knorr105!X$119 -> 13295663 | L6: =Knorr105!Y$119 -> 13295663 | M6: =SUM(F6:I6) -> 13305803 | N6: 188928689
B7: Knorr105 | C7: =Knorr105!AG1 -> AP A13609805 | D7: 1281 | E7: 1302 | F7: =Knorr105!AI$119 -> 39830 | G7: =Knorr105!AJ$119 -> 7708396 | H7: =Knorr105!AK$119 -> 50 | I7: =Knorr105!AL$119 -> 0 | J7: =Knorr105!AM$119 -> 0 | K7: =Knorr105!AN$119 -> 7748276 | L7: =Knorr105!AO$119 -> 7748276 | M7: =SUM(F7:I7) -> 7748276 | N7: 319229393
B8: Knorr105 | C8: AP A09110892 | D8: 1031 | E8: 1052 | F8: =Knorr105!BK119 -> 22635 | G8: =Knorr105!BL119 -> 5174496 | H8: =Knorr105!BM119 -> 0 | I8: =Knorr105!BN119 -> 50 | J8: =Knorr105!BO119 -> 5870 | K8: =Knorr105!BP119 -> 5191311 | L8: =Knorr105!BQ119 -> 5177161 | M8: =SUM(F8:I8) -> 5197181 | N8: 179140358
B10: Knorr86 | C10: =Knorr86!A1 -> AP A13607465 | D10: 2315 | E10: 2336 | F10: =Knorr86!C118 -> 41190 | G10: =Knorr86!D118 -> 5365804 | H10: =Knorr86!E118 -> 0 | I10: =Knorr86!F118 -> 206410 | J10: =Knorr86!G118 -> 43750 | K10: =Knorr86!H118 -> 5569654 | L10: =Knorr86!I118 -> 5569654 | M10: =SUM(F10:I10) -> 5613404 | N10: 220258229 | P10: =J10 -> 43750 | Q10: =M10-P10 -> 5569654
B12: Knorr69 | C12: =Knorr69!A1 -> AP A09111377 | D12: 0568 | E12: 0590 | F12: =Knorr69!C118 -> 5000 | G12: =Knorr69!D118 -> 8319343 | H12: =Knorr69!E118 -> 0 | I12: =Knorr69!F118 -> 145080 | J12: =Knorr69!G118 -> 10615 | K12: =Knorr69!H118 -> 8458808 | L12: =Knorr69!I118 -> 8475207 | M12: =SUM(F12:I12) -> 8469423 | N12: 149604290 | P12: =J12 -> 10615 | Q12: =M12-P12 -> 8458808
B14: KTI | C14: =KTI!A1 -> AP A13607773 | D14: 1788 | E14: 1809 | F14: =KTI!C118 -> 15350 | G14: =KTI!D118 -> 3167135 | H14: =KTI!E118 -> 34564 | I14: =KTI!F118 -> 358815 | J14: =KTI!G118 -> 364510 | K14: =KTI!H118 -> 3207124 | L14: =KTI!I118 -> 3207124 | M14: =SUM(F14:I14) -> 3575864 | N14: 213632400 | P14: =J14 -> 364510 | Q14: =M14-P14 -> 3211354
B16: Szentkirályi | C16: AP A13611447 | D16: 0064 | E16: 0077 | F16: =Szentkiralyi!C118 -> 6815 | G16: =Szentkiralyi!D118 -> 898808 | H16: =Szentkiralyi!E118 -> 0 | I16: =Szentkiralyi!F118 -> 106456 | J16: =Szentkiralyi!G118 -> 82095 | K16: =Szentkiralyi!H118 -> 929982 | L16: =Szentkiralyi!I118 -> 929552 | M16: =SUM(F16:I16) -> 1012079 | N16: 6613472
B18: RSR | C18: AP A09111370 | D18: 0593 | E18: 0609 | F18: =RSR!C120 -> 12050 | G18: =RSR!D120 -> 2689383 | H18: =RSR!E120 -> 400790 | I18: =RSR!F120 -> 522069 | J18: =RSR!G120 -> 1134560 | K18: =RSR!H120 -> 2549719 | L18: =RSR!I120 -> 0 | M18: =SUM(F18:I18) -> 3624292 | N18: 113059608 | P18: =SUM(J18:J19) -> 1270775 | Q18: =SUM(M18:M19)-P18 -> 2813638
B19: RSR | C19: AP A13610439 | D19: 0375 | E19: 0379 | F19: =RSR!S120 -> 12500 | G19: =RSR!T120 -> 16010 | H19: =RSR!U120 -> 28550 | I19: =RSR!V120 -> 403061 | J19: =RSR!W120 -> 136215 | K19: =RSR!X120 -> 323912 | L19: =RSR!Y120 -> 335180 | M19: =SUM(F19:I19) -> 460121 | N19: 46375797
B20: RSR | C20: ='Egyéb pénztárgépek'!M1 -> AP A13609679 | D20: 1035 | E20: 1039 | F20: =RSR!AI120 -> 0 | G20: =RSR!AJ120 -> 0 | H20: =RSR!AK120 -> 0 | I20: =RSR!AL120 -> 0 | J20: =RSR!AM120 -> 0 | K20: =RSR!AN120 -> 0 | L20: =RSR!AO120 -> 0 | M20: =SUM(F20:I20) -> 0 | N20: 277375359
B21: RSR | C21: ='Egyéb pénztárgépek'!AC1 -> AP A09109974 | D21: 1453 | E21: 1464 | F21: =RSR!AY120 -> 200 | G21: =RSR!AZ120 -> 80120 | H21: =RSR!BA120 -> 12030 | I21: =RSR!BB120 -> 8030 | J21: =RSR!BC120 -> 24640 | K21: =RSR!BD120 -> 75740 | L21: =RSR!BE120 -> 73000 | M21: =SUM(F21:I21) -> 100380 | N21: 220449392
B23: Egyéb | C23: AP A13608072 | D23: 1680 | E23: 1689 | F23: ='Egyéb pénztárgépek'!AT117 -> 0 | G23: ='Egyéb pénztárgépek'!AU117 -> 0 | H23: ='Egyéb pénztárgépek'!AV117 -> 0 | I23: ='Egyéb pénztárgépek'!AW117 -> 0 | J23: ='Egyéb pénztárgépek'!AX117 -> 0 | K23: ='Egyéb pénztárgépek'!AY117 -> 0 | L23: ='Egyéb pénztárgépek'!AZ117 -> 0 | M23: =SUM(F23:I23) -> 0 | N23: 265799692
B24: Egyéb | C24: AP A13607772 | D24: 2256 | E24: 2259 | F24: ='Egyéb pénztárgépek'!BJ117 -> 0 | G24: ='Egyéb pénztárgépek'!BK117 -> 0 | H24: ='Egyéb pénztárgépek'!BL117 -> 0 | I24: ='Egyéb pénztárgépek'!BM117 -> 0 | J24: ='Egyéb pénztárgépek'!BN117 -> 0 | K24: ='Egyéb pénztárgépek'!BO117 -> 0 | L24: ='Egyéb pénztárgépek'!BP117 -> 0 | M24: =SUM(F24:I24) -> 0 | N24: 285033762
B27: Összesen: | F27: =SUM(F3:F24) -> 278440 | G27: =SUM(G3:G24) -> 59784896 | H27: =SUM(H3:H24) -> 476184 | I27: =SUM(I3:I24) -> 5746709 | J27: 1495140 | L27: =SUM(L3:L24) -> 53200611 | M27: =SUM(M3:M24) -> 66286229

Sheet 202602
C2: AP kód | D2: Nyitó zárás | E2: Záró zárás | F2: 0 | G2: 0.05 | H2: 0.18 | I2: 0.27 | J2: kp | K2: bankkártya | L2: bankkártya terminál szerint | M2: Időszak összes | N2: Göngy. forgalom | P2: kp | Q2: bk
B3: Államkincstár | C3: =MÁK!A1 -> AP A13610440 | D3: 1030 | E3: 1049 | F3: =MÁK!C76 -> 19240 | G3: =MÁK!D76 -> 4535249 | H3: =MÁK!E76 -> 3894 | I3: =MÁK!F76 -> 2862164 | J3: =MÁK!G76 -> 495690 | K3: =MÁK!H76 -> 6920105 | L3: =MÁK!I76 -> 6920105 | M3: =SUM(F3:I3) -> 7420547 | N3: 226936844 | P3: =J3+#REF! -> #REF! | Q3: =SUM(M3:M3)-P3 -> #REF!
B5: Knorr105 | C5: =Knorr105!A1 -> AP A09111376 | D5: 0449 | E5: 0469 | F5: =Knorr105!C$76 -> 15290 | G5: =Knorr105!D$76 -> 7857997 | H5: =Knorr105!E$76 -> 50 | I5: =Knorr105!F$76 -> 2340 | J5: =Knorr105!G$76 -> 0 | K5: =Knorr105!H$76 -> 7875677 | L5: =Knorr105!I$76 -> 7875677 | M5: =SUM(F5:I5) -> 7875677 | N5: 141486103 | P5: =J5+J6+J7 -> 17725 | Q5: =SUM(M5:M7)-P5 -> 26910138
B6: Knorr105 | C6: =Knorr105!Q1 -> AP A24010154 | D6: 0406 | E6: 0425 | F6: =Knorr105!S$76 -> 60410 | G6: =Knorr105!T$76 -> 11279526 | H6: =Knorr105!U$76 -> 0 | I6: =Knorr105!V$76 -> 0 | J6: =Knorr105!W$76 -> 17725 | K6: =Knorr105!X$76 -> 11322211 | L6: =Knorr105!Y$76 -> 11322211 | M6: =SUM(F6:I6) -> 11339936 | N6: 175622886
B7: Knorr105 | C7: =Knorr105!AG1 -> AP A13609805 | D7: 1260 | E7: 1280 | F7: =Knorr105!AI$76 -> 34330 | G7: =Knorr105!AJ$76 -> 7673400 | H7: =Knorr105!AK$76 -> 0 | I7: =Knorr105!AL$76 -> 4520 | J7: =Knorr105!AM$76 -> 0 | K7: =Knorr105!AN$76 -> 7712250 | L7: =Knorr105!AO$76 -> 7712250 | M7: =SUM(F7:I7) -> 7712250 | N7: 311481117
B8: Knorr105 | C8: AP A09110892 | D8: 1011 | E8: 1030 | F8: =Knorr105!BK76 -> 13550 | G8: =Knorr105!BL76 -> 3637165 | H8: =Knorr105!BM76 -> 50 | I8: =Knorr105!BN76 -> 0 | J8: =Knorr105!BO76 -> 0 | K8: =Knorr105!BP76 -> 3650765 | L8: =Knorr105!BQ76 -> 3650765 | M8: =SUM(F8:I8) -> 3650765 | N8: 173943177
B10: Knorr86 | C10: =Knorr86!A1 -> AP A13607465 | D10: 2295 | E10: 2314 | F10: =Knorr86!C75 -> 28620 | G10: =Knorr86!D75 -> 4727400 | H10: =Knorr86!E75 -> 0 | I10: =Knorr86!F75 -> 146125 | J10: =Knorr86!G75 -> 37230 | K10: =Knorr86!H75 -> 4864915 | L10: =Knorr86!I75 -> 4864915 | M10: =SUM(F10:I10) -> 4902145 | N10: 214644825 | P10: =J10 -> 37230 | Q10: =M10-P10 -> 4864915
B12: Knorr69 | C12: =Knorr69!A1 -> AP A09111377 | D12: 0548 | E12: 0567 | F12: =Knorr69!C75 -> 4505 | G12: =Knorr69!D75 -> 6881361 | H12: =Knorr69!E75 -> 0 | I12: =Knorr69!F75 -> 162564 | J12: =Knorr69!G75 -> 0 | K12: =Knorr69!H75 -> 7049220 | L12: =Knorr69!I75 -> 7048430 | M12: =SUM(F12:I12) -> 7048430 | N12: 141134867 | P12: =J12 -> 0 | Q12: =M12-P12 -> 7048430
B14: KTI | C14: =KTI!A1 -> AP A13607773 | D14: 1768 | E14: 1787 | F14: =KTI!C75 -> 5700 | G14: =KTI!D75 -> 2761430 | H14: =KTI!E75 -> 25465 | I14: =KTI!F75 -> 327410 | J14: =KTI!G75 -> 322525 | K14: =KTI!H75 -> 2797480 | L14: =KTI!I75 -> 2797480 | M14: =SUM(F14:I14) -> 3120005 | N14: 210056536 | P14: =J14 -> 322525 | Q14: =M14-P14 -> 2797480
B16: Szentkirályi | C16: AP A13611447 | D16: 0050 | E16: 0062 | F16: =Szentkiralyi!C75 -> 6670 | G16: =Szentkiralyi!D75 -> 756232 | H16: =Szentkiralyi!E75 -> 10360 | I16: =Szentkiralyi!F75 -> 104661 | J16: =Szentkiralyi!G75 -> 64210 | K16: =Szentkiralyi!H75 -> 813713 | L16: =Szentkiralyi!I75 -> 813713 | M16: =SUM(F16:I16) -> 877923 | N16: 5601393
B18: RSR | C18: AP A09111370 | D18: 0582 | E18: 0592 | F18: =RSR!C75 -> 32700 | G18: =RSR!D75 -> 1977405 | H18: =RSR!E75 -> 117550 | I18: =RSR!F75 -> 1280460 | J18: =RSR!G75 -> 1580415 | K18: =RSR!H75 -> 1853719 | L18: =RSR!I75 -> 1848229 | M18: =SUM(F18:I18) -> 3408115 | N18: 109435316 | P18: =SUM(J18:J19) -> 2422100 | Q18: =SUM(M18:M19)-P18 -> 2619079
B19: RSR | C19: AP A13610439 | D19: 0368 | E19: 0373 | F19: =RSR!S75 -> 35690 | G19: =RSR!T75 -> 615963 | H19: =RSR!U75 -> 67370 | I19: =RSR!V75 -> 914041 | J19: =RSR!W75 -> 841685 | K19: =RSR!X75 -> 821379 | L19: =RSR!Y75 -> 817167 | M19: =SUM(F19:I19) -> 1633064 | N19: 45915676
B20: RSR | C20: ='Egyéb pénztárgépek'!M1 -> AP A13609679 | D20: 1020 | E20: 1033 | F20: =RSR!AI75 -> 30720 | G20: =RSR!AJ75 -> 1579482 | H20: =RSR!AK75 -> 211985 | I20: =RSR!AL75 -> 1907838 | J20: =RSR!AM75 -> 1760265 | K20: =RSR!AN75 -> 2153995 | L20: =RSR!AO75 -> 1732617 | M20: =SUM(F20:I20) -> 3730025 | N20: 277375359
B21: RSR | C21: ='Egyéb pénztárgépek'!AC1 -> AP A09109974 | D21: 1448 | E21: 1452 | F21: =RSR!AY75 -> 600 | G21: =RSR!AZ75 -> 91480 | H21: =RSR!BA75 -> 2520 | I21: =RSR!BB75 -> 17460 | J21: =RSR!BC75 -> 34150 | K21: =RSR!BD75 -> 71910 | L21: =RSR!BE75 -> 73990 | M21: =SUM(F21:I21) -> 112060 | N21: 220349012
B23: Egyéb | C23: AP A13608072 | D23: 1673 | E23: 1680 | F23: ='Egyéb pénztárgépek'!AT78 -> 6950 | G23: ='Egyéb pénztárgépek'!AU78 -> 357344 | H23: ='Egyéb pénztárgépek'!AV78 -> 0 | I23: ='Egyéb pénztárgépek'!AW78 -> 34386 | J23: ='Egyéb pénztárgépek'!AX78 -> 22860 | K23: ='Egyéb pénztárgépek'!AY78 -> 286919 | L23: ='Egyéb pénztárgépek'!AZ78 -> 286918 | M23: =SUM(F23:I23) -> 398680 | N23: 265252089
B24: Egyéb | C24: AP A13607772 | D24: 2250 | E24: 2255 | F24: ='Egyéb pénztárgépek'!BJ79 -> 2261 | G24: ='Egyéb pénztárgépek'!BK79 -> 245833 | H24: ='Egyéb pénztárgépek'!BL79 -> 0 | I24: ='Egyéb pénztárgépek'!BM79 -> 22490 | J24: ='Egyéb pénztárgépek'!BN79 -> 28570 | K24: ='Egyéb pénztárgépek'!BO79 -> 242014 | L24: ='Egyéb pénztárgépek'!BP79 -> 242014 | M24: =SUM(F24:I24) -> 270584 | N24: 284799562
B27: Összesen: | F27: =SUM(F3:F24) -> 297236 | G27: =SUM(G3:G24) -> 54977267 | H27: =SUM(H3:H24) -> 439244 | I27: =SUM(I3:I24) -> 7786459 | J27: 1495140 | L27: =SUM(L3:L24) -> 58006481 | M27: =SUM(M3:M24) -> 63500206

Sheet 202601
C2: AP kód | D2: Nyitó zárás | E2: Záró zárás | F2: 0 | G2: 0.05 | H2: 0.18 | I2: 0.27 | J2: kp | K2: bankkártya | L2: bankkártya terminál szerint | M2: Időszak összes | N2: Göngy. forgalom | P2: kp | Q2: bk
B3: Államkincstár | C3: =MÁK!A1 -> AP A13610440 | D3: 1009 | E3: 1029 | F3: =MÁK!C35 -> 17250 | G3: =MÁK!D35 -> 4328426 | H3: =MÁK!E35 -> 0.18 | I3: =MÁK!F35 -> 2825575.3 | J3: =MÁK!G35 -> 459515 | K3: =MÁK!H35 -> 6705640 | L3: =MÁK!I35 -> 6422478 | M3: =SUM(F3:I3) -> 7171251.5 | N3: 219216297 | P3: =J3+#REF! -> #REF! | Q3: =SUM(M3:M3)-P3 -> #REF!
B5: Knorr105 | C5: =Knorr105!A1 -> AP A09111376 | D5: 0428 | E5: 0448 | F5: =Knorr105!C$35 -> 19250 | G5: =Knorr105!D$35 -> 8487866 | H5: =Knorr105!E$35 -> 200 | I5: =Knorr105!F$35 -> 0 | J5: =Knorr105!G$35 -> 7190 | K5: =Knorr105!H$35 -> 8500126 | L5: =Knorr105!I$35 -> 8131173 | M5: =SUM(F5:I5) -> 8507316 | N5: 133610426 | P5: =J5+J6+J7 -> 11415 | Q5: =SUM(M5:M7)-P5 -> 27070459
B6: Knorr105 | C6: =Knorr105!Q1 -> AP A24010154 | D6: 0384 | E6: 0405 | F6: =Knorr105!S$35 -> 57675 | G6: =Knorr105!T$35 -> 11233593 | H6: =Knorr105!U$35 -> 0.18 | I6: =Knorr105!V$35 -> 0.27 | J6: =Knorr105!W$35 -> 4225 | K6: =Knorr105!X$35 -> 11287043 | L6: =Knorr105!Y$35 -> 11287043 | M6: =SUM(F6:I6) -> 11291268 | N6: 164839238
B7: Knorr105 | C7: =Knorr105!AG1 -> AP A13609805 | D7: 1239 | E7: 1259 | F7: =Knorr105!AI$35 -> 33940 | G7: =Knorr105!AJ$35 -> 7249299 | H7: =Knorr105!AK$35 -> 0.18 | I7: =Knorr105!AL$35 -> 50.27 | J7: =Knorr105!AM$35 -> 0 | K7: =Knorr105!AN$35 -> 7283289 | L7: =Knorr105!AO$35 -> 7283289 | M7: =SUM(F7:I7) -> 7283289.5 | N7: 303768867
B8: Knorr105 | C8: AP A09110892 | D8: 0990 | E8: 1010 | F8: =Knorr105!BK35 -> 21581 | G8: =Knorr105!BL35 -> 4229138 | H8: =Knorr105!BM35 -> 380.18 | I8: =Knorr105!BN35 -> 100.27 | J8: =Knorr105!BO35 -> 0 | K8: =Knorr105!BP35 -> 4250747 | L8: =Knorr105!BQ35 -> 4251651 | M8: =SUM(F8:I8) -> 4251199.5 | N8: 170292412
B10: Knorr86 | C10: =Knorr86!A1 -> AP A13607465 | D10: 2274 | E10: 2294 | F10: =Knorr86!C34 -> 26950 | G10: =Knorr86!D34 -> 4767430 | H10: =Knorr86!E34 -> 0.18 | I10: =Knorr86!F34 -> 191365.27 | J10: =Knorr86!G34 -> 29890 | K10: =Knorr86!H34 -> 4955855 | L10: =Knorr86!I34 -> 4955855 | M10: =SUM(F10:I10) -> 4985745.5 | N10: 209742680 | P10: =J10 -> 29890 | Q10: =M10-P10 -> 4955855.5
B12: Knorr69 | C12: =Knorr69!A1 -> AP A09111377 | D12: 527 | E12: 547 | F12: =Knorr69!C34 -> 3850 | G12: =Knorr69!D34 -> 7303830 | H12: =Knorr69!E34 -> 0.18 | I12: =Knorr69!F34 -> 198090.27 | J12: =Knorr69!G34 -> 350 | K12: =Knorr69!H34 -> 7503330 | L12: =Knorr69!I34 -> 7505420 | M12: =SUM(F12:I12) -> 7505770.5 | N12: 134086437 | P12: =J12 -> 350 | Q12: =M12-P12 -> 7505420.5
B14: KTI | C14: =KTI!A1 -> AP A13607773 | D14: 1747 | E14: 1767 | F14: =KTI!C34 -> 6100 | G14: =KTI!D34 -> 3164628 | H14: =KTI!E34 -> 71322.18 | I14: =KTI!F34 -> 346741.27 | J14: =KTI!G34 -> 491910 | K14: =KTI!H34 -> 3095470 | L14: =KTI!I34 -> 2979140 | M14: =SUM(F14:I14) -> 3588791.5 | N14: 206936531 | P14: =J14 -> 491910 | Q14: =M14-P14 -> 3096881.5
B16: Szentkirályi | C16: AP A13611447 | D16: 0041 | E16: 0049 | F16: =Szentkiralyi!C34 -> 4505 | G16: =Szentkiralyi!D34 -> 442943.05 | H16: =Szentkiralyi!E34 -> 360.18 | I16: =Szentkiralyi!F34 -> 59486.27 | J16: =Szentkiralyi!G34 -> 52355 | K16: =Szentkiralyi!H34 -> 454939 | L16: =Szentkiralyi!I34 -> 451932 | M16: =SUM(F16:I16) -> 507294.5 | N16: 4723470
B18: RSR | C18: AP A09111370 | D18: 0573 | E18: 0581 | F18: =RSR!C34 -> 4396 | G18: =RSR!D34 -> 1079710.1 | H18: =RSR!E34 -> 96790.18 | I18: =RSR!F34 -> 2647556.3 | J18: =RSR!G34 -> 864660 | K18: =RSR!H34 -> 1366490 | L18: =RSR!I34 -> 1372103 | M18: =SUM(F18:I18) -> 3828452.5 | N18: 106027201 | P18: =SUM(J18:J19) -> 980585 | Q18: =SUM(M18:M19)-P18 -> 4390505
B19: RSR | C19: AP A13610439 | D19: 0363 | E19: 0367 | F19: =RSR!S34 -> 550 | G19: =RSR!T34 -> 1494187.1 | H19: =RSR!U34 -> 0.18 | I19: =RSR!V34 -> 47900.27 | J19: =RSR!W34 -> 115925 | K19: =RSR!X34 -> 285015 | L19: =RSR!Y34 -> 271983 | M19: =SUM(F19:I19) -> 1542637.5 | N19: 44282612
B21: Egyéb (RSR) | C21: ='Egyéb pénztárgépek'!M1 -> AP A13609679 | D21: 1016 | E21: 1019 | F21: =RSR!AI36 -> 11065 | G21: =RSR!AJ36 -> 589720.05 | H21: =RSR!AK36 -> 0.18 | I21: =RSR!AL36 -> 265500.27 | J21: =RSR!AM36 -> 343775 | K21: =RSR!AN36 -> 522510 | L21: =RSR!AO36 -> 522510 | M21: =SUM(F21:I21) -> 866285.5 | N21: 273645334
B22: Egyéb (RSR) | C22: ='Egyéb pénztárgépek'!AC1 -> AP A09109974 | D22: 1447 | E22: 1447 | F22: ='Egyéb pénztárgépek'!AD36 -> 0 | G22: ='Egyéb pénztárgépek'!AE36 -> 0 | H22: ='Egyéb pénztárgépek'!AF36 -> 0 | I22: ='Egyéb pénztárgépek'!AG36 -> 0 | J22: ='Egyéb pénztárgépek'!AH36 -> 0 | K22: ='Egyéb pénztárgépek'!AI36 -> 0 | L22: ='Egyéb pénztárgépek'!AJ36 -> 0 | M22: =SUM(F22:I22) -> 0 | N22: 220236952
B23: Egyéb | C23: AP A13608072 | D23: 1666 | E23: 1672 | F23: ='Egyéb pénztárgépek'!AT37 -> 4075 | G23: ='Egyéb pénztárgépek'!AU37 -> 428902 | H23: ='Egyéb pénztárgépek'!AV37 -> 15638 | I23: ='Egyéb pénztárgépek'!AW37 -> 18208 | J23: ='Egyéb pénztárgépek'!AX37 -> 28930 | K23: ='Egyéb pénztárgépek'!AY37 -> 360622 | L23: ='Egyéb pénztárgépek'!AZ37 -> 437893 | M23: =SUM(F23:I23) -> 466823 | N23: 264853409
B24: Egyéb | C24: AP A13607772 | D24: 2243 | E24: 2249 | F24: ='Egyéb pénztárgépek'!BJ36 -> 3850 | G24: ='Egyéb pénztárgépek'!BK36 -> 400331 | H24: ='Egyéb pénztárgépek'!BL36 -> 0 | I24: ='Egyéb pénztárgépek'!BM36 -> 45403 | J24: ='Egyéb pénztárgépek'!BN36 -> 26565 | K24: ='Egyéb pénztárgépek'!BO36 -> 423016 | L24: ='Egyéb pénztárgépek'!BP36 -> 334776 | M24: =SUM(F24:I24) -> 449584 | N24: 284528978
B27: Összesen: | F27: =SUM(F3:F24) -> 215037 | G27: =SUM(G3:G24) -> 55200003 | H27: =SUM(H3:H25) -> 184691.98 | I27: =SUM(I3:I26) -> 6645977 | J27: =SUM(J3:J26) -> 2425290 | L27: =SUM(L3:L24) -> 56207246 | M27: =SUM(M3:M24) -> 62245709

Sheet MÁK
A1: AP A13610440 | B1: Novohost | C1: 0 | D1: 0.05 | E1: 0.18 | F1: 0.27 | G1: készpénz | H1: kártya | I1: terminál sz. bankkártya | J1: zárás sorszám | K1: göngyölt e. | L1: időszaki össz: | M1: EUR | N1: jegyzőkönyv | P1: Novohost
A2: Január | P2: ='[1]2026 január'!B1 -> Novohost | Q2: ='[1]2026 január'!G1 -> Tartalék kiadás | R2: ='[1]2026 január'!W1 -> Kivét | S2: Eredmény | V2: ='[1]2026 január'!S1 -> Pénztár nyitó | W2: ='[1]2026 január'!T1 -> novo kp bevétel | X2: ='[1]2026 január'!U1 -> Egyéb bevétel | Y2: ='[1]2026 január'!V1 -> Költött | Z2: ='[1]2026 január'!W1 -> Kivét | AA2: ='[1]2026 január'!X1 -> Eltérés | AB2: ='[1]2026 január'!Y1 -> Záró | AC2: ='[1]2026 január'!Z1 -> Megjegyzések | ... AG2: ='[1]2026 január'!AD1 -> 0
A3: 46023 | P3: =IF('[1]2026 január'!B$2=0, "", '[1]2026 január'!B$2 ) | Q3: =IF(OR('[1]2026 január'!G2=0, ISBLANK('[1]2026 január'!G2)), "", '[1]2026 január'!G2 ) | R3: ='[1]2026 január'!W2 -> 0 | S3: =P3-Q3-R3-G3-H3 -> #VALUE! | V3: =IF('[1]2026 január'!S2=0, "", '[1]2026 január'!S2 ) | W3: =IF('[1]2026 január'!T2=0, "", '[1]2026 január'!T2 ) | X3: =IF('[1]2026 január'!U2=0, "", '[1]2026 január'!U2 ) | Y3: =IF('[1]2026 január'!V2=0, "", '[1]2026 január'!V2 ) | Z3: =IF('[1]2026 január'!W2=0, "", '[1]2026 január'!W2 ) | AA3: =IF('[1]2026 január'!X2=0, "", '[1]2026 január'!X2 ) | AB3: =IF('[1]2026 január'!Y2=0, "", '[1]2026 január'!Y2 ) | AC3: =IF('[1]2026 január'!Z2=0, "", '[1]2026 január'!Z2 ) | AD3: =IF('[1]2026 január'!AA2=0, "", '[1]2026 január'!AA2 ) | AE3: =IF('[1]2026 január'!AB$2=0, "", '[1]2026 január'!AB$2 ) | AF3: =IF('[1]2026 január'!AC$2=0, "", '[1]2026 január'!AC$2 ) | AG3: =IF('[1]2026 január'!AD$2=0, "", '[1]2026 január'!AD$2 ) | AH3: =IF('[1]2026 január'!AE2=0, "", '[1]2026 január'!AE2 ) | AI3: =IF('[1]2026 január'!AF2=0, "", '[1]2026 január'!AF2 ) | AJ3: =IF('[1]2026 január'!AG2=0, "", '[1]2026 január'!AG2 ) | AK3: =IF('[1]2026 január'!AH2=0, "", '[1]2026 január'!AH2 )
A4: 46024 | P4: =IF('[1]2026 január'!B$3=0, "", '[1]2026 január'!B$3 ) | Q4: =IF(OR('[1]2026 január'!G3=0, ISBLANK('[1]2026 január'!G3)), "", '[1]2026 január'!G3 ) | R4: ='[1]2026 január'!W3 -> 0 | V4: =IF('[1]2026 január'!S3=0, "", '[1]2026 január'!S3 ) | W4: =IF('[1]2026 január'!T3=0, "", '[1]2026 január'!T3 ) | X4: =IF('[1]2026 január'!U3=0, "", '[1]2026 január'!U3 ) | Y4: =IF('[1]2026 január'!V3=0, "", '[1]2026 január'!V3 ) | Z4: =IF('[1]2026 január'!W3=0, "", '[1]2026 január'!W3 ) | AA4: =IF('[1]2026 január'!X3=0, "", '[1]2026 január'!X3 ) | AB4: =IF('[1]2026 január'!Y3=0, "", '[1]2026 január'!Y3 ) | AC4: =IF('[1]2026 január'!Z3=0, "", '[1]2026 január'!Z3 ) | AD4: =IF('[1]2026 január'!AA3=0, "", '[1]2026 január'!AA3 ) | AE4: =IF('[1]2026 január'!AB$3=0, "", '[1]2026 január'!AB$3 ) | AF4: =IF('[1]2026 január'!AC$3=0, "", '[1]2026 január'!AC$3 ) | AG4: =IF('[1]2026 január'!AD$3=0, "", '[1]2026 január'!AD$3 ) | AH4: =IF('[1]2026 január'!AE3=0, "", '[1]2026 január'!AE3 ) | AI4: =IF('[1]2026 január'!AF3=0, "", '[1]2026 január'!AF3 ) | AJ4: =IF('[1]2026 január'!AG3=0, "", '[1]2026 január'!AG3 ) | AK4: =IF('[1]2026 január'!AH3=0, "", '[1]2026 január'!AH3 )
A5: 46025 | P5: =IF('[1]2026 január'!B$4=0, "", '[1]2026 január'!B$4 ) | Q5: =IF(OR('[1]2026 január'!G4=0, ISBLANK('[1]2026 január'!G4)), "", '[1]2026 január'!G4 ) | R5: ='[1]2026 január'!W4 -> 0 | V5: =IF('[1]2026 január'!S4=0, "", '[1]2026 január'!S4 ) | W5: =IF('[1]2026 január'!T4=0, "", '[1]2026 január'!T4 ) | X5: =IF('[1]2026 január'!U4=0, "", '[1]2026 január'!U4 ) | Y5: =IF('[1]2026 január'!V4=0, "", '[1]2026 január'!V4 ) | Z5: =IF('[1]2026 január'!W4=0, "", '[1]2026 január'!W4 ) | AA5: =IF('[1]2026 január'!X4=0, "", '[1]2026 január'!X4 ) | AB5: =IF('[1]2026 január'!Y4=0, "", '[1]2026 január'!Y4 ) | AC5: =IF('[1]2026 január'!Z4=0, "", '[1]2026 január'!Z4 ) | AD5: =IF('[1]2026 január'!AA4=0, "", '[1]2026 január'!AA4 ) | AE5: =IF('[1]2026 január'!AB$4=0, "", '[1]2026 január'!AB$4 ) | AF5: =IF('[1]2026 január'!AC$4=0, "", '[1]2026 január'!AC$4 ) | AG5: =IF('[1]2026 január'!AD$4=0, "", '[1]2026 január'!AD$4 ) | AH5: =IF('[1]2026 január'!AE4=0, "", '[1]2026 január'!AE4 ) | AI5: =IF('[1]2026 január'!AF4=0, "", '[1]2026 január'!AF4 ) | AJ5: =IF('[1]2026 január'!AG4=0, "", '[1]2026 január'!AG4 ) | AK5: =IF('[1]2026 január'!AH4=0, "", '[1]2026 január'!AH4 )
A6: 46026
A7: 46027 | C7: 1150 | D7: 164389 | F7: 177841 | G7: 33775 | H7: 309605 | I7: 314305 | J7: 1009 | K7: 212688426 | P7: =IF('[1]2026 január'!B$5=0, "", '[1]2026 január'!B$5 ) | Q7: =IF(OR('[1]2026 január'!G5=0, ISBLANK('[1]2026 január'!G5)), "", '[1]2026 január'!G5 ) | R7: ='[1]2026 január'!W5 -> 0 | V7: =IF('[1]2026 január'!S5=0, "", '[1]2026 január'!S5 ) | W7: =IF('[1]2026 január'!T5=0, "", '[1]2026 január'!T5 ) | X7: =IF('[1]2026 január'!U5=0, "", '[1]2026 január'!U5 ) | Y7: =IF('[1]2026 január'!V5=0, "", '[1]2026 január'!V5 ) | Z7: =IF('[1]2026 január'!W5=0, "", '[1]2026 január'!W5 ) | AA7: =IF('[1]2026 január'!X5=0, "", '[1]2026 január'!X5 ) | AB7: =IF('[1]2026 január'!Y5=0, "", '[1]2026 január'!Y5 ) | AC7: =IF('[1]2026 január'!Z5=0, "", '[1]2026 január'!Z5 ) | AD7: =IF('[1]2026 január'!AA5=0, "", '[1]2026 január'!AA5 ) | AE7: =IF('[1]2026 január'!AB$5=0, "", '[1]2026 január'!AB$5 ) | AF7: =IF('[1]2026 január'!AC$5=0, "", '[1]2026 január'!AC$5 ) | AG7: =IF('[1]2026 január'!AD$5=0, "", '[1]2026 január'!AD$5 ) | AH7: =IF('[1]2026 január'!AE5=0, "", '[1]2026 január'!AE5 ) | AI7: =IF('[1]2026 január'!AF5=0, "", '[1]2026 január'!AF5 ) | AJ7: =IF('[1]2026 január'!AG5=0, "", '[1]2026 január'!AG5 ) | AK7: =IF('[1]2026 január'!AH5=0, "", '[1]2026 január'!AH5 )
A8: 46027 | B8: 366030 | F8: 4700 | H8: 4700 | J8: 1010 | K8: 212693126 | P8: =IF('[1]2026 január'!B$6=0, "", '[1]2026 január'!B$6 ) -> 348080 | Q8: =IF(OR('[1]2026 január'!G6=0, ISBLANK('[1]2026 január'!G6)), "", '[1]2026 január'!G6 ) | R8: ='[1]2026 január'!W6 -> 0 | V8: =IF('[1]2026 január'!S6=0, "", '[1]2026 január'!S6 ) -> 119577 | W8: =IF('[1]2026 január'!T6=0, "", '[1]2026 január'!T6 ) -> 33775 | X8: =IF('[1]2026 január'!U6=0, "", '[1]2026 január'!U6 ) | Y8: =IF('[1]2026 január'!V6=0, "", '[1]2026 január'!V6 ) | Z8: =IF('[1]2026 január'!W6=0, "", '[1]2026 január'!W6 ) | AA8: =IF('[1]2026 január'!X6=0, "", '[1]2026 január'!X6 ) | AB8: =IF('[1]2026 január'!Y6=0, "", '[1]2026 január'!Y6 ) -> 153352 | AC8: =IF('[1]2026 január'!Z6=0, "", '[1]2026 január'!Z6 ) | AD8: =IF('[1]2026 január'!AA6=0, "", '[1]2026 január'!AA6 ) | AE8: =IF('[1]2026 január'!AB$6=0, "", '[1]2026 január'!AB$6 ) | AF8: =IF('[1]2026 január'!AC$6=0, "", '[1]2026 január'!AC$6 ) | AG8: =IF('[1]2026 január'!AD$6=0, "", '[1]2026 január'!AD$6 ) | AH8: =IF('[1]2026 január'!AE6=0, "", '[1]2026 január'!AE6 ) | AI8: =IF('[1]2026 január'!AF6=0, "", '[1]2026 január'!AF6 ) | AJ8: =IF('[1]2026 január'!AG6=0, "", '[1]2026 január'!AG6 ) | AK8: =IF('[1]2026 január'!AH6=0, "", '[1]2026 január'!AH6 )
A9: 46028 | B9: 412300 | C9: 750 | D9: 242410 | F9: 199650 | G9: 16720 | H9: 426090 | I9: 426090 | J9: 1011 | K9: 213135936 | P9: =IF('[1]2026 január'!B$7=0, "", '[1]2026 január'!B$7 ) -> 402810 | Q9: =IF(OR('[1]2026 január'!G7=0, ISBLANK('[1]2026 január'!G7)), "", '[1]2026 január'!G7 ) | R9: ='[1]2026 január'!W7 -> 0 | V9: =IF('[1]2026 január'!S7=0, "", '[1]2026 január'!S7 ) -> 153352 | W9: =IF('[1]2026 január'!T7=0, "", '[1]2026 január'!T7 ) -> -23280 | X9: =IF('[1]2026 január'!U7=0, "", '[1]2026 január'!U7 ) -> 44985 | Y9: =IF('[1]2026 január'!V7=0, "", '[1]2026 január'!V7 ) -> 3600 | Z9: =IF('[1]2026 január'!W7=0, "", '[1]2026 január'!W7 ) | AA9: =IF('[1]2026 január'!X7=0, "", '[1]2026 január'!X7 ) | AB9: =IF('[1]2026 január'!Y7=0, "", '[1]2026 január'!Y7 ) -> 171457 | AC9: =IF('[1]2026 január'!Z7=0, "", '[1]2026 január'!Z7 ) | AD9: =IF('[1]2026 január'!AA7=0, "", '[1]2026 január'!AA7 ) -> Vásárlás | AE9: =IF('[1]2026 január'!AB$7=0, "", '[1]2026 január'!AB$7 ) -> Vip töltés | AF9: =IF('[1]2026 január'!AC$7=0, "", '[1]2026 január'!AC$7 ) | AG9: =IF('[1]2026 január'!AD$7=0, "", '[1]2026 január'!AD$7 ) | AH9: =IF('[1]2026 január'!AE7=0, "", '[1]2026 január'!AE7 ) | AI9: =IF('[1]2026 január'!AF7=0, "", '[1]2026 január'!AF7 ) | AJ9: =IF('[1]2026 január'!AG7=0, "", '[1]2026 január'!AG7 ) | AK9: =IF('[1]2026 január'!AH7=0, "", '[1]2026 január'!AH7 )
A10: 46029 | B10: 423525 | C10: 850 | D10: 247930 | F10: 161945 | G10: 20510 | H10: 390215 | I10: 390215 | J10: 1012 | K10: 213546661 | P10: =IF('[1]2026 január'!B$8=0, "", '[1]2026 január'!B$8 ) -> 410725 | Q10: =IF(OR('[1]2026 január'!G8=0, ISBLANK('[1]2026 január'!G8)), "", '[1]2026 január'!G8 ) | R10: ='[1]2026 január'!W8 -> 7190 | V10: =IF('[1]2026 január'!S8=0, "", '[1]2026 január'!S8 ) -> 171457 | W10: =IF('[1]2026 január'!T8=0, "", '[1]2026 január'!T8 ) -> 20510 | X10: =IF('[1]2026 január'!U8=0, "", '[1]2026 január'!U8 ) | Y10: =IF('[1]2026 január'!V8=0, "", '[1]2026 január'!V8 ) | Z10: =IF('[1]2026 január'!W8=0, "", '[1]2026 január'!W8 ) -> 7190 | AA10: =IF('[1]2026 január'!X8=0, "", '[1]2026 január'!X8 ) | AB10: =IF('[1]2026 január'!Y8=0, "", '[1]2026 január'!Y8 ) -> 184777 | AC10: =IF('[1]2026 január'!Z8=0, "", '[1]2026 január'!Z8 ) | AD10: =IF('[1]2026 január'!AA8=0, "", '[1]2026 január'!AA8 ) -> Matrica | AE10: =IF('[1]2026 január'!AB$8=0, "", '[1]2026 január'!AB$8 ) | AF10: =IF('[1]2026 január'!AC$8=0, "", '[1]2026 január'!AC$8 ) | AG10: =IF('[1]2026 január'!AD$8=0, "", '[1]2026 január'!AD$8 ) | AH10: =IF('[1]2026 január'!AE8=0, "", '[1]2026 január'!AE8 ) | AI10: =IF('[1]2026 január'!AF8=0, "", '[1]2026 január'!AF8 ) | AJ10: =IF('[1]2026 január'!AG8=0, "", '[1]2026 január'!AG8 ) | AK10: =IF('[1]2026 január'!AH8=0, "", '[1]2026 január'!AH8 )
A11: 46030 | B11: 459800 | C11: 1150 | D11: 275605 | F11: 196505 | G11: 28825 | H11: 444435 | I11: 444435 | J11: 1013 | K11: 214019921 | P11: =IF('[1]2026 január'!B$9=0, "", '[1]2026 január'!B$9 ) -> 443260 | Q11: =IF(OR('[1]2026 január'!G9=0, ISBLANK('[1]2026 január'!G9)), "", '[1]2026 január'!G9 ) | R11: ='[1]2026 január'!W9 -> 0 | V11: =IF('[1]2026 január'!S9=0, "", '[1]2026 január'!S9 ) -> 184777 | W11: =IF('[1]2026 január'!T9=0, "", '[1]2026 január'!T9 ) -> -1175 | X11: =IF('[1]2026 január'!U9=0, "", '[1]2026 január'!U9 ) | Y11: =IF('[1]2026 január'!V9=0, "", '[1]2026 január'!V9 ) -> 22997 | Z11: =IF('[1]2026 január'!W9=0, "", '[1]2026 január'!W9 ) | AA11: =IF('[1]2026 január'!X9=0, "", '[1]2026 január'!X9 ) | AB11: =IF('[1]2026 január'!Y9=0, "", '[1]2026 január'!Y9 ) -> 160605 | AC11: =IF('[1]2026 január'!Z9=0, "", '[1]2026 január'!Z9 ) | AD11: =IF('[1]2026 január'!AA9=0, "", '[1]2026 január'!AA9 ) -> Media Markt | AE11: =IF('[1]2026 január'!AB$9=0, "", '[1]2026 január'!AB$9 ) | AF11: =IF('[1]2026 január'!AC$9=0, "", '[1]2026 január'!AC$9 ) | AG11: =IF('[1]2026 január'!AD$9=0, "", '[1]2026 január'!AD$9 ) | AH11: =IF('[1]2026 január'!AE9=0, "", '[1]2026 január'!AE9 ) | AI11: =IF('[1]2026 január'!AF9=0, "", '[1]2026 január'!AF9 ) | AJ11: =IF('[1]2026 január'!AG9=0, "", '[1]2026 január'!AG9 ) | AK11: =IF('[1]2026 január'!AH9=0, "", '[1]2026 január'!AH9 )
A12: 46031 | B12: 377780 | C12: 700 | D12: 301850 | F12: 108675 | G12: 12365 | H12: 398860 | I12: 398860 | J12: 1014 | K12: 214431146 | P12: =IF('[1]2026 január'!B$10=0, "", '[1]2026 január'!B$10 ) -> 361225 | Q12: =IF(OR('[1]2026 január'!G10=0, ISBLANK('[1]2026 január'!G10)), "", '[1]2026 január'!G10 ) | R12: ='[1]2026 január'!W10 -> 0 | V12: =IF('[1]2026 január'!S10=0, "", '[1]2026 január'!S10 ) -> 160605 | W12: =IF('[1]2026 január'!T10=0, "", '[1]2026 január'!T10 ) -> -37735 | X12: =IF('[1]2026 január'!U10=0, "", '[1]2026 január'!U10 ) -> 104000 | Y12: =IF('[1]2026 január'!V10=0, "", '[1]2026 január'!V10 ) -> 79850 | Z12: =IF('[1]2026 január'!W10=0, "", '[1]2026 január'!W10 ) | AA12: =IF('[1]2026 január'!X10=0, "", '[1]2026 január'!X10 ) | AB12: =IF('[1]2026 január'!Y10=0, "", '[1]2026 január'!Y10 ) -> 147020 | AC12: =IF('[1]2026 január'!Z10=0, "", '[1]2026 január'!Z10 ) | AD12: =IF('[1]2026 január'!AA10=0, "", '[1]2026 január'!AA10 ) -> Vásárlás, Vip töltés, Melinda, Parkolás | AE12: =IF('[1]2026 január'!AB$10=0, "", '[1]2026 január'!AB$10 ) | AF12: =IF('[1]2026 január'!AC$10=0, "", '[1]2026 január'!AC$10 ) | AG12: =IF('[1]2026 január'!AD$10=0, "", '[1]2026 január'!AD$10 ) | AH12: =IF('[1]2026 január'!AE10=0, "", '[1]2026 január'!AE10 ) | AI12: =IF('[1]2026 január'!AF10=0, "", '[1]2026 január'!AF10 ) | AJ12: =IF('[1]2026 január'!AG10=0, "", '[1]2026 január'!AG10 ) | AK12: =IF('[1]2026 január'!AH10=0, "", '[1]2026 január'!AH10 )
A13: 46032 | P13: =IF('[1]2026 január'!B$11=0, "", '[1]2026 január'!B$11 ) | Q13: =IF(OR('[1]2026 január'!G11=0, ISBLANK('[1]2026 január'!G11)), "", '[1]2026 január'!G11 ) | R13: ='[1]2026 január'!W11 -> 0 | V13: =IF('[1]2026 január'!S11=0, "", '[1]2026 január'!S11 ) -> 147020 | W13: =IF('[1]2026 január'!T11=0, "", '[1]2026 január'!T11 ) | X13: =IF('[1]2026 január'!U11=0, "", '[1]2026 január'!U11 ) | Y13: =IF('[1]2026 január'!V11=0, "", '[1]2026 január'!V11 ) | Z13: =IF('[1]2026 január'!W11=0, "", '[1]2026 január'!W11 ) | AA13: =IF('[1]2026 január'!X11=0, "", '[1]2026 január'!X11 ) | AB13: =IF('[1]2026 január'!Y11=0, "", '[1]2026 január'!Y11 ) -> 147020 | AC13: =IF('[1]2026 január'!Z11=0, "", '[1]2026 január'!Z11 ) | AD13: =IF('[1]2026 január'!AA11=0, "", '[1]2026 január'!AA11 ) | AE13: =IF('[1]2026 január'!AB$11=0, "", '[1]2026 január'!AB$11 ) | AF13: =IF('[1]2026 január'!AC$11=0, "", '[1]2026 január'!AC$11 ) | AG13: =IF('[1]2026 január'!AD$11=0, "", '[1]2026 január'!AD$11 ) | AH13: =IF('[1]2026 január'!AE11=0, "", '[1]2026 január'!AE11 ) | AI13: =IF('[1]2026 január'!AF11=0, "", '[1]2026 január'!AF11 ) | AJ13: =IF('[1]2026 január'!AG11=0, "", '[1]2026 január'!AG11 ) | AK13: =IF('[1]2026 január'!AH11=0, "", '[1]2026 január'!AH11 )
A14: 46033 | P14: =IF('[1]2026 január'!B$12=0, "", '[1]2026 január'!B$12 ) | Q14: =IF(OR('[1]2026 január'!G12=0, ISBLANK('[1]2026 január'!G12)), "", '[1]2026 január'!G12 ) | R14: ='[1]2026 január'!W12 -> 0 | V14: =IF('[1]2026 január'!S12=0, "", '[1]2026 január'!S12 ) -> 147020 | W14: =IF('[1]2026 január'!T12=0, "", '[1]2026 január'!T12 ) | X14: =IF('[1]2026 január'!U12=0, "", '[1]2026 január'!U12 ) | Y14: =IF('[1]2026 január'!V12=0, "", '[1]2026 január'!V12 ) | Z14: =IF('[1]2026 január'!W12=0, "", '[1]2026 január'!W12 ) | AA14: =IF('[1]2026 január'!X12=0, "", '[1]2026 január'!X12 ) | AB14: =IF('[1]2026 január'!Y12=0, "", '[1]2026 január'!Y12 ) -> 147020 | AC14: =IF('[1]2026 január'!Z12=0, "", '[1]2026 január'!Z12 ) | AD14: =IF('[1]2026 január'!AA12=0, "", '[1]2026 január'!AA12 ) | AE14: =IF('[1]2026 január'!AB$12=0, "", '[1]2026 január'!AB$12 ) | AF14: =IF('[1]2026 január'!AC$12=0, "", '[1]2026 január'!AC$12 ) | AG14: =IF('[1]2026 január'!AD$12=0, "", '[1]2026 január'!AD$12 ) | AH14: =IF('[1]2026 január'!AE12=0, "", '[1]2026 január'!AE12 ) | AI14: =IF('[1]2026 január'!AF12=0, "", '[1]2026 január'!AF12 ) | AJ14: =IF('[1]2026 január'!AG12=0, "", '[1]2026 január'!AG12 ) | AK14: =IF('[1]2026 január'!AH12=0, "", '[1]2026 január'!AH12 )
A15: 46034 | B15: 359915 | C15: 1000 | D15: 203450 | F15: 148695 | G15: 18725 | H15: 332630 | I15: 332630 | J15: 1015 | K15: 214784291 | M15: 1790 | N15: van | P15: =IF('[1]2026 január'!B$13=0, "", '[1]2026 január'!B$13 ) -> 351355 | Q15: =IF(OR('[1]2026 január'!G13=0, ISBLANK('[1]2026 január'!G13)), "", '[1]2026 január'!G13 ) | R15: ='[1]2026 január'!W13 -> 0 | V15: =IF('[1]2026 január'!S13=0, "", '[1]2026 január'!S13 ) -> 147020 | W15: =IF('[1]2026 január'!T13=0, "", '[1]2026 január'!T13 ) -> 18725 | X15: =IF('[1]2026 január'!U13=0, "", '[1]2026 január'!U13 ) | Y15: =IF('[1]2026 január'!V13=0, "", '[1]2026 január'!V13 ) | Z15: =IF('[1]2026 január'!W13=0, "", '[1]2026 január'!W13 ) | AA15: =IF('[1]2026 január'!X13=0, "", '[1]2026 január'!X13 ) | AB15: =IF('[1]2026 január'!Y13=0, "", '[1]2026 január'!Y13 ) -> 165745 | AC15: =IF('[1]2026 január'!Z13=0, "", '[1]2026 január'!Z13 ) | AD15: =IF('[1]2026 január'!AA13=0, "", '[1]2026 január'!AA13 ) | AE15: =IF('[1]2026 január'!AB$13=0, "", '[1]2026 január'!AB$13 ) | AF15: =IF('[1]2026 január'!AC$13=0, "", '[1]2026 január'!AC$13 ) | AG15: =IF('[1]2026 január'!AD$13=0, "", '[1]2026 január'!AD$13 ) | AH15: =IF('[1]2026 január'!AE13=0, "", '[1]2026 január'!AE13 ) | AI15: =IF('[1]2026 január'!AF13=0, "", '[1]2026 január'!AF13 ) | AJ15: =IF('[1]2026 január'!AG13=0, "", '[1]2026 január'!AG13 ) | AK15: =IF('[1]2026 január'!AH13=0, "", '[1]2026 január'!AH13 )
A16: 46035 | B16: 479540 | C16: 950 | D16: 312260 | F16: 153045 | G16: 23625 | H16: 442630 | I16: 442630 | J16: 1016 | K16: 215250546 | P16: =IF('[1]2026 január'!B$14=0, "", '[1]2026 január'!B$14 ) -> 466255 | Q16: =IF(OR('[1]2026 január'!G14=0, ISBLANK('[1]2026 január'!G14)), "", '[1]2026 január'!G14 ) | R16: ='[1]2026 január'!W14 -> 0 | V16: =IF('[1]2026 január'!S14=0, "", '[1]2026 január'!S14 ) -> 165745 | W16: =IF('[1]2026 január'!T14=0, "", '[1]2026 január'!T14 ) -> 23625 | X16: =IF('[1]2026 január'!U14=0, "", '[1]2026 január'!U14 ) | Y16: =IF('[1]2026 január'!V14=0, "", '[1]2026 január'!V14 ) | Z16: =IF('[1]2026 január'!W14=0, "", '[1]2026 január'!W14 ) | AA16: =IF('[1]2026 január'!X14=0, "", '[1]2026 január'!X14 ) | AB16: =IF('[1]2026 január'!Y14=0, "", '[1]2026 január'!Y14 ) -> 189370 | AC16: =IF('[1]2026 január'!Z14=0, "", '[1]2026 január'!Z14 ) | AD16: =IF('[1]2026 január'!AA14=0, "", '[1]2026 január'!AA14 ) | AE16: =IF('[1]2026 január'!AB$14=0, "", '[1]2026 január'!AB$14 ) | AF16: =IF('[1]2026 január'!AC$14=0, "", '[1]2026 január'!AC$14 ) | AG16: =IF('[1]2026 január'!AD$14=0, "", '[1]2026 január'!AD$14 ) | AH16: =IF('[1]2026 január'!AE14=0, "", '[1]2026 január'!AE14 ) | AI16: =IF('[1]2026 január'!AF14=0, "", '[1]2026 január'!AF14 ) | AJ16: =IF('[1]2026 január'!AG14=0, "", '[1]2026 január'!AG14 ) | AK16: =IF('[1]2026 január'!AH14=0, "", '[1]2026 január'!AH14 )
A17: 46036 | B17: 363510 | C17: 700 | D17: 240091 | F17: 110000 | G17: 20045 | H17: 330745 | I17: 371745 | J17: 1017 | K17: 215601337 | N17: ÁFA-s számla | P17: =IF('[1]2026 január'!B$15=0, "", '[1]2026 január'!B$15 ) -> 350790 | Q17: =IF(OR('[1]2026 január'!G15=0, ISBLANK('[1]2026 január'!G15)), "", '[1]2026 január'!G15 ) | R17: ='[1]2026 január'!W15 -> 0 | V17: =IF('[1]2026 január'!S15=0, "", '[1]2026 január'!S15 ) -> 189370 | W17: =IF('[1]2026 január'!T15=0, "", '[1]2026 január'!T15 ) -> -20955 | X17: =IF('[1]2026 január'!U15=0, "", '[1]2026 január'!U15 ) -> 41000 | Y17: =IF('[1]2026 január'!V15=0, "", '[1]2026 január'!V15 ) -> 63000 | Z17: =IF('[1]2026 január'!W15=0, "", '[1]2026 január'!W15 ) | AA17: =IF('[1]2026 január'!X15=0, "", '[1]2026 január'!X15 ) | AB17: =IF('[1]2026 január'!Y15=0, "", '[1]2026 január'!Y15 ) -> 146415 | AC17: =IF('[1]2026 január'!Z15=0, "", '[1]2026 január'!Z15 ) | AD17: =IF('[1]2026 január'!AA15=0, "", '[1]2026 január'!AA15 ) -> Márk, Vip töltés | AE17: =IF('[1]2026 január'!AB$15=0, "", '[1]2026 január'!AB$15 ) | AF17: =IF('[1]2026 január'!AC$15=0, "", '[1]2026 január'!AC$15 ) | AG17: =IF('[1]2026 január'!AD$15=0, "", '[1]2026 január'!AD$15 ) | AH17: =IF('[1]2026 január'!AE15=0, "", '[1]2026 január'!AE15 ) | AI17: =IF('[1]2026 január'!AF15=0, "", '[1]2026 január'!AF15 ) | AJ17: =IF('[1]2026 január'!AG15=0, "", '[1]2026 január'!AG15 ) | AK17: =IF('[1]2026 január'!AH15=0, "", '[1]2026 január'!AH15 )
A18: 46037 | B18: 335270 | C18: 800 | D18: 245235 | F18: 107715 | G18: 27940 | H18: 325810 | I18: 325810 | J18: 1018 | K18: 215955087 | P18: =IF('[1]2026 január'!B$16=0, "", '[1]2026 január'!B$16 ) -> 323750 | Q18: =IF(OR('[1]2026 január'!G16=0, ISBLANK('[1]2026 január'!G16)), "", '[1]2026 január'!G16 ) | R18: ='[1]2026 január'!W16 -> 0 | V18: =IF('[1]2026 január'!S16=0, "", '[1]2026 január'!S16 ) -> 146415 | W18: =IF('[1]2026 január'!T16=0, "", '[1]2026 január'!T16 ) -> -2060 | X18: =IF('[1]2026 január'!U16=0, "", '[1]2026 január'!U16 ) -> 30000 | Y18: =IF('[1]2026 január'!V16=0, "", '[1]2026 január'!V16 ) | Z18: =IF('[1]2026 január'!W16=0, "", '[1]2026 január'!W16 ) | AA18: =IF('[1]2026 január'!X16=0, "", '[1]2026 január'!X16 ) | AB18: =IF('[1]2026 január'!Y16=0, "", '[1]2026 január'!Y16 ) -> 174355 | AC18: =IF('[1]2026 január'!Z16=0, "", '[1]2026 január'!Z16 ) | AD18: =IF('[1]2026 január'!AA16=0, "", '[1]2026 január'!AA16 ) -> Vip töltés | AE18: =IF('[1]2026 január'!AB$16=0, "", '[1]2026 január'!AB$16 ) | AF18: =IF('[1]2026 január'!AC$16=0, "", '[1]2026 január'!AC$16 ) | AG18: =IF('[1]2026 január'!AD$16=0, "", '[1]2026 január'!AD$16 ) | AH18: =IF('[1]2026 január'!AE16=0, "", '[1]2026 január'!AE16 ) | AI18: =IF('[1]2026 január'!AF16=0, "", '[1]2026 január'!AF16 ) | AJ18: =IF('[1]2026 január'!AG16=0, "", '[1]2026 január'!AG16 ) | AK18: =IF('[1]2026 január'!AH16=0, "", '[1]2026 január'!AH16 )
A19: 46038 | B19: 284595 | C19: 550 | D19: 160155 | F19: 120070 | G19: 24505 | H19: 256270 | I19: 256270 | J19: 1019 | K19: 216235862 | P19: =IF('[1]2026 január'!B$17=0, "", '[1]2026 január'!B$17 ) -> 280775 | Q19: =IF(OR('[1]2026 január'!G17=0, ISBLANK('[1]2026 január'!G17)), "", '[1]2026 január'!G17 ) | R19: ='[1]2026 január'!W17 -> 0 | V19: =IF('[1]2026 január'!S17=0, "", '[1]2026 január'!S17 ) -> 174355 | W19: =IF('[1]2026 január'!T17=0, "", '[1]2026 január'!T17 ) -> 24505 | X19: =IF('[1]2026 január'!U17=0, "", '[1]2026 január'!U17 ) | Y19: =IF('[1]2026 január'!V17=0, "", '[1]2026 január'!V17 ) -> 99015 | Z19: =IF('[1]2026 január'!W17=0, "", '[1]2026 január'!W17 ) | AA19: =IF('[1]2026 január'!X17=0, "", '[1]2026 január'!X17 ) | AB19: =IF('[1]2026 január'!Y17=0, "", '[1]2026 január'!Y17 ) -> 99845 | AC19: =IF('[1]2026 január'!Z17=0, "", '[1]2026 január'!Z17 ) | AD19: =IF('[1]2026 január'!AA17=0, "", '[1]2026 január'!AA17 ) -> Melinda | AE19: =IF('[1]2026 január'!AB$17=0, "", '[1]2026 január'!AB$17 ) | AF19: =IF('[1]2026 január'!AC$17=0, "", '[1]2026 január'!AC$17 ) | AG19: =IF('[1]2026 január'!AD$17=0, "", '[1]2026 január'!AD$17 ) | AH19: =IF('[1]2026 január'!AE17=0, "", '[1]2026 január'!AE17 ) | AI19: =IF('[1]2026 január'!AF17=0, "", '[1]2026 január'!AF17 ) | AJ19: =IF('[1]2026 január'!AG17=0, "", '[1]2026 január'!AG17 ) | AK19: =IF('[1]2026 január'!AH17=0, "", '[1]2026 január'!AH17 )
A20: 46039 | P20: =IF('[1]2026 január'!B$18=0, "", '[1]2026 január'!B$18 ) | Q20: =IF(OR('[1]2026 január'!G18=0, ISBLANK('[1]2026 január'!G18)), "", '[1]2026 január'!G18 ) | R20: ='[1]2026 január'!W18 -> 0 | V20: =IF('[1]2026 január'!S18=0, "", '[1]2026 január'!S18 ) -> 99845 | W20: =IF('[1]2026 január'!T18=0, "", '[1]2026 január'!T18 ) | X20: =IF('[1]2026 január'!U18=0, "", '[1]2026 január'!U18 ) | Y20: =IF('[1]2026 január'!V18=0, "", '[1]2026 január'!V18 ) | Z20: =IF('[1]2026 január'!W18=0, "", '[1]2026 január'!W18 ) | AA20: =IF('[1]2026 január'!X18=0, "", '[1]2026 január'!X18 ) | AB20: =IF('[1]2026 január'!Y18=0, "", '[1]2026 január'!Y18 ) -> 99845 | AC20: =IF('[1]2026 január'!Z18=0, "", '[1]2026 január'!Z18 ) | AD20: =IF('[1]2026 január'!AA18=0, "", '[1]2026 január'!AA18 ) | AE20: =IF('[1]2026 január'!AB$18=0, "", '[1]2026 január'!AB$18 ) | AF20: =IF('[1]2026 január'!AC$18=0, "", '[1]2026 január'!AC$18 ) | AG20: =IF('[1]2026 január'!AD$18=0, "", '[1]2026 január'!AD$18 ) | AH20: =IF('[1]2026 január'!AE18=0, "", '[1]2026 január'!AE18 ) | AI20: =IF('[1]2026 január'!AF18=0, "", '[1]2026 január'!AF18 ) | AJ20: =IF('[1]2026 január'!AG18=0, "", '[1]2026 január'!AG18 ) | AK20: =IF('[1]2026 január'!AH18=0, "", '[1]2026 január'!AH18 )
A21: 46040 | P21: =IF('[1]2026 január'!B$19=0, "", '[1]2026 január'!B$19 ) | Q21: =IF(OR('[1]2026 január'!G19=0, ISBLANK('[1]2026 január'!G19)), "", '[1]2026 január'!G19 ) | R21: ='[1]2026 január'!W19 -> 0 | V21: =IF('[1]2026 január'!S19=0, "", '[1]2026 január'!S19 ) -> 99845 | W21: =IF('[1]2026 január'!T19=0, "", '[1]2026 január'!T19 ) | X21: =IF('[1]2026 január'!U19=0, "", '[1]2026 január'!U19 ) | Y21: =IF('[1]2026 január'!V19=0, "", '[1]2026 január'!V19 ) | Z21: =IF('[1]2026 január'!W19=0, "", '[1]2026 január'!W19 ) | AA21: =IF('[1]2026 január'!X19=0, "", '[1]2026 január'!X19 ) | AB21: =IF('[1]2026 január'!Y19=0, "", '[1]2026 január'!Y19 ) -> 99845 | AC21: =IF('[1]2026 január'!Z19=0, "", '[1]2026 január'!Z19 ) | AD21: =IF('[1]2026 január'!AA19=0, "", '[1]2026 január'!AA19 ) | AE21: =IF('[1]2026 január'!AB$19=0, "", '[1]2026 január'!AB$19 ) | AF21: =IF('[1]2026 január'!AC$19=0, "", '[1]2026 január'!AC$19 ) | AG21: =IF('[1]2026 január'!AD$19=0, "", '[1]2026 január'!AD$19 ) | AH21: =IF('[1]2026 január'!AE19=0, "", '[1]2026 január'!AE19 ) | AI21: =IF('[1]2026 január'!AF19=0, "", '[1]2026 január'!AF19 ) | AJ21: =IF('[1]2026 január'!AG19=0, "", '[1]2026 január'!AG19 ) | AK21: =IF('[1]2026 január'!AH19=0, "", '[1]2026 január'!AH19 )
A22: 46041 | B22: 311770 | C22: 650 | D22: 139715 | F22: 154705 | G22: 24775 | H22: 270295 | I22: 270295 | J22: 1020 | K22: 216530932 | P22: =IF('[1]2026 január'!B$20=0, "", '[1]2026 január'!B$20 ) -> 295070 | Q22: =IF(OR('[1]2026 január'!G20=0, ISBLANK('[1]2026 január'!G20)), "", '[1]2026 január'!G20 ) | R22: ='[1]2026 január'!W20 -> 0 | V22: =IF('[1]2026 január'!S20=0, "", '[1]2026 január'!S20 ) -> 99845 | W22: =IF('[1]2026 január'!T20=0, "", '[1]2026 január'!T20 ) -> 24775 | X22: =IF('[1]2026 január'!U20=0, "", '[1]2026 január'!U20 ) | Y22: =IF('[1]2026 január'!V20=0, "", '[1]2026 január'!V20 ) | Z22: =IF('[1]2026 január'!W20=0, "", '[1]2026 január'!W20 ) | AA22: =IF('[1]2026 január'!X20=0, "", '[1]2026 január'!X20 ) | AB22: =IF('[1]2026 január'!Y20=0, "", '[1]2026 január'!Y20 ) -> 124620 | AC22: =IF('[1]2026 január'!Z20=0, "", '[1]2026 január'!Z20 ) | AD22: =IF('[1]2026 január'!AA20=0, "", '[1]2026 január'!AA20 ) | AE22: =IF('[1]2026 január'!AB$20=0, "", '[1]2026 január'!AB$20 ) | AF22: =IF('[1]2026 január'!AC$20=0, "", '[1]2026 január'!AC$20 ) | AG22: =IF('[1]2026 január'!AD$20=0, "", '[1]2026 január'!AD$20 ) | AH22: =IF('[1]2026 január'!AE20=0, "", '[1]2026 január'!AE20 ) | AI22: =IF('[1]2026 január'!AF20=0, "", '[1]2026 január'!AF20 ) | AJ22: =IF('[1]2026 január'!AG20=0, "", '[1]2026 január'!AG20 ) | AK22: =IF('[1]2026 január'!AH20=0, "", '[1]2026 január'!AH20 )
A23: 46042 | B23: 401625 | C23: 700 | D23: 244105 | F23: 140370 | G23: 28320 | H23: 356855 | I23: 356855 | J23: 1021 | K23: 216916107 | P23: =IF('[1]2026 január'!B$21=0, "", '[1]2026 január'!B$21 ) -> 385175 | Q23: =IF(OR('[1]2026 január'!G21=0, ISBLANK('[1]2026 január'!G21)), "", '[1]2026 január'!G21 ) | R23: ='[1]2026 január'!W21 -> 0 | V23: =IF('[1]2026 január'!S21=0, "", '[1]2026 január'!S21 ) -> 124620 | W23: =IF('[1]2026 január'!T21=0, "", '[1]2026 január'!T21 ) -> 28320 | X23: =IF('[1]2026 január'!U21=0, "", '[1]2026 január'!U21 ) | Y23: =IF('[1]2026 január'!V21=0, "", '[1]2026 január'!V21 ) | Z23: =IF('[1]2026 január'!W21=0, "", '[1]2026 január'!W21 ) | AA23: =IF('[1]2026 január'!X21=0, "", '[1]2026 január'!X21 ) | AB23: =IF('[1]2026 január'!Y21=0, "", '[1]2026 január'!Y21 ) -> 152940 | AC23: =IF('[1]2026 január'!Z21=0, "", '[1]2026 január'!Z21 ) | AD23: =IF('[1]2026 január'!AA21=0, "", '[1]2026 január'!AA21 ) | AE23: =IF('[1]2026 január'!AB$21=0, "", '[1]2026 január'!AB$21 ) | AF23: =IF('[1]2026 január'!AC$21=0, "", '[1]2026 január'!AC$21 ) | AG23: =IF('[1]2026 január'!AD$21=0, "", '[1]2026 január'!AD$21 ) | AH23: =IF('[1]2026 január'!AE21=0, "", '[1]2026 január'!AE21 ) | AI23: =IF('[1]2026 január'!AF21=0, "", '[1]2026 január'!AF21 ) | AJ23: =IF('[1]2026 január'!AG21=0, "", '[1]2026 január'!AG21 ) | AK23: =IF('[1]2026 január'!AH21=0, "", '[1]2026 január'!AH21 )
A24: 46043 | B24: 305995 | C24: 1250 | D24: 158570 | F24: 133445 | G24: 25800 | H24: 267465 | I24: 267465 | J24: 1022 | K24: 217209372 | P24: =IF('[1]2026 január'!B$22=0, "", '[1]2026 január'!B$22 ) -> 293265 | Q24: =IF(OR('[1]2026 január'!G22=0, ISBLANK('[1]2026 január'!G22)), "", '[1]2026 január'!G22 ) | R24: ='[1]2026 január'!W22 -> 0 | V24: =IF('[1]2026 január'!S22=0, "", '[1]2026 január'!S22 ) -> 152940 | W24: =IF('[1]2026 január'!T22=0, "", '[1]2026 január'!T22 ) -> 25800 | X24: =IF('[1]2026 január'!U22=0, "", '[1]2026 január'!U22 ) | Y24: =IF('[1]2026 január'!V22=0, "", '[1]2026 január'!V22 ) | Z24: =IF('[1]2026 január'!W22=0, "", '[1]2026 január'!W22 ) | AA24: =IF('[1]2026 január'!X22=0, "", '[1]2026 január'!X22 ) | AB24: =IF('[1]2026 január'!Y22=0, "", '[1]2026 január'!Y22 ) -> 178740 | AC24: =IF('[1]2026 január'!Z22=0, "", '[1]2026 január'!Z22 ) | AD24: =IF('[1]2026 január'!AA22=0, "", '[1]2026 január'!AA22 ) | AE24: =IF('[1]2026 január'!AB$22=0, "", '[1]2026 január'!AB$22 ) | AF24: =IF('[1]2026 január'!AC$22=0, "", '[1]2026 január'!AC$22 ) | AG24: =IF('[1]2026 január'!AD$22=0, "", '[1]2026 január'!AD$22 ) | AH24: =IF('[1]2026 január'!AE22=0, "", '[1]2026 január'!AE22 ) | AI24: =IF('[1]2026 január'!AF22=0, "", '[1]2026 január'!AF22 ) | AJ24: =IF('[1]2026 január'!AG22=0, "", '[1]2026 január'!AG22 ) | AK24: =IF('[1]2026 január'!AH22=0, "", '[1]2026 január'!AH22 )
A25: 46044 | B25: 387015 | C25: 900 | D25: 201465 | F25: 158810 | G25: 26950 | H25: 334255 | I25: 334255 | J25: 1023 | K25: 217570547 | P25: =IF('[1]2026 január'!B$23=0, "", '[1]2026 január'!B$23 ) -> 361175 | Q25: =IF(OR('[1]2026 január'!G23=0, ISBLANK('[1]2026 január'!G23)), "", '[1]2026 január'!G23 ) | R25: ='[1]2026 január'!W23 -> 0 | V25: =IF('[1]2026 január'!S23=0, "", '[1]2026 január'!S23 ) -> 178740 | W25: =IF('[1]2026 január'!T23=0, "", '[1]2026 január'!T23 ) -> 26950 | X25: =IF('[1]2026 január'!U23=0, "", '[1]2026 január'!U23 ) | Y25: =IF('[1]2026 január'!V23=0, "", '[1]2026 január'!V23 ) | Z25: =IF('[1]2026 január'!W23=0, "", '[1]2026 január'!W23 ) | AA25: =IF('[1]2026 január'!X23=0, "", '[1]2026 január'!X23 ) | AB25: =IF('[1]2026 január'!Y23=0, "", '[1]2026 január'!Y23 ) -> 205690 | AC25: =IF('[1]2026 január'!Z23=0, "", '[1]2026 január'!Z23 ) | AD25: =IF('[1]2026 január'!AA23=0, "", '[1]2026 január'!AA23 ) | AE25: =IF('[1]2026 január'!AB$23=0, "", '[1]2026 január'!AB$23 ) | AF25: =IF('[1]2026 január'!AC$23=0, "", '[1]2026 január'!AC$23 ) | AG25: =IF('[1]2026 január'!AD$23=0, "", '[1]2026 január'!AD$23 ) | AH25: =IF('[1]2026 január'!AE23=0, "", '[1]2026 január'!AE23 ) | AI25: =IF('[1]2026 január'!AF23=0, "", '[1]2026 január'!AF23 ) | AJ25: =IF('[1]2026 január'!AG23=0, "", '[1]2026 január'!AG23 ) | AK25: =IF('[1]2026 január'!AH23=0, "", '[1]2026 január'!AH23 )
A26: 46045 | B26: 309170 | C26: 750 | D26: 194725 | F26: 97045 | G26: 8790 | H26: 283730 | I26: 283730 | J26: 1024 | K26: 217863067 | P26: =IF('[1]2026 január'!B$24=0, "", '[1]2026 január'!B$24 ) -> 292520 | Q26: =IF(OR('[1]2026 január'!G24=0, ISBLANK('[1]2026 január'!G24)), "", '[1]2026 január'!G24 ) | R26: ='[1]2026 január'!W24 -> 0 | V26: =IF('[1]2026 január'!S24=0, "", '[1]2026 január'!S24 ) -> 205690 | W26: =IF('[1]2026 január'!T24=0, "", '[1]2026 január'!T24 ) -> 8790 | X26: =IF('[1]2026 január'!U24=0, "", '[1]2026 január'!U24 ) | Y26: =IF('[1]2026 január'!V24=0, "", '[1]2026 január'!V24 ) -> 64015 | Z26: =IF('[1]2026 január'!W24=0, "", '[1]2026 január'!W24 ) | AA26: =IF('[1]2026 január'!X24=0, "", '[1]2026 január'!X24 ) | AB26: =IF('[1]2026 január'!Y24=0, "", '[1]2026 január'!Y24 ) -> 150465 | AC26: =IF('[1]2026 január'!Z24=0, "", '[1]2026 január'!Z24 ) | AD26: =IF('[1]2026 január'!AA24=0, "", '[1]2026 január'!AA24 ) -> Melinda | AE26: =IF('[1]2026 január'!AB$24=0, "", '[1]2026 január'!AB$24 ) | AF26: =IF('[1]2026 január'!AC$24=0, "", '[1]2026 január'!AC$24 ) | AG26: =IF('[1]2026 január'!AD$24=0, "", '[1]2026 január'!AD$24 ) | AH26: =IF('[1]2026 január'!AE24=0, "", '[1]2026 január'!AE24 ) | AI26: =IF('[1]2026 január'!AF24=0, "", '[1]2026 január'!AF24 ) | AJ26: =IF('[1]2026 január'!AG24=0, "", '[1]2026 január'!AG24 ) | AK26: =IF('[1]2026 január'!AH24=0, "", '[1]2026 január'!AH24 )
A27: 46046 | P27: =IF('[1]2026 január'!B$25=0, "", '[1]2026 január'!B$25 ) | Q27: =IF(OR('[1]2026 január'!G25=0, ISBLANK('[1]2026 január'!G25)), "", '[1]2026 január'!G25 ) | R27: ='[1]2026 január'!W25 -> 0 | V27: =IF('[1]2026 január'!S25=0, "", '[1]2026 január'!S25 ) -> 150465 | W27: =IF('[1]2026 január'!T25=0, "", '[1]2026 január'!T25 ) | X27: =IF('[1]2026 január'!U25=0, "", '[1]2026 január'!U25 ) | Y27: =IF('[1]2026 január'!V25=0, "", '[1]2026 január'!V25 ) | Z27: =IF('[1]2026 január'!W25=0, "", '[1]2026 január'!W25 ) | AA27: =IF('[1]2026 január'!X25=0, "", '[1]2026 január'!X25 ) | AB27: =IF('[1]2026 január'!Y25=0, "", '[1]2026 január'!Y25 ) -> 150465 | AC27: =IF('[1]2026 január'!Z25=0, "", '[1]2026 január'!Z25 ) | AD27: =IF('[1]2026 január'!AA25=0, "", '[1]2026 január'!AA25 ) | AE27: =IF('[1]2026 január'!AB$25=0, "", '[1]2026 január'!AB$25 ) | AF27: =IF('[1]2026 január'!AC$25=0, "", '[1]2026 január'!AC$25 ) | AG27: =IF('[1]2026 január'!AD$25=0, "", '[1]2026 január'!AD$25 ) | AH27: =IF('[1]2026 január'!AE25=0, "", '[1]2026 január'!AE25 ) | AI27: =IF('[1]2026 január'!AF25=0, "", '[1]2026 január'!AF25 ) | AJ27: =IF('[1]2026 január'!AG25=0, "", '[1]2026 január'!AG25 ) | AK27: =IF('[1]2026 január'!AH25=0, "", '[1]2026 január'!AH25 )
A28: 46047 | P28: =IF('[1]2026 január'!B$26=0, "", '[1]2026 január'!B$26 ) | Q28: =IF(OR('[1]2026 január'!G26=0, ISBLANK('[1]2026 január'!G26)), "", '[1]2026 január'!G26 ) | R28: ='[1]2026 január'!W26 -> 0 | V28: =IF('[1]2026 január'!S26=0, "", '[1]2026 január'!S26 ) -> 150465 | W28: =IF('[1]2026 január'!T26=0, "", '[1]2026 január'!T26 ) | X28: =IF('[1]2026 január'!U26=0, "", '[1]2026 január'!U26 ) | Y28: =IF('[1]2026 január'!V26=0, "", '[1]2026 január'!V26 ) | Z28: =IF('[1]2026 január'!W26=0, "", '[1]2026 január'!W26 ) | AA28: =IF('[1]2026 január'!X26=0, "", '[1]2026 január'!X26 ) | AB28: =IF('[1]2026 január'!Y26=0, "", '[1]2026 január'!Y26 ) -> 150465 | AC28: =IF('[1]2026 január'!Z26=0, "", '[1]2026 január'!Z26 ) | AD28: =IF('[1]2026 január'!AA26=0, "", '[1]2026 január'!AA26 ) | AE28: =IF('[1]2026 január'!AB$26=0, "", '[1]2026 január'!AB$26 ) | AF28: =IF('[1]2026 január'!AC$26=0, "", '[1]2026 január'!AC$26 ) | AG28: =IF('[1]2026 január'!AD$26=0, "", '[1]2026 január'!AD$26 ) | AH28: =IF('[1]2026 január'!AE26=0, "", '[1]2026 január'!AE26 ) | AI28: =IF('[1]2026 január'!AF26=0, "", '[1]2026 január'!AF26 ) | AJ28: =IF('[1]2026 január'!AG26=0, "", '[1]2026 január'!AG26 ) | AK28: =IF('[1]2026 január'!AH26=0, "", '[1]2026 január'!AH26 )
A29: 46048 | B29: 304025 | C29: 850 | D29: 170825 | F29: 124060 | G29: 20560 | H29: 272830 | I29: 272830 | J29: 1025 | K29: 218158802 | M29: 2340 | N29: van | P29: =IF('[1]2026 január'!B$27=0, "", '[1]2026 január'!B$27 ) -> 293395 | Q29: =IF(OR('[1]2026 január'!G27=0, ISBLANK('[1]2026 január'!G27)), "", '[1]2026 január'!G27 ) | R29: ='[1]2026 január'!W27 -> 0 | V29: =IF('[1]2026 január'!S27=0, "", '[1]2026 január'!S27 ) -> 150465 | W29: =IF('[1]2026 január'!T27=0, "", '[1]2026 január'!T27 ) -> 20565 | X29: =IF('[1]2026 január'!U27=0, "", '[1]2026 január'!U27 ) | Y29: =IF('[1]2026 január'!V27=0, "", '[1]2026 január'!V27 ) | Z29: =IF('[1]2026 január'!W27=0, "", '[1]2026 január'!W27 ) | AA29: =IF('[1]2026 január'!X27=0, "", '[1]2026 január'!X27 ) | AB29: =IF('[1]2026 január'!Y27=0, "", '[1]2026 január'!Y27 ) -> 171030 | AC29: =IF('[1]2026 január'!Z27=0, "", '[1]2026 január'!Z27 ) | AD29: =IF('[1]2026 január'!AA27=0, "", '[1]2026 január'!AA27 ) | AE29: =IF('[1]2026 január'!AB$27=0, "", '[1]2026 január'!AB$27 ) | AF29: =IF('[1]2026 január'!AC$27=0, "", '[1]2026 január'!AC$27 ) | AG29: =IF('[1]2026 január'!AD$27=0, "", '[1]2026 január'!AD$27 ) | AH29: =IF('[1]2026 január'!AE27=0, "", '[1]2026 január'!AE27 ) | AI29: =IF('[1]2026 január'!AF27=0, "", '[1]2026 január'!AF27 ) | AJ29: =IF('[1]2026 január'!AG27=0, "", '[1]2026 január'!AG27 ) | AK29: =IF('[1]2026 január'!AH27=0, "", '[1]2026 január'!AH27 )
A30: 46049 | B30: 362210 | C30: 800 | D30: 214315 | F30: 135480 | G30: 26430 | H30: 324165 | I30: 3 | J30: 1026 | K30: 218509397 | P30: =IF('[1]2026 január'!B$28=0, "", '[1]2026 január'!B$28 ) -> 350595 | Q30: =IF(OR('[1]2026 január'!G28=0, ISBLANK('[1]2026 január'!G28)), "", '[1]2026 január'!G28 ) | R30: ='[1]2026 január'!W28 -> 0 | V30: =IF('[1]2026 január'!S28=0, "", '[1]2026 január'!S28 ) -> 171030 | W30: =IF('[1]2026 január'!T28=0, "", '[1]2026 január'!T28 ) -> 26430 | X30: =IF('[1]2026 január'!U28=0, "", '[1]2026 január'!U28 ) | Y30: =IF('[1]2026 január'!V28=0, "", '[1]2026 január'!V28 ) | Z30: =IF('[1]2026 január'!W28=0, "", '[1]2026 január'!W28 ) | AA30: =IF('[1]2026 január'!X28=0, "", '[1]2026 január'!X28 ) | AB30: =IF('[1]2026 január'!Y28=0, "", '[1]2026 január'!Y28 ) -> 197460 | AC30: =IF('[1]2026 január'!Z28=0, "", '[1]2026 január'!Z28 ) | AD30: =IF('[1]2026 január'!AA28=0, "", '[1]2026 január'!AA28 ) | AE30: =IF('[1]2026 január'!AB$28=0, "", '[1]2026 január'!AB$28 ) | AF30: =IF('[1]2026 január'!AC$28=0, "", '[1]2026 január'!AC$28 ) | AG30: =IF('[1]2026 január'!AD$28=0, "", '[1]2026 január'!AD$28 ) | AH30: =IF('[1]2026 január'!AE28=0, "", '[1]2026 január'!AE28 ) | AI30: =IF('[1]2026 január'!AF28=0, "", '[1]2026 január'!AF28 ) | AJ30: =IF('[1]2026 január'!AG28=0, "", '[1]2026 január'!AG28 ) | AK30: =IF('[1]2026 január'!AH28=0, "", '[1]2026 január'!AH28 )
A31: 46050 | B31: 321215 | C31: 1050 | D31: 159435 | F31: 150590 | G31: 27800 | H31: 283275 | I31: 283275 | J31: 1027 | K31: 218820478 | P31: =IF('[1]2026 január'!B$29=0, "", '[1]2026 január'!B$29 ) -> 311075 | Q31: =IF(OR('[1]2026 január'!G29=0, ISBLANK('[1]2026 január'!G29)), "", '[1]2026 január'!G29 ) | R31: ='[1]2026 január'!W29 -> 0 | V31: =IF('[1]2026 január'!S29=0, "", '[1]2026 január'!S29 ) -> 197460 | W31: =IF('[1]2026 január'!T29=0, "", '[1]2026 január'!T29 ) -> 27800 | X31: =IF('[1]2026 január'!U29=0, "", '[1]2026 január'!U29 ) | Y31: =IF('[1]2026 január'!V29=0, "", '[1]2026 január'!V29 ) | Z31: =IF('[1]2026 január'!W29=0, "", '[1]2026 január'!W29 ) | AA31: =IF('[1]2026 január'!X29=0, "", '[1]2026 január'!X29 ) | AB31: =IF('[1]2026 január'!Y29=0, "", '[1]2026 január'!Y29 ) -> 225260 | AC31: =IF('[1]2026 január'!Z29=0, "", '[1]2026 január'!Z29 ) | AD31: =IF('[1]2026 január'!AA29=0, "", '[1]2026 január'!AA29 ) | AE31: =IF('[1]2026 január'!AB$29=0, "", '[1]2026 január'!AB$29 ) | AF31: =IF('[1]2026 január'!AC$29=0, "", '[1]2026 január'!AC$29 ) | AG31: =IF('[1]2026 január'!AD$29=0, "", '[1]2026 január'!AD$29 ) | AH31: =IF('[1]2026 január'!AE29=0, "", '[1]2026 január'!AE29 ) | AI31: =IF('[1]2026 január'!AF29=0, "", '[1]2026 január'!AF29 ) | AJ31: =IF('[1]2026 január'!AG29=0, "", '[1]2026 január'!AG29 ) | AK31: =IF('[1]2026 január'!AH29=0, "", '[1]2026 január'!AH29 )
A32: 46051 | B32: 350505 | C32: 950 | D32: 234076 | F32: 142204 | G32: 26835 | H32: 348405 | I32: 348405 | J32: 1028 | K32: 219197702 | M32: 1990 | N32: van | P32: =IF('[1]2026 január'!B$30=0, "", '[1]2026 január'!B$30 ) -> 335240 | Q32: =IF(OR('[1]2026 január'!G30=0, ISBLANK('[1]2026 január'!G30)), "", '[1]2026 január'!G30 ) | R32: ='[1]2026 január'!W30 -> 0 | V32: =IF('[1]2026 január'!S30=0, "", '[1]2026 január'!S30 ) -> 225260 | W32: =IF('[1]2026 január'!T30=0, "", '[1]2026 január'!T30 ) -> -13165 | X32: =IF('[1]2026 január'!U30=0, "", '[1]2026 január'!U30 ) -> 40000 | Y32: =IF('[1]2026 január'!V30=0, "", '[1]2026 január'!V30 ) | Z32: =IF('[1]2026 január'!W30=0, "", '[1]2026 január'!W30 ) | AA32: =IF('[1]2026 január'!X30=0, "", '[1]2026 január'!X30 ) | AB32: =IF('[1]2026 január'!Y30=0, "", '[1]2026 január'!Y30 ) -> 252095 | AC32: =IF('[1]2026 január'!Z30=0, "", '[1]2026 január'!Z30 ) | AD32: =IF('[1]2026 január'!AA30=0, "", '[1]2026 január'!AA30 ) -> Vip töltés | AE32: =IF('[1]2026 január'!AB$30=0, "", '[1]2026 január'!AB$30 ) | AF32: =IF('[1]2026 január'!AC$30=0, "", '[1]2026 január'!AC$30 ) | AG32: =IF('[1]2026 január'!AD$30=0, "", '[1]2026 január'!AD$30 ) | AH32: =IF('[1]2026 január'!AE30=0, "", '[1]2026 január'!AE30 ) | AI32: =IF('[1]2026 január'!AF30=0, "", '[1]2026 január'!AF30 ) | AJ32: =IF('[1]2026 január'!AG30=0, "", '[1]2026 január'!AG30 ) | AK32: =IF('[1]2026 január'!AH30=0, "", '[1]2026 január'!AH30 )
A33: 46052 | B33: 330590 | C33: 750 | D33: 217820 | F33: 100025 | G33: 16220 | H33: 302375 | I33: 302375 | J33: 1029 | K33: 219516297 | P33: =IF('[1]2026 január'!B$31=0, "", '[1]2026 január'!B$31 ) -> 318595 | Q33: =IF(OR('[1]2026 január'!G31=0, ISBLANK('[1]2026 január'!G31)), "", '[1]2026 január'!G31 ) | R33: ='[1]2026 január'!W31 -> 0 | V33: =IF('[1]2026 január'!S31=0, "", '[1]2026 január'!S31 ) -> 252095 | W33: =IF('[1]2026 január'!T31=0, "", '[1]2026 január'!T31 ) -> 16220 | X33: =IF('[1]2026 január'!U31=0, "", '[1]2026 január'!U31 ) | Y33: =IF('[1]2026 január'!V31=0, "", '[1]2026 január'!V31 ) -> 64015 | Z33: =IF('[1]2026 január'!W31=0, "", '[1]2026 január'!W31 ) | AA33: =IF('[1]2026 január'!X31=0, "", '[1]2026 január'!X31 ) | AB33: =IF('[1]2026 január'!Y31=0, "", '[1]2026 január'!Y31 ) -> 204300 | AC33: =IF('[1]2026 január'!Z31=0, "", '[1]2026 január'!Z31 ) | AD33: =IF('[1]2026 január'!AA31=0, "", '[1]2026 január'!AA31 ) -> Melinda | AE33: =IF('[1]2026 január'!AB$31=0, "", '[1]2026 január'!AB$31 ) | AF33: =IF('[1]2026 január'!AC$31=0, "", '[1]2026 január'!AC$31 ) | AG33: =IF('[1]2026 január'!AD$31=0, "", '[1]2026 január'!AD$31 ) | AH33: =IF('[1]2026 január'!AE31=0, "", '[1]2026 január'!AE31 ) | AI33: =IF('[1]2026 január'!AF31=0, "", '[1]2026 január'!AF31 ) | AJ33: =IF('[1]2026 január'!AG31=0, "", '[1]2026 január'!AG31 ) | AK33: =IF('[1]2026 január'!AH31=0, "", '[1]2026 január'!AH31 )
A34: 46053 | P34: =IF('[1]2026 január'!B$32=0, "", '[1]2026 január'!B$32 ) | Q34: =IF(OR('[1]2026 január'!G32=0, ISBLANK('[1]2026 január'!G32)), "", '[1]2026 január'!G32 ) | R34: ='[1]2026 január'!W32 -> 0 | V34: =IF('[1]2026 január'!S32=0, "", '[1]2026 január'!S32 ) -> 204300 | W34: =IF('[1]2026 január'!T32=0, "", '[1]2026 január'!T32 ) | X34: =IF('[1]2026 január'!U32=0, "", '[1]2026 január'!U32 ) | Y34: =IF('[1]2026 január'!V32=0, "", '[1]2026 január'!V32 ) | Z34: =IF('[1]2026 január'!W32=0, "", '[1]2026 január'!W32 ) | AA34: =IF('[1]2026 január'!X32=0, "", '[1]2026 január'!X32 ) | AB34: =IF('[1]2026 január'!Y32=0, "", '[1]2026 január'!Y32 ) -> 204300 | AC34: =IF('[1]2026 január'!Z32=0, "", '[1]2026 január'!Z32 ) | AD34: =IF('[1]2026 január'!AA32=0, "", '[1]2026 január'!AA32 ) | AE34: =IF('[1]2026 január'!AB$32=0, "", '[1]2026 január'!AB$32 ) | AF34: =IF('[1]2026 január'!AC$32=0, "", '[1]2026 január'!AC$32 ) | AG34: =IF('[1]2026 január'!AD$32=0, "", '[1]2026 január'!AD$32 ) | AH34: =IF('[1]2026 január'!AE32=0, "", '[1]2026 január'!AE32 ) | AI34: =IF('[1]2026 január'!AF32=0, "", '[1]2026 január'!AF32 ) | AJ34: =IF('[1]2026 január'!AG32=0, "", '[1]2026 január'!AG32 ) | AK34: =IF('[1]2026 január'!AH32=0, "", '[1]2026 január'!AH32 )
A35: Összesen: | C35: =SUM(C1:C34) -> 17250 | D35: =SUM(D1:D34) -> 4328426 | E35: =SUM(E1:E34) -> 0.18 | F35: =SUM(F1:F34) -> 2825575.3 | G35: =SUM(G1:G34) -> 459515 | H35: =SUM(H3:H34) -> 6705640 | I35: =SUM(I3:I34) -> 6422478 | K35: 219516297 | L35: 7171251 | P35: =IF('[1]2026 január'!B$33=0, "", '[1]2026 január'!B$33 ) -> 6975130 | Q35: =IF(OR('[1]2026 január'!G33=0, ISBLANK('[1]2026 január'!G33)), "", '[1]2026 január'!G33 ) | R35: ='[1]2026 január'!W33 -> 0 | V35: =IF('[1]2026 január'!S33=0, "", '[1]2026 január'!S33 ) | W35: =IF('[1]2026 január'!T33=0, "", '[1]2026 január'!T33 ) -> 228420 | X35: =IF('[1]2026 január'!U33=0, "", '[1]2026 január'!U33 ) -> 259985 | Y35: =IF('[1]2026 január'!V33=0, "", '[1]2026 január'!V33 ) | Z35: =IF('[1]2026 január'!W33=0, "", '[1]2026 január'!W33 ) | AA35: =IF('[1]2026 január'!X33=0, "", '[1]2026 január'!X33 ) | AB35: =IF('[1]2026 január'!Y33=0, "", '[1]2026 január'!Y33 ) | AC35: =IF('[1]2026 január'!Z33=0, "", '[1]2026 január'!Z33 ) | AD35: =IF('[1]2026 január'!AA33=0, "", '[1]2026 január'!AA33 ) | AE35: =IF('[1]2026 január'!AB$33=0, "", '[1]2026 január'!AB$33 ) | AF35: =IF('[1]2026 január'!AC$33=0, "", '[1]2026 január'!AC$33 ) | AG35: =IF('[1]2026 január'!AD$33=0, "", '[1]2026 január'!AD$33 ) | AH35: =IF('[1]2026 január'!AE33=0, "", '[1]2026 január'!AE33 ) | AI35: =IF('[1]2026 január'!AF33=0, "", '[1]2026 január'!AF33 ) | AJ35: =IF('[1]2026 január'!AG33=0, "", '[1]2026 január'!AG33 ) | AK35: =IF('[1]2026 január'!AH33=0, "", '[1]2026 január'!AH33 )
C36: =C35+D35+E35+F35 -> 7171251.5 | G36: =G35+H35 -> 7165155
A40: ÜZENŐFAL
A44: Február | P44: ='[1]2026 január'!B42 -> 0 | Q44: ='[1]2026 január'!G42 -> 0 | R44: ='[1]2026 január'!W42 -> 0 | S44: Eredmény | V44: ='[1]2026 január'!S42 -> 0 | W44: ='[1]2026 január'!T42 -> 0 | X44: ='[1]2026 január'!U42 -> 0 | Y44: ='[1]2026 január'!V42 -> 0 | Z44: ='[1]2026 január'!W42 -> 0 | AA44: ='[1]2026 január'!X42 -> 0 | AB44: ='[1]2026 január'!Y42 -> 0 | AC44: ='[1]2026 január'!Z42 -> 0 | ... AG44: ='[1]2026 január'!AD42 -> 0
A45: 46054 | Q45: =IF(OR('[1]2026 február'!G43=0, ISBLANK('[1]2026 február'!G43)), "", '[1]2026 február'!G43 ) | R45: ='[1]2026 február'!W43 -> 0 | S45: =P46-Q45-R45-G45-H45 -> #VALUE! | V45: =IF('[1]2026 február'!S43=0, "", '[1]2026 február'!S43 ) | W45: =IF('[1]2026 február'!T43=0, "", '[1]2026 február'!T43 ) | X45: =IF('[1]2026 február'!U43=0, "", '[1]2026 február'!U43 ) | Y45: =IF('[1]2026 február'!V43=0, "", '[1]2026 február'!V43 ) | Z45: =IF('[1]2026 február'!W43=0, "", '[1]2026 február'!W43 ) | AA45: =IF('[1]2026 február'!X43=0, "", '[1]2026 február'!X43 ) | AB45: =IF('[1]2026 február'!Y43=0, "", '[1]2026 február'!Y43 ) | AC45: =IF('[1]2026 február'!Z43=0, "", '[1]2026 február'!Z43 ) | AD45: =IF('[1]2026 február'!AA43=0, "", '[1]2026 február'!AA43 ) | AE45: =IF('[1]2026 február'!AB$2=0, "", '[1]2026 február'!AB$2 ) | AF45: =IF('[1]2026 február'!AC$2=0, "", '[1]2026 február'!AC$2 ) | AG45: =IF('[1]2026 február'!AD$2=0, "", '[1]2026 február'!AD$2 ) | AH45: =IF('[1]2026 február'!AE43=0, "", '[1]2026 február'!AE43 ) | AI45: =IF('[1]2026 február'!AF43=0, "", '[1]2026 február'!AF43 ) | AJ45: =IF('[1]2026 február'!AG43=0, "", '[1]2026 február'!AG43 ) | AK45: =IF('[1]2026 február'!AH43=0, "", '[1]2026 február'!AH43 )
A46: 46055 | B46: 335525 | C46: 1350 | D46: 299592 | E46: 1750 | F46: 16480 | G46: 28090 | H46: 291082 | I46: 291082 | J46: 1030 | K46: 219835469 | P46: =IF('[1]2026 február'!B$2=0, "", '[1]2026 február'!B$2 ) -> 319570 | Q46: =IF(OR('[1]2026 február'!G44=0, ISBLANK('[1]2026 február'!G44)), "", '[1]2026 február'!G44 ) | R46: ='[1]2026 február'!W44 -> 0 | V46: =IF('[1]2026 február'!S44=0, "", '[1]2026 február'!S44 ) | W46: =IF('[1]2026 február'!T44=0, "", '[1]2026 február'!T44 ) | X46: =IF('[1]2026 február'!U44=0, "", '[1]2026 február'!U44 ) | Y46: =IF('[1]2026 február'!V44=0, "", '[1]2026 február'!V44 ) | Z46: =IF('[1]2026 február'!W44=0, "", '[1]2026 február'!W44 ) | AA46: =IF('[1]2026 február'!X44=0, "", '[1]2026 február'!X44 ) | AB46: =IF('[1]2026 február'!Y44=0, "", '[1]2026 február'!Y44 ) | AC46: =IF('[1]2026 február'!Z44=0, "", '[1]2026 február'!Z44 ) | AD46: =IF('[1]2026 február'!AA44=0, "", '[1]2026 február'!AA44 ) | AE46: =IF('[1]2026 február'!AB$3=0, "", '[1]2026 február'!AB$3 ) | AF46: =IF('[1]2026 február'!AC$3=0, "", '[1]2026 február'!AC$3 ) | AG46: =IF('[1]2026 február'!AD$3=0, "", '[1]2026 február'!AD$3 ) | AH46: =IF('[1]2026 február'!AE44=0, "", '[1]2026 február'!AE44 ) | AI46: =IF('[1]2026 február'!AF44=0, "", '[1]2026 február'!AF44 ) | AJ46: =IF('[1]2026 február'!AG44=0, "", '[1]2026 február'!AG44 ) | AK46: =IF('[1]2026 február'!AH44=0, "", '[1]2026 február'!AH44 )
A47: 46056 | B47: 415350 | C47: 950 | D47: 368665 | E47: 1054 | F47: 5720 | G47: 28000 | H47: 348389 | I47: 348389 | J47: 1031 | K47: 220211858 | P47: =IF('[1]2026 február'!B$3=0, "", '[1]2026 február'!B$3 ) -> 398070 | Q47: =IF(OR('[1]2026 február'!G45=0, ISBLANK('[1]2026 február'!G45)), "", '[1]2026 február'!G45 ) | R47: ='[1]2026 február'!W45 -> 0 | V47: =IF('[1]2026 február'!S45=0, "", '[1]2026 február'!S45 ) | W47: =IF('[1]2026 február'!T45=0, "", '[1]2026 február'!T45 ) | X47: =IF('[1]2026 február'!U45=0, "", '[1]2026 február'!U45 ) | Y47: =IF('[1]2026 február'!V45=0, "", '[1]2026 február'!V45 ) | Z47: =IF('[1]2026 február'!W45=0, "", '[1]2026 február'!W45 ) | AA47: =IF('[1]2026 február'!X45=0, "", '[1]2026 február'!X45 ) | AB47: =IF('[1]2026 február'!Y45=0, "", '[1]2026 február'!Y45 ) | AC47: =IF('[1]2026 február'!Z45=0, "", '[1]2026 február'!Z45 ) | AD47: =IF('[1]2026 február'!AA45=0, "", '[1]2026 február'!AA45 ) | AE47: =IF('[1]2026 február'!AB$4=0, "", '[1]2026 február'!AB$4 ) | AF47: =IF('[1]2026 február'!AC$4=0, "", '[1]2026 február'!AC$4 ) | AG47: =IF('[1]2026 február'!AD$4=0, "", '[1]2026 február'!AD$4 ) | AH47: =IF('[1]2026 február'!AE45=0, "", '[1]2026 február'!AE45 ) | AI47: =IF('[1]2026 február'!AF45=0, "", '[1]2026 február'!AF45 ) | AJ47: =IF('[1]2026 február'!AG45=0, "", '[1]2026 február'!AG45 ) | AK47: =IF('[1]2026 február'!AH45=0, "", '[1]2026 február'!AH45 )
A48: 46057 | B48: 409875 | C48: 850 | D48: 379601 | E48: 700 | F48: 12500 | G48: 16970 | H48: 376681 | I48: 376681 | J48: 1032 | K48: 220606509 | P48: =IF('[1]2026 február'!B$4=0, "", '[1]2026 február'!B$4 ) -> 398925 | Q48: =IF(OR('[1]2026 február'!G46=0, ISBLANK('[1]2026 február'!G46)), "", '[1]2026 február'!G46 ) | R48: ='[1]2026 február'!W46 -> 0 | V48: =IF('[1]2026 február'!S46=0, "", '[1]2026 február'!S46 ) | W48: =IF('[1]2026 február'!T46=0, "", '[1]2026 február'!T46 ) | X48: =IF('[1]2026 február'!U46=0, "", '[1]2026 február'!U46 ) | Y48: =IF('[1]2026 február'!V46=0, "", '[1]2026 február'!V46 ) | Z48: =IF('[1]2026 február'!W46=0, "", '[1]2026 február'!W46 ) | AA48: =IF('[1]2026 február'!X46=0, "", '[1]2026 február'!X46 ) | AB48: =IF('[1]2026 február'!Y46=0, "", '[1]2026 február'!Y46 ) | AC48: =IF('[1]2026 február'!Z46=0, "", '[1]2026 február'!Z46 ) | AD48: =IF('[1]2026 február'!AA46=0, "", '[1]2026 február'!AA46 ) | AE48: =IF('[1]2026 február'!AB$5=0, "", '[1]2026 február'!AB$5 ) | AF48: =IF('[1]2026 február'!AC$5=0, "", '[1]2026 február'!AC$5 ) | AG48: =IF('[1]2026 február'!AD$5=0, "", '[1]2026 február'!AD$5 ) | AH48: =IF('[1]2026 február'!AE46=0, "", '[1]2026 február'!AE46 ) | AI48: =IF('[1]2026 február'!AF46=0, "", '[1]2026 február'!AF46 ) | AJ48: =IF('[1]2026 február'!AG46=0, "", '[1]2026 február'!AG46 ) | AK48: =IF('[1]2026 február'!AH46=0, "", '[1]2026 február'!AH46 )
A49: 46058 | B49: 396615 | C49: 1300 | D49: 173155 | F49: 209850 | G49: 17245 | H49: 367060 | I49: 367060 | J49: 1033 | K49: 220989814 | P49: =IF('[1]2026 február'!B$5=0, "", '[1]2026 február'!B$5 ) -> 384305 | Q49: =IF(OR('[1]2026 február'!G47=0, ISBLANK('[1]2026 február'!G47)), "", '[1]2026 február'!G47 ) | R49: ='[1]2026 február'!W47 -> 0 | V49: =IF('[1]2026 február'!S47=0, "", '[1]2026 február'!S47 ) | W49: =IF('[1]2026 február'!T47=0, "", '[1]2026 február'!T47 ) | X49: =IF('[1]2026 február'!U47=0, "", '[1]2026 február'!U47 ) | Y49: =IF('[1]2026 február'!V47=0, "", '[1]2026 február'!V47 ) | Z49: =IF('[1]2026 február'!W47=0, "", '[1]2026 február'!W47 ) | AA49: =IF('[1]2026 február'!X47=0, "", '[1]2026 február'!X47 ) | AB49: =IF('[1]2026 február'!Y47=0, "", '[1]2026 február'!Y47 ) | AC49: =IF('[1]2026 február'!Z47=0, "", '[1]2026 február'!Z47 ) | AD49: =IF('[1]2026 február'!AA47=0, "", '[1]2026 február'!AA47 ) | AE49: =IF('[1]2026 február'!AB$6=0, "", '[1]2026 február'!AB$6 ) | AF49: =IF('[1]2026 február'!AC$6=0, "", '[1]2026 február'!AC$6 ) | AG49: =IF('[1]2026 február'!AD$6=0, "", '[1]2026 február'!AD$6 ) | AH49: =IF('[1]2026 február'!AE47=0, "", '[1]2026 február'!AE47 ) | AI49: =IF('[1]2026 február'!AF47=0, "", '[1]2026 február'!AF47 ) | AJ49: =IF('[1]2026 február'!AG47=0, "", '[1]2026 február'!AG47 ) | AK49: =IF('[1]2026 február'!AH47=0, "", '[1]2026 február'!AH47 )
A50: 46059 | B50: 333895 | C50: 850 | D50: 205120 | F50: 105805 | G50: 55835 | H50: 255940 | I50: 255940 | J50: 1034 | K50: 221301589 | P50: =IF('[1]2026 február'!B$6=0, "", '[1]2026 február'!B$6 ) -> 311755 | Q50: =IF(OR('[1]2026 február'!G48=0, ISBLANK('[1]2026 február'!G48)), "", '[1]2026 február'!G48 ) | R50: ='[1]2026 február'!W48 -> 0 | V50: =IF('[1]2026 február'!S48=0, "", '[1]2026 február'!S48 ) | W50: =IF('[1]2026 február'!T48=0, "", '[1]2026 február'!T48 ) | X50: =IF('[1]2026 február'!U48=0, "", '[1]2026 február'!U48 ) | Y50: =IF('[1]2026 február'!V48=0, "", '[1]2026 február'!V48 ) | Z50: =IF('[1]2026 február'!W48=0, "", '[1]2026 február'!W48 ) | AA50: =IF('[1]2026 február'!X48=0, "", '[1]2026 február'!X48 ) | AB50: =IF('[1]2026 február'!Y48=0, "", '[1]2026 február'!Y48 ) | AC50: =IF('[1]2026 február'!Z48=0, "", '[1]2026 február'!Z48 ) | AD50: =IF('[1]2026 február'!AA48=0, "", '[1]2026 február'!AA48 ) | AE50: =IF('[1]2026 február'!AB$7=0, "", '[1]2026 február'!AB$7 ) | AF50: =IF('[1]2026 február'!AC$7=0, "", '[1]2026 február'!AC$7 ) | AG50: =IF('[1]2026 február'!AD$7=0, "", '[1]2026 február'!AD$7 ) | AH50: =IF('[1]2026 február'!AE48=0, "", '[1]2026 február'!AE48 ) | AI50: =IF('[1]2026 február'!AF48=0, "", '[1]2026 február'!AF48 ) | AJ50: =IF('[1]2026 február'!AG48=0, "", '[1]2026 február'!AG48 ) | AK50: =IF('[1]2026 február'!AH48=0, "", '[1]2026 február'!AH48 )
A51: 46060 | P51: =IF('[1]2026 február'!B$7=0, "", '[1]2026 február'!B$7 ) | Q51: =IF(OR('[1]2026 február'!G49=0, ISBLANK('[1]2026 február'!G49)), "", '[1]2026 február'!G49 ) | R51: ='[1]2026 február'!W49 -> 0 | V51: =IF('[1]2026 február'!S49=0, "", '[1]2026 február'!S49 ) | W51: =IF('[1]2026 február'!T49=0, "", '[1]2026 február'!T49 ) | X51: =IF('[1]2026 február'!U49=0, "", '[1]2026 február'!U49 ) | Y51: =IF('[1]2026 február'!V49=0, "", '[1]2026 február'!V49 ) | Z51: =IF('[1]2026 február'!W49=0, "", '[1]2026 február'!W49 ) | AA51: =IF('[1]2026 február'!X49=0, "", '[1]2026 február'!X49 ) | AB51: =IF('[1]2026 február'!Y49=0, "", '[1]2026 február'!Y49 ) | AC51: =IF('[1]2026 február'!Z49=0, "", '[1]2026 február'!Z49 ) | AD51: =IF('[1]2026 február'!AA49=0, "", '[1]2026 február'!AA49 ) | AE51: =IF('[1]2026 február'!AB$8=0, "", '[1]2026 február'!AB$8 ) | AF51: =IF('[1]2026 február'!AC$8=0, "", '[1]2026 február'!AC$8 ) | AG51: =IF('[1]2026 február'!AD$8=0, "", '[1]2026 február'!AD$8 ) | AH51: =IF('[1]2026 február'!AE49=0, "", '[1]2026 február'!AE49 ) | AI51: =IF('[1]2026 február'!AF49=0, "", '[1]2026 február'!AF49 ) | AJ51: =IF('[1]2026 február'!AG49=0, "", '[1]2026 február'!AG49 ) | AK51: =IF('[1]2026 február'!AH49=0, "", '[1]2026 február'!AH49 )
A52: 46061 | P52: =IF('[1]2026 február'!B$8=0, "", '[1]2026 február'!B$8 ) | Q52: =IF(OR('[1]2026 február'!G50=0, ISBLANK('[1]2026 február'!G50)), "", '[1]2026 február'!G50 ) | R52: ='[1]2026 február'!W50 -> 0 | V52: =IF('[1]2026 február'!S50=0, "", '[1]2026 február'!S50 ) | W52: =IF('[1]2026 február'!T50=0, "", '[1]2026 február'!T50 ) | X52: =IF('[1]2026 február'!U50=0, "", '[1]2026 február'!U50 ) | Y52: =IF('[1]2026 február'!V50=0, "", '[1]2026 február'!V50 ) | Z52: =IF('[1]2026 február'!W50=0, "", '[1]2026 február'!W50 ) | AA52: =IF('[1]2026 február'!X50=0, "", '[1]2026 február'!X50 ) | AB52: =IF('[1]2026 február'!Y50=0, "", '[1]2026 február'!Y50 ) | AC52: =IF('[1]2026 február'!Z50=0, "", '[1]2026 február'!Z50 ) | AD52: =IF('[1]2026 február'!AA50=0, "", '[1]2026 február'!AA50 ) | AE52: =IF('[1]2026 február'!AB$9=0, "", '[1]2026 február'!AB$9 ) | AF52: =IF('[1]2026 február'!AC$9=0, "", '[1]2026 február'!AC$9 ) | AG52: =IF('[1]2026 február'!AD$9=0, "", '[1]2026 február'!AD$9 ) | AH52: =IF('[1]2026 február'!AE50=0, "", '[1]2026 február'!AE50 ) | AI52: =IF('[1]2026 február'!AF50=0, "", '[1]2026 február'!AF50 ) | AJ52: =IF('[1]2026 február'!AG50=0, "", '[1]2026 február'!AG50 ) | AK52: =IF('[1]2026 február'!AH50=0, "", '[1]2026 február'!AH50 )
A53: 46062 | B53: 341880 | C53: 900 | D53: 217171 | F53: 149199 | G53: 25105 | H53: 342165 | I53: 342165 | J53: 1035 | K53: 221668859 | P53: =IF('[1]2026 február'!B$9=0, "", '[1]2026 február'!B$9 ) -> 327270 | Q53: =IF(OR('[1]2026 február'!G51=0, ISBLANK('[1]2026 február'!G51)), "", '[1]2026 február'!G51 ) | R53: ='[1]2026 február'!W51 -> 0 | V53: =IF('[1]2026 február'!S51=0, "", '[1]2026 február'!S51 ) | W53: =IF('[1]2026 február'!T51=0, "", '[1]2026 február'!T51 ) | X53: =IF('[1]2026 február'!U51=0, "", '[1]2026 február'!U51 ) | Y53: =IF('[1]2026 február'!V51=0, "", '[1]2026 február'!V51 ) | Z53: =IF('[1]2026 február'!W51=0, "", '[1]2026 február'!W51 ) | AA53: =IF('[1]2026 február'!X51=0, "", '[1]2026 február'!X51 ) | AB53: =IF('[1]2026 február'!Y51=0, "", '[1]2026 február'!Y51 ) | AC53: =IF('[1]2026 február'!Z51=0, "", '[1]2026 február'!Z51 ) | AD53: =IF('[1]2026 február'!AA51=0, "", '[1]2026 február'!AA51 ) | AE53: =IF('[1]2026 február'!AB$10=0, "", '[1]2026 február'!AB$10 ) | AF53: =IF('[1]2026 február'!AC$10=0, "", '[1]2026 február'!AC$10 ) | AG53: =IF('[1]2026 február'!AD$10=0, "", '[1]2026 február'!AD$10 ) | AH53: =IF('[1]2026 február'!AE51=0, "", '[1]2026 február'!AE51 ) | AI53: =IF('[1]2026 február'!AF51=0, "", '[1]2026 február'!AF51 ) | AJ53: =IF('[1]2026 február'!AG51=0, "", '[1]2026 február'!AG51 ) | AK53: =IF('[1]2026 február'!AH51=0, "", '[1]2026 február'!AH51 )
A54: 46063 | B54: 449295 | C54: 1200 | D54: 220070 | F54: 215495 | G54: 34730 | H54: 402035 | I54: 402035 | J54: 1036 | K54: 222105624 | P54: =IF('[1]2026 február'!B$10=0, "", '[1]2026 február'!B$10 ) -> 435065 | Q54: =IF(OR('[1]2026 február'!G52=0, ISBLANK('[1]2026 február'!G52)), "", '[1]2026 február'!G52 ) | R54: ='[1]2026 február'!W52 -> 0 | V54: =IF('[1]2026 február'!S52=0, "", '[1]2026 február'!S52 ) | W54: =IF('[1]2026 február'!T52=0, "", '[1]2026 február'!T52 ) | X54: =IF('[1]2026 február'!U52=0, "", '[1]2026 február'!U52 ) | Y54: =IF('[1]2026 február'!V52=0, "", '[1]2026 február'!V52 ) | Z54: =IF('[1]2026 február'!W52=0, "", '[1]2026 február'!W52 ) | AA54: =IF('[1]2026 február'!X52=0, "", '[1]2026 február'!X52 ) | AB54: =IF('[1]2026 február'!Y52=0, "", '[1]2026 február'!Y52 ) | AC54: =IF('[1]2026 február'!Z52=0, "", '[1]2026 február'!Z52 ) | AD54: =IF('[1]2026 február'!AA52=0, "", '[1]2026 február'!AA52 ) | AE54: =IF('[1]2026 február'!AB$11=0, "", '[1]2026 február'!AB$11 ) -> Vip töltés | AF54: =IF('[1]2026 február'!AC$11=0, "", '[1]2026 február'!AC$11 ) | AG54: =IF('[1]2026 február'!AD$11=0, "", '[1]2026 február'!AD$11 ) | AH54: =IF('[1]2026 február'!AE52=0, "", '[1]2026 február'!AE52 ) | AI54: =IF('[1]2026 február'!AF52=0, "", '[1]2026 február'!AF52 ) | AJ54: =IF('[1]2026 február'!AG52=0, "", '[1]2026 február'!AG52 ) | AK54: =IF('[1]2026 február'!AH52=0, "", '[1]2026 február'!AH52 )
A55: 46064 | B55: 453595 | C55: 1000 | D55: 241425 | F55: 211680 | G55: 23345 | H55: 430760 | I55: 430760 | J55: 1037 | K55: 222559729 | P55: =IF('[1]2026 február'!B$11=0, "", '[1]2026 február'!B$11 ) -> 434105 | Q55: =IF(OR('[1]2026 február'!G53=0, ISBLANK('[1]2026 február'!G53)), "", '[1]2026 február'!G53 ) | R55: ='[1]2026 február'!W53 -> 0 | V55: =IF('[1]2026 február'!S53=0, "", '[1]2026 február'!S53 ) | W55: =IF('[1]2026 február'!T53=0, "", '[1]2026 február'!T53 ) | X55: =IF('[1]2026 február'!U53=0, "", '[1]2026 február'!U53 ) | Y55: =IF('[1]2026 február'!V53=0, "", '[1]2026 február'!V53 ) | Z55: =IF('[1]2026 február'!W53=0, "", '[1]2026 február'!W53 ) | AA55: =IF('[1]2026 február'!X53=0, "", '[1]2026 február'!X53 ) | AB55: =IF('[1]2026 február'!Y53=0, "", '[1]2026 február'!Y53 ) | AC55: =IF('[1]2026 február'!Z53=0, "", '[1]2026 február'!Z53 ) | AD55: =IF('[1]2026 február'!AA53=0, "", '[1]2026 február'!AA53 ) | AE55: =IF('[1]2026 február'!AB$12=0, "", '[1]2026 február'!AB$12 ) | AF55: =IF('[1]2026 február'!AC$12=0, "", '[1]2026 február'!AC$12 ) | AG55: =IF('[1]2026 február'!AD$12=0, "", '[1]2026 február'!AD$12 ) | AH55: =IF('[1]2026 február'!AE53=0, "", '[1]2026 február'!AE53 ) | AI55: =IF('[1]2026 február'!AF53=0, "", '[1]2026 február'!AF53 ) | AJ55: =IF('[1]2026 február'!AG53=0, "", '[1]2026 február'!AG53 ) | AK55: =IF('[1]2026 február'!AH53=0, "", '[1]2026 február'!AH53 )
A56: 46065 | B56: 458575 | C56: 1300 | D56: 295950 | F56: 176995 | G56: 30370 | H56: 443875 | I56: 443875 | J56: 1038 | K56: 223033974 | P56: =IF('[1]2026 február'!B$12=0, "", '[1]2026 február'!B$12 ) -> 444245 | Q56: =IF(OR('[1]2026 február'!G54=0, ISBLANK('[1]2026 február'!G54)), "", '[1]2026 február'!G54 ) | R56: ='[1]2026 február'!W54 -> 0 | V56: =IF('[1]2026 február'!S54=0, "", '[1]2026 február'!S54 ) | W56: =IF('[1]2026 február'!T54=0, "", '[1]2026 február'!T54 ) | X56: =IF('[1]2026 február'!U54=0, "", '[1]2026 február'!U54 ) | Y56: =IF('[1]2026 február'!V54=0, "", '[1]2026 február'!V54 ) | Z56: =IF('[1]2026 február'!W54=0, "", '[1]2026 február'!W54 ) | AA56: =IF('[1]2026 február'!X54=0, "", '[1]2026 február'!X54 ) | AB56: =IF('[1]2026 február'!Y54=0, "", '[1]2026 február'!Y54 ) | AC56: =IF('[1]2026 február'!Z54=0, "", '[1]2026 február'!Z54 ) | AD56: =IF('[1]2026 február'!AA54=0, "", '[1]2026 február'!AA54 ) | AE56: =IF('[1]2026 február'!AB$13=0, "", '[1]2026 február'!AB$13 ) | AF56: =IF('[1]2026 február'!AC$13=0, "", '[1]2026 február'!AC$13 ) | AG56: =IF('[1]2026 február'!AD$13=0, "", '[1]2026 február'!AD$13 ) | AH56: =IF('[1]2026 február'!AE54=0, "", '[1]2026 február'!AE54 ) | AI56: =IF('[1]2026 február'!AF54=0, "", '[1]2026 február'!AF54 ) | AJ56: =IF('[1]2026 február'!AG54=0, "", '[1]2026 február'!AG54 ) | AK56: =IF('[1]2026 február'!AH54=0, "", '[1]2026 február'!AH54 )
A57: 46066 | B57: 291240 | C57: 600 | D57: 176955 | F57: 100175 | G57: 12285 | H57: 265445 | I57: 265445 | J57: 1039 | K57: 223311704 | P57: =IF('[1]2026 február'!B$13=0, "", '[1]2026 február'!B$13 ) -> 277730 | Q57: =IF(OR('[1]2026 február'!G55=0, ISBLANK('[1]2026 február'!G55)), "", '[1]2026 február'!G55 ) | R57: ='[1]2026 február'!W55 -> 0 | V57: =IF('[1]2026 február'!S55=0, "", '[1]2026 február'!S55 ) | W57: =IF('[1]2026 február'!T55=0, "", '[1]2026 február'!T55 ) | X57: =IF('[1]2026 február'!U55=0, "", '[1]2026 február'!U55 ) | Y57: =IF('[1]2026 február'!V55=0, "", '[1]2026 február'!V55 ) | Z57: =IF('[1]2026 február'!W55=0, "", '[1]2026 február'!W55 ) | AA57: =IF('[1]2026 február'!X55=0, "", '[1]2026 február'!X55 ) | AB57: =IF('[1]2026 február'!Y55=0, "", '[1]2026 február'!Y55 ) | AC57: =IF('[1]2026 február'!Z55=0, "", '[1]2026 február'!Z55 ) | AD57: =IF('[1]2026 február'!AA55=0, "", '[1]2026 február'!AA55 ) | AE57: =IF('[1]2026 február'!AB$14=0, "", '[1]2026 február'!AB$14 ) | AF57: =IF('[1]2026 február'!AC$14=0, "", '[1]2026 február'!AC$14 ) | AG57: =IF('[1]2026 február'!AD$14=0, "", '[1]2026 február'!AD$14 ) | AH57: =IF('[1]2026 február'!AE55=0, "", '[1]2026 február'!AE55 ) | AI57: =IF('[1]2026 február'!AF55=0, "", '[1]2026 február'!AF55 ) | AJ57: =IF('[1]2026 február'!AG55=0, "", '[1]2026 február'!AG55 ) | AK57: =IF('[1]2026 február'!AH55=0, "", '[1]2026 február'!AH55 )
A58: 46067 | P58: =IF('[1]2026 február'!B$14=0, "", '[1]2026 február'!B$14 ) | Q58: =IF(OR('[1]2026 február'!G56=0, ISBLANK('[1]2026 február'!G56)), "", '[1]2026 február'!G56 ) | R58: ='[1]2026 február'!W56 -> 0 | V58: =IF('[1]2026 február'!S56=0, "", '[1]2026 február'!S56 ) | W58: =IF('[1]2026 február'!T56=0, "", '[1]2026 február'!T56 ) | X58: =IF('[1]2026 február'!U56=0, "", '[1]2026 február'!U56 ) | Y58: =IF('[1]2026 február'!V56=0, "", '[1]2026 február'!V56 ) | Z58: =IF('[1]2026 február'!W56=0, "", '[1]2026 február'!W56 ) | AA58: =IF('[1]2026 február'!X56=0, "", '[1]2026 február'!X56 ) | AB58: =IF('[1]2026 február'!Y56=0, "", '[1]2026 február'!Y56 ) | AC58: =IF('[1]2026 február'!Z56=0, "", '[1]2026 február'!Z56 ) | AD58: =IF('[1]2026 február'!AA56=0, "", '[1]2026 február'!AA56 ) | AE58: =IF('[1]2026 február'!AB$15=0, "", '[1]2026 február'!AB$15 ) | AF58: =IF('[1]2026 február'!AC$15=0, "", '[1]2026 február'!AC$15 ) | AG58: =IF('[1]2026 február'!AD$15=0, "", '[1]2026 február'!AD$15 ) | AH58: =IF('[1]2026 február'!AE56=0, "", '[1]2026 február'!AE56 ) | AI58: =IF('[1]2026 február'!AF56=0, "", '[1]2026 február'!AF56 ) | AJ58: =IF('[1]2026 február'!AG56=0, "", '[1]2026 február'!AG56 ) | AK58: =IF('[1]2026 február'!AH56=0, "", '[1]2026 február'!AH56 )
A59: 46068 | P59: =IF('[1]2026 február'!B$15=0, "", '[1]2026 február'!B$15 ) | Q59: =IF(OR('[1]2026 február'!G57=0, ISBLANK('[1]2026 február'!G57)), "", '[1]2026 február'!G57 ) | R59: ='[1]2026 február'!W57 -> 0 | V59: =IF('[1]2026 február'!S57=0, "", '[1]2026 február'!S57 ) | W59: =IF('[1]2026 február'!T57=0, "", '[1]2026 február'!T57 ) | X59: =IF('[1]2026 február'!U57=0, "", '[1]2026 február'!U57 ) | Y59: =IF('[1]2026 február'!V57=0, "", '[1]2026 február'!V57 ) | Z59: =IF('[1]2026 február'!W57=0, "", '[1]2026 február'!W57 ) | AA59: =IF('[1]2026 február'!X57=0, "", '[1]2026 február'!X57 ) | AB59: =IF('[1]2026 február'!Y57=0, "", '[1]2026 február'!Y57 ) | AC59: =IF('[1]2026 február'!Z57=0, "", '[1]2026 február'!Z57 ) | AD59: =IF('[1]2026 február'!AA57=0, "", '[1]2026 február'!AA57 ) | AE59: =IF('[1]2026 február'!AB$16=0, "", '[1]2026 február'!AB$16 ) | AF59: =IF('[1]2026 február'!AC$16=0, "", '[1]2026 február'!AC$16 ) | AG59: =IF('[1]2026 február'!AD$16=0, "", '[1]2026 február'!AD$16 ) | AH59: =IF('[1]2026 február'!AE57=0, "", '[1]2026 február'!AE57 ) | AI59: =IF('[1]2026 február'!AF57=0, "", '[1]2026 február'!AF57 ) | AJ59: =IF('[1]2026 február'!AG57=0, "", '[1]2026 február'!AG57 ) | AK59: =IF('[1]2026 február'!AH57=0, "", '[1]2026 február'!AH57 )
A60: 46069 | B60: 353405 | C60: 800 | D60: 180420 | F60: 158145 | G60: 24125 | H60: 315240 | I60: 315240 | J60: 1040 | K60: 223651069 | P60: =IF('[1]2026 február'!B$16=0, "", '[1]2026 február'!B$16 ) -> 339365 | Q60: =IF(OR('[1]2026 február'!G58=0, ISBLANK('[1]2026 február'!G58)), "", '[1]2026 február'!G58 ) | R60: ='[1]2026 február'!W58 -> 0 | V60: =IF('[1]2026 február'!S58=0, "", '[1]2026 február'!S58 ) | W60: =IF('[1]2026 február'!T58=0, "", '[1]2026 február'!T58 ) | X60: =IF('[1]2026 február'!U58=0, "", '[1]2026 február'!U58 ) | Y60: =IF('[1]2026 február'!V58=0, "", '[1]2026 február'!V58 ) | Z60: =IF('[1]2026 február'!W58=0, "", '[1]2026 február'!W58 ) | AA60: =IF('[1]2026 február'!X58=0, "", '[1]2026 február'!X58 ) | AB60: =IF('[1]2026 február'!Y58=0, "", '[1]2026 február'!Y58 ) | AC60: =IF('[1]2026 február'!Z58=0, "", '[1]2026 február'!Z58 ) | AD60: =IF('[1]2026 február'!AA58=0, "", '[1]2026 február'!AA58 ) | AE60: =IF('[1]2026 február'!AB$17=0, "", '[1]2026 február'!AB$17 ) | AF60: =IF('[1]2026 február'!AC$17=0, "", '[1]2026 február'!AC$17 ) | AG60: =IF('[1]2026 február'!AD$17=0, "", '[1]2026 február'!AD$17 ) | AH60: =IF('[1]2026 február'!AE58=0, "", '[1]2026 február'!AE58 ) | AI60: =IF('[1]2026 február'!AF58=0, "", '[1]2026 február'!AF58 ) | AJ60: =IF('[1]2026 február'!AG58=0, "", '[1]2026 február'!AG58 ) | AK60: =IF('[1]2026 február'!AH58=0, "", '[1]2026 február'!AH58 )
A61: 46070 | B61: 441580 | C61: 1250 | D61: 198035 | F61: 276055 | G61: 19505 | H61: 455835 | I61: 455835 | J61: 1041 | K61: 224126409 | P61: =IF('[1]2026 február'!B$17=0, "", '[1]2026 február'!B$17 ) -> 425340 | Q61: =IF(OR('[1]2026 február'!G59=0, ISBLANK('[1]2026 február'!G59)), "", '[1]2026 február'!G59 ) | R61: ='[1]2026 február'!W59 -> 0 | V61: =IF('[1]2026 február'!S59=0, "", '[1]2026 február'!S59 ) | W61: =IF('[1]2026 február'!T59=0, "", '[1]2026 február'!T59 ) | X61: =IF('[1]2026 február'!U59=0, "", '[1]2026 február'!U59 ) | Y61: =IF('[1]2026 február'!V59=0, "", '[1]2026 február'!V59 ) | Z61: =IF('[1]2026 február'!W59=0, "", '[1]2026 február'!W59 ) | AA61: =IF('[1]2026 február'!X59=0, "", '[1]2026 február'!X59 ) | AB61: =IF('[1]2026 február'!Y59=0, "", '[1]2026 február'!Y59 ) | AC61: =IF('[1]2026 február'!Z59=0, "", '[1]2026 február'!Z59 ) | AD61: =IF('[1]2026 február'!AA59=0, "", '[1]2026 február'!AA59 ) | AE61: =IF('[1]2026 február'!AB$18=0, "", '[1]2026 február'!AB$18 ) | AF61: =IF('[1]2026 február'!AC$18=0, "", '[1]2026 február'!AC$18 ) | AG61: =IF('[1]2026 február'!AD$18=0, "", '[1]2026 február'!AD$18 ) | AH61: =IF('[1]2026 február'!AE59=0, "", '[1]2026 február'!AE59 ) | AI61: =IF('[1]2026 február'!AF59=0, "", '[1]2026 február'!AF59 ) | AJ61: =IF('[1]2026 február'!AG59=0, "", '[1]2026 február'!AG59 ) | AK61: =IF('[1]2026 február'!AH59=0, "", '[1]2026 február'!AH59 )
A62: 46071 | B62: 343075 | C62: 1040 | D62: 309810 | E62: 390 | F62: 12490 | G62: 12685 | H62: 311043 | I62: 311043 | J62: 1042 | K62: 224450139 | P62: =IF('[1]2026 február'!B$18=0, "", '[1]2026 február'!B$18 ) -> 325560 | Q62: =IF(OR('[1]2026 február'!G60=0, ISBLANK('[1]2026 február'!G60)), "", '[1]2026 február'!G60 ) | R62: ='[1]2026 február'!W60 -> 0 | V62: =IF('[1]2026 február'!S60=0, "", '[1]2026 február'!S60 ) | W62: =IF('[1]2026 február'!T60=0, "", '[1]2026 február'!T60 ) | X62: =IF('[1]2026 február'!U60=0, "", '[1]2026 február'!U60 ) | Y62: =IF('[1]2026 február'!V60=0, "", '[1]2026 február'!V60 ) | Z62: =IF('[1]2026 február'!W60=0, "", '[1]2026 február'!W60 ) | AA62: =IF('[1]2026 február'!X60=0, "", '[1]2026 február'!X60 ) | AB62: =IF('[1]2026 február'!Y60=0, "", '[1]2026 február'!Y60 ) | AC62: =IF('[1]2026 február'!Z60=0, "", '[1]2026 február'!Z60 ) | AD62: =IF('[1]2026 február'!AA60=0, "", '[1]2026 február'!AA60 ) | AE62: =IF('[1]2026 február'!AB$19=0, "", '[1]2026 február'!AB$19 ) | AF62: =IF('[1]2026 február'!AC$19=0, "", '[1]2026 február'!AC$19 ) | AG62: =IF('[1]2026 február'!AD$19=0, "", '[1]2026 február'!AD$19 ) | AH62: =IF('[1]2026 február'!AE60=0, "", '[1]2026 február'!AE60 ) | AI62: =IF('[1]2026 február'!AF60=0, "", '[1]2026 február'!AF60 ) | AJ62: =IF('[1]2026 február'!AG60=0, "", '[1]2026 február'!AG60 ) | AK62: =IF('[1]2026 február'!AH60=0, "", '[1]2026 február'!AH60 )
A63: 46072 | B63: 440925 | C63: 1000 | D63: 169525 | F63: 297690 | G63: 23680 | H63: 444535 | I63: 444535 | J63: 1043 | K63: 224918354 | P63: =IF('[1]2026 február'!B$19=0, "", '[1]2026 február'!B$19 ) -> 418215 | Q63: =IF(OR('[1]2026 február'!G61=0, ISBLANK('[1]2026 február'!G61)), "", '[1]2026 február'!G61 ) | R63: ='[1]2026 február'!W61 -> 0 | V63: =IF('[1]2026 február'!S61=0, "", '[1]2026 február'!S61 ) | W63: =IF('[1]2026 február'!T61=0, "", '[1]2026 február'!T61 ) | X63: =IF('[1]2026 február'!U61=0, "", '[1]2026 február'!U61 ) | Y63: =IF('[1]2026 február'!V61=0, "", '[1]2026 február'!V61 ) | Z63: =IF('[1]2026 február'!W61=0, "", '[1]2026 február'!W61 ) | AA63: =IF('[1]2026 február'!X61=0, "", '[1]2026 február'!X61 ) | AB63: =IF('[1]2026 február'!Y61=0, "", '[1]2026 február'!Y61 ) | AC63: =IF('[1]2026 február'!Z61=0, "", '[1]2026 február'!Z61 ) | AD63: =IF('[1]2026 február'!AA61=0, "", '[1]2026 február'!AA61 ) | AE63: =IF('[1]2026 február'!AB$20=0, "", '[1]2026 február'!AB$20 ) | AF63: =IF('[1]2026 február'!AC$20=0, "", '[1]2026 február'!AC$20 ) | AG63: =IF('[1]2026 február'!AD$20=0, "", '[1]2026 február'!AD$20 ) | AH63: =IF('[1]2026 február'!AE61=0, "", '[1]2026 február'!AE61 ) | AI63: =IF('[1]2026 február'!AF61=0, "", '[1]2026 február'!AF61 ) | AJ63: =IF('[1]2026 február'!AG61=0, "", '[1]2026 február'!AG61 ) | AK63: =IF('[1]2026 február'!AH61=0, "", '[1]2026 február'!AH61 )
A64: 46073 | B64: 309220 | C64: 850 | D64: 217955 | F64: 119215 | G64: 26365 | H64: 311655 | I64: 311655 | J64: 1044 | K64: 225256374 | P64: =IF('[1]2026 február'!B$20=0, "", '[1]2026 február'!B$20 ) -> 288020 | Q64: =IF(OR('[1]2026 február'!G62=0, ISBLANK('[1]2026 február'!G62)), "", '[1]2026 február'!G62 ) | R64: ='[1]2026 február'!W62 -> 0 | V64: =IF('[1]2026 február'!S62=0, "", '[1]2026 február'!S62 ) | W64: =IF('[1]2026 február'!T62=0, "", '[1]2026 február'!T62 ) | X64: =IF('[1]2026 február'!U62=0, "", '[1]2026 február'!U62 ) | Y64: =IF('[1]2026 február'!V62=0, "", '[1]2026 február'!V62 ) | Z64: =IF('[1]2026 február'!W62=0, "", '[1]2026 február'!W62 ) | AA64: =IF('[1]2026 február'!X62=0, "", '[1]2026 február'!X62 ) | AB64: =IF('[1]2026 február'!Y62=0, "", '[1]2026 február'!Y62 ) | AC64: =IF('[1]2026 február'!Z62=0, "", '[1]2026 február'!Z62 ) | AD64: =IF('[1]2026 február'!AA62=0, "", '[1]2026 február'!AA62 ) | AE64: =IF('[1]2026 február'!AB$21=0, "", '[1]2026 február'!AB$21 ) | AF64: =IF('[1]2026 február'!AC$21=0, "", '[1]2026 február'!AC$21 ) | AG64: =IF('[1]2026 február'!AD$21=0, "", '[1]2026 február'!AD$21 ) | AH64: =IF('[1]2026 február'!AE62=0, "", '[1]2026 február'!AE62 ) | AI64: =IF('[1]2026 február'!AF62=0, "", '[1]2026 február'!AF62 ) | AJ64: =IF('[1]2026 február'!AG62=0, "", '[1]2026 február'!AG62 ) | AK64: =IF('[1]2026 február'!AH62=0, "", '[1]2026 február'!AH62 )
A65: 46074 | P65: =IF('[1]2026 február'!B$21=0, "", '[1]2026 február'!B$21 ) | Q65: =IF(OR('[1]2026 február'!G63=0, ISBLANK('[1]2026 február'!G63)), "", '[1]2026 február'!G63 ) | R65: ='[1]2026 február'!W63 -> 0 | V65: =IF('[1]2026 február'!S63=0, "", '[1]2026 február'!S63 ) | W65: =IF('[1]2026 február'!T63=0, "", '[1]2026 február'!T63 ) | X65: =IF('[1]2026 február'!U63=0, "", '[1]2026 február'!U63 ) | Y65: =IF('[1]2026 február'!V63=0, "", '[1]2026 február'!V63 ) | Z65: =IF('[1]2026 február'!W63=0, "", '[1]2026 február'!W63 ) | AA65: =IF('[1]2026 február'!X63=0, "", '[1]2026 február'!X63 ) | AB65: =IF('[1]2026 február'!Y63=0, "", '[1]2026 február'!Y63 ) | AC65: =IF('[1]2026 február'!Z63=0, "", '[1]2026 február'!Z63 ) | AD65: =IF('[1]2026 február'!AA63=0, "", '[1]2026 február'!AA63 ) | AE65: =IF('[1]2026 február'!AB$22=0, "", '[1]2026 február'!AB$22 ) | AF65: =IF('[1]2026 február'!AC$22=0, "", '[1]2026 február'!AC$22 ) | AG65: =IF('[1]2026 február'!AD$22=0, "", '[1]2026 február'!AD$22 ) | AH65: =IF('[1]2026 február'!AE63=0, "", '[1]2026 február'!AE63 ) | AI65: =IF('[1]2026 február'!AF63=0, "", '[1]2026 február'!AF63 ) | AJ65: =IF('[1]2026 február'!AG63=0, "", '[1]2026 február'!AG63 ) | AK65: =IF('[1]2026 február'!AH63=0, "", '[1]2026 február'!AH63 )
A66: 46075 | P66: =IF('[1]2026 február'!B$22=0, "", '[1]2026 február'!B$22 ) | Q66: =IF(OR('[1]2026 február'!G64=0, ISBLANK('[1]2026 február'!G64)), "", '[1]2026 február'!G64 ) | R66: ='[1]2026 február'!W64 -> 0 | V66: =IF('[1]2026 február'!S64=0, "", '[1]2026 február'!S64 ) | W66: =IF('[1]2026 február'!T64=0, "", '[1]2026 február'!T64 ) | X66: =IF('[1]2026 február'!U64=0, "", '[1]2026 február'!U64 ) | Y66: =IF('[1]2026 február'!V64=0, "", '[1]2026 február'!V64 ) | Z66: =IF('[1]2026 február'!W64=0, "", '[1]2026 február'!W64 ) | AA66: =IF('[1]2026 február'!X64=0, "", '[1]2026 február'!X64 ) | AB66: =IF('[1]2026 február'!Y64=0, "", '[1]2026 február'!Y64 ) | AC66: =IF('[1]2026 február'!Z64=0, "", '[1]2026 február'!Z64 ) | AD66: =IF('[1]2026 február'!AA64=0, "", '[1]2026 február'!AA64 ) | AE66: =IF('[1]2026 február'!AB$23=0, "", '[1]2026 február'!AB$23 ) | AF66: =IF('[1]2026 február'!AC$23=0, "", '[1]2026 február'!AC$23 ) | AG66: =IF('[1]2026 február'!AD$23=0, "", '[1]2026 február'!AD$23 ) | AH66: =IF('[1]2026 február'!AE64=0, "", '[1]2026 február'!AE64 ) | AI66: =IF('[1]2026 február'!AF64=0, "", '[1]2026 február'!AF64 ) | AJ66: =IF('[1]2026 február'!AG64=0, "", '[1]2026 február'!AG64 ) | AK66: =IF('[1]2026 február'!AH64=0, "", '[1]2026 február'!AH64 )
A67: 46076 | B67: 316975 | C67: 850 | D67: 146515 | F67: 155520 | G67: 14190 | H67: 288695 | I67: 288695 | J67: 1045 | K67: 225559259 | P67: =IF('[1]2026 február'!B$23=0, "", '[1]2026 február'!B$23 ) -> 302885 | Q67: =IF(OR('[1]2026 február'!G65=0, ISBLANK('[1]2026 február'!G65)), "", '[1]2026 február'!G65 ) | R67: ='[1]2026 február'!W65 -> 0 | V67: =IF('[1]2026 február'!S65=0, "", '[1]2026 február'!S65 ) | W67: =IF('[1]2026 február'!T65=0, "", '[1]2026 február'!T65 ) | X67: =IF('[1]2026 február'!U65=0, "", '[1]2026 február'!U65 ) | Y67: =IF('[1]2026 február'!V65=0, "", '[1]2026 február'!V65 ) | Z67: =IF('[1]2026 február'!W65=0, "", '[1]2026 február'!W65 ) | AA67: =IF('[1]2026 február'!X65=0, "", '[1]2026 február'!X65 ) | AB67: =IF('[1]2026 február'!Y65=0, "", '[1]2026 február'!Y65 ) | AC67: =IF('[1]2026 február'!Z65=0, "", '[1]2026 február'!Z65 ) | AD67: =IF('[1]2026 február'!AA65=0, "", '[1]2026 február'!AA65 ) | AE67: =IF('[1]2026 február'!AB$24=0, "", '[1]2026 február'!AB$24 ) | AF67: =IF('[1]2026 február'!AC$24=0, "", '[1]2026 február'!AC$24 ) | AG67: =IF('[1]2026 február'!AD$24=0, "", '[1]2026 február'!AD$24 ) | AH67: =IF('[1]2026 február'!AE65=0, "", '[1]2026 február'!AE65 ) | AI67: =IF('[1]2026 február'!AF65=0, "", '[1]2026 február'!AF65 ) | AJ67: =IF('[1]2026 február'!AG65=0, "", '[1]2026 február'!AG65 ) | AK67: =IF('[1]2026 február'!AH65=0, "", '[1]2026 február'!AH65 )
A68: 46077 | B68: 361495 | C68: 550 | D68: 185835 | F68: 165800 | G68: 32415 | H68: 316810 | I68: 316810 | J68: 1046 | K68: 225911444 | M68: 2960 | N68: van | P68: =IF('[1]2026 február'!B$24=0, "", '[1]2026 február'!B$24 ) -> 349225 | Q68: =IF(OR('[1]2026 február'!G66=0, ISBLANK('[1]2026 február'!G66)), "", '[1]2026 február'!G66 ) | R68: ='[1]2026 február'!W66 -> 0 | V68: =IF('[1]2026 február'!S66=0, "", '[1]2026 február'!S66 ) | W68: =IF('[1]2026 február'!T66=0, "", '[1]2026 február'!T66 ) | X68: =IF('[1]2026 február'!U66=0, "", '[1]2026 február'!U66 ) | Y68: =IF('[1]2026 február'!V66=0, "", '[1]2026 február'!V66 ) | Z68: =IF('[1]2026 február'!W66=0, "", '[1]2026 február'!W66 ) | AA68: =IF('[1]2026 február'!X66=0, "", '[1]2026 február'!X66 ) | AB68: =IF('[1]2026 február'!Y66=0, "", '[1]2026 február'!Y66 ) | AC68: =IF('[1]2026 február'!Z66=0, "", '[1]2026 február'!Z66 ) | AD68: =IF('[1]2026 február'!AA66=0, "", '[1]2026 február'!AA66 ) | AE68: =IF('[1]2026 február'!AB$25=0, "", '[1]2026 február'!AB$25 ) | AF68: =IF('[1]2026 február'!AC$25=0, "", '[1]2026 február'!AC$25 ) | AG68: =IF('[1]2026 február'!AD$25=0, "", '[1]2026 február'!AD$25 ) | AH68: =IF('[1]2026 február'!AE66=0, "", '[1]2026 február'!AE66 ) | AI68: =IF('[1]2026 február'!AF66=0, "", '[1]2026 február'!AF66 ) | AJ68: =IF('[1]2026 február'!AG66=0, "", '[1]2026 február'!AG66 ) | AK68: =IF('[1]2026 február'!AH66=0, "", '[1]2026 február'!AH66 )
A69: 46078 | B69: 395720 | C69: 1000 | D69: 200475 | F69: 174300 | G69: 20610 | H69: 355165 | I69: 355165 | J69: 1047 | K69: 226287219 | P69: =IF('[1]2026 február'!B$25=0, "", '[1]2026 február'!B$25 ) -> 375775 | Q69: =IF(OR('[1]2026 február'!G67=0, ISBLANK('[1]2026 február'!G67)), "", '[1]2026 február'!G67 ) | R69: ='[1]2026 február'!W67 -> 0 | V69: =IF('[1]2026 február'!S67=0, "", '[1]2026 február'!S67 ) | W69: =IF('[1]2026 február'!T67=0, "", '[1]2026 február'!T67 ) | X69: =IF('[1]2026 február'!U67=0, "", '[1]2026 február'!U67 ) | Y69: =IF('[1]2026 február'!V67=0, "", '[1]2026 február'!V67 ) | Z69: =IF('[1]2026 február'!W67=0, "", '[1]2026 február'!W67 ) | AA69: =IF('[1]2026 február'!X67=0, "", '[1]2026 február'!X67 ) | AB69: =IF('[1]2026 február'!Y67=0, "", '[1]2026 február'!Y67 ) | AC69: =IF('[1]2026 február'!Z67=0, "", '[1]2026 február'!Z67 ) | AD69: =IF('[1]2026 február'!AA67=0, "", '[1]2026 február'!AA67 ) | AE69: =IF('[1]2026 február'!AB$26=0, "", '[1]2026 február'!AB$26 ) | AF69: =IF('[1]2026 február'!AC$26=0, "", '[1]2026 február'!AC$26 ) | AG69: =IF('[1]2026 február'!AD$26=0, "", '[1]2026 február'!AD$26 ) | AH69: =IF('[1]2026 február'!AE67=0, "", '[1]2026 február'!AE67 ) | AI69: =IF('[1]2026 február'!AF67=0, "", '[1]2026 február'!AF67 ) | AJ69: =IF('[1]2026 február'!AG67=0, "", '[1]2026 február'!AG67 ) | AK69: =IF('[1]2026 február'!AH67=0, "", '[1]2026 február'!AH67 )
A70: 46079 | B70: 367580 | C70: 800 | D70: 182130 | F70: 165555 | G70: 28290 | H70: 320195 | I70: 320195 | J70: 1048 | K70: 226635704 | P70: =IF('[1]2026 február'!B$26=0, "", '[1]2026 február'!B$26 ) -> 348485 | Q70: =IF(OR('[1]2026 február'!G68=0, ISBLANK('[1]2026 február'!G68)), "", '[1]2026 február'!G68 ) | R70: ='[1]2026 február'!W68 -> 0 | V70: =IF('[1]2026 február'!S68=0, "", '[1]2026 február'!S68 ) | W70: =IF('[1]2026 február'!T68=0, "", '[1]2026 február'!T68 ) | X70: =IF('[1]2026 február'!U68=0, "", '[1]2026 február'!U68 ) | Y70: =IF('[1]2026 február'!V68=0, "", '[1]2026 február'!V68 ) | Z70: =IF('[1]2026 február'!W68=0, "", '[1]2026 február'!W68 ) | AA70: =IF('[1]2026 február'!X68=0, "", '[1]2026 február'!X68 ) | AB70: =IF('[1]2026 február'!Y68=0, "", '[1]2026 február'!Y68 ) | AC70: =IF('[1]2026 február'!Z68=0, "", '[1]2026 február'!Z68 ) | AD70: =IF('[1]2026 február'!AA68=0, "", '[1]2026 február'!AA68 ) | AE70: =IF('[1]2026 február'!AB$27=0, "", '[1]2026 február'!AB$27 ) | AF70: =IF('[1]2026 február'!AC$27=0, "", '[1]2026 február'!AC$27 ) | AG70: =IF('[1]2026 február'!AD$27=0, "", '[1]2026 február'!AD$27 ) | AH70: =IF('[1]2026 február'!AE68=0, "", '[1]2026 február'!AE68 ) | AI70: =IF('[1]2026 február'!AF68=0, "", '[1]2026 február'!AF68 ) | AJ70: =IF('[1]2026 február'!AG68=0, "", '[1]2026 február'!AG68 ) | AK70: =IF('[1]2026 február'!AH68=0, "", '[1]2026 február'!AH68 )
A71: 46080 | B71: 319300 | C71: 800 | D71: 166845 | F71: 133495 | G71: 21850 | H71: 277500 | I71: 277500 | J71: 1049 | K71: 226936844 | M71: 1790 | N71: van | P71: =IF('[1]2026 február'!B$27=0, "", '[1]2026 február'!B$27 ) -> 299350 | Q71: =IF(OR('[1]2026 február'!G69=0, ISBLANK('[1]2026 február'!G69)), "", '[1]2026 február'!G69 ) | R71: ='[1]2026 február'!W69 -> 0 | V71: =IF('[1]2026 február'!S69=0, "", '[1]2026 február'!S69 ) | W71: =IF('[1]2026 február'!T69=0, "", '[1]2026 február'!T69 ) | X71: =IF('[1]2026 február'!U69=0, "", '[1]2026 február'!U69 ) | Y71: =IF('[1]2026 február'!V69=0, "", '[1]2026 február'!V69 ) | Z71: =IF('[1]2026 február'!W69=0, "", '[1]2026 február'!W69 ) | AA71: =IF('[1]2026 február'!X69=0, "", '[1]2026 február'!X69 ) | AB71: =IF('[1]2026 február'!Y69=0, "", '[1]2026 február'!Y69 ) | AC71: =IF('[1]2026 február'!Z69=0, "", '[1]2026 február'!Z69 ) | AD71: =IF('[1]2026 február'!AA69=0, "", '[1]2026 február'!AA69 ) | AE71: =IF('[1]2026 február'!AB$28=0, "", '[1]2026 február'!AB$28 ) | AF71: =IF('[1]2026 február'!AC$28=0, "", '[1]2026 február'!AC$28 ) | AG71: =IF('[1]2026 február'!AD$28=0, "", '[1]2026 február'!AD$28 ) | AH71: =IF('[1]2026 február'!AE69=0, "", '[1]2026 február'!AE69 ) | AI71: =IF('[1]2026 február'!AF69=0, "", '[1]2026 február'!AF69 ) | AJ71: =IF('[1]2026 február'!AG69=0, "", '[1]2026 február'!AG69 ) | AK71: =IF('[1]2026 február'!AH69=0, "", '[1]2026 február'!AH69 )
A72: 46081 | P72: =IF('[1]2026 február'!B$28=0, "", '[1]2026 február'!B$28 ) | Q72: =IF(OR('[1]2026 február'!G70=0, ISBLANK('[1]2026 február'!G70)), "", '[1]2026 február'!G70 ) | R72: ='[1]2026 február'!W70 -> 0 | V72: =IF('[1]2026 február'!S70=0, "", '[1]2026 február'!S70 ) | W72: =IF('[1]2026 február'!T70=0, "", '[1]2026 február'!T70 ) | X72: =IF('[1]2026 február'!U70=0, "", '[1]2026 február'!U70 ) | Y72: =IF('[1]2026 február'!V70=0, "", '[1]2026 február'!V70 ) | Z72: =IF('[1]2026 február'!W70=0, "", '[1]2026 február'!W70 ) | AA72: =IF('[1]2026 február'!X70=0, "", '[1]2026 február'!X70 ) | AB72: =IF('[1]2026 február'!Y70=0, "", '[1]2026 február'!Y70 ) | AC72: =IF('[1]2026 február'!Z70=0, "", '[1]2026 február'!Z70 ) | AD72: =IF('[1]2026 február'!AA70=0, "", '[1]2026 február'!AA70 ) | AE72: =IF('[1]2026 február'!AB$29=0, "", '[1]2026 február'!AB$29 ) | AF72: =IF('[1]2026 február'!AC$29=0, "", '[1]2026 február'!AC$29 ) | AG72: =IF('[1]2026 február'!AD$29=0, "", '[1]2026 február'!AD$29 ) | AH72: =IF('[1]2026 február'!AE70=0, "", '[1]2026 február'!AE70 ) | AI72: =IF('[1]2026 február'!AF70=0, "", '[1]2026 február'!AF70 ) | AJ72: =IF('[1]2026 február'!AG70=0, "", '[1]2026 február'!AG70 ) | AK72: =IF('[1]2026 február'!AH70=0, "", '[1]2026 február'!AH70 )
P73: =IF('[1]2026 február'!B$29=0, "", '[1]2026 február'!B$29 ) | Q73: =IF(OR('[1]2026 február'!G71=0, ISBLANK('[1]2026 február'!G71)), "", '[1]2026 február'!G71 ) | R73: ='[1]2026 február'!W71 -> 0 | V73: =IF('[1]2026 február'!S71=0, "", '[1]2026 február'!S71 ) | W73: =IF('[1]2026 február'!T71=0, "", '[1]2026 február'!T71 ) | X73: =IF('[1]2026 február'!U71=0, "", '[1]2026 február'!U71 ) | Y73: =IF('[1]2026 február'!V71=0, "", '[1]2026 február'!V71 ) | Z73: =IF('[1]2026 február'!W71=0, "", '[1]2026 február'!W71 ) | AA73: =IF('[1]2026 február'!X71=0, "", '[1]2026 február'!X71 ) | AB73: =IF('[1]2026 február'!Y71=0, "", '[1]2026 február'!Y71 ) | AC73: =IF('[1]2026 február'!Z71=0, "", '[1]2026 február'!Z71 ) | AD73: =IF('[1]2026 február'!AA71=0, "", '[1]2026 február'!AA71 ) | AE73: =IF('[1]2026 február'!AB$30=0, "", '[1]2026 február'!AB$30 ) | AF73: =IF('[1]2026 február'!AC$30=0, "", '[1]2026 február'!AC$30 ) | AG73: =IF('[1]2026 február'!AD$30=0, "", '[1]2026 február'!AD$30 ) | AH73: =IF('[1]2026 február'!AE71=0, "", '[1]2026 február'!AE71 ) | AI73: =IF('[1]2026 február'!AF71=0, "", '[1]2026 február'!AF71 ) | AJ73: =IF('[1]2026 február'!AG71=0, "", '[1]2026 február'!AG71 ) | AK73: =IF('[1]2026 február'!AH71=0, "", '[1]2026 február'!AH71 )
P74: =IF('[1]2026 február'!B$30=0, "", '[1]2026 február'!B$30 ) | Q74: =IF(OR('[1]2026 február'!G72=0, ISBLANK('[1]2026 február'!G72)), "", '[1]2026 február'!G72 ) | R74: ='[1]2026 február'!W72 -> 0 | V74: =IF('[1]2026 február'!S72=0, "", '[1]2026 február'!S72 ) | W74: =IF('[1]2026 február'!T72=0, "", '[1]2026 február'!T72 ) | X74: =IF('[1]2026 február'!U72=0, "", '[1]2026 február'!U72 ) | Y74: =IF('[1]2026 február'!V72=0, "", '[1]2026 február'!V72 ) | Z74: =IF('[1]2026 február'!W72=0, "", '[1]2026 február'!W72 ) | AA74: =IF('[1]2026 február'!X72=0, "", '[1]2026 február'!X72 ) | AB74: =IF('[1]2026 február'!Y72=0, "", '[1]2026 február'!Y72 ) | AC74: =IF('[1]2026 február'!Z72=0, "", '[1]2026 február'!Z72 ) | AD74: =IF('[1]2026 február'!AA72=0, "", '[1]2026 február'!AA72 ) | AE74: =IF('[1]2026 február'!AB$31=0, "", '[1]2026 február'!AB$31 ) | AF74: =IF('[1]2026 február'!AC$31=0, "", '[1]2026 február'!AC$31 ) | AG74: =IF('[1]2026 február'!AD$31=0, "", '[1]2026 február'!AD$31 ) | AH74: =IF('[1]2026 február'!AE72=0, "", '[1]2026 február'!AE72 ) | AI74: =IF('[1]2026 február'!AF72=0, "", '[1]2026 február'!AF72 ) | AJ74: =IF('[1]2026 február'!AG72=0, "", '[1]2026 február'!AG72 ) | AK74: =IF('[1]2026 február'!AH72=0, "", '[1]2026 február'!AH72 )
P75: =IF('[1]2026 február'!B$31=0, "", '[1]2026 február'!B$31 ) | Q75: =IF(OR('[1]2026 február'!G73=0, ISBLANK('[1]2026 február'!G73)), "", '[1]2026 február'!G73 ) | R75: ='[1]2026 február'!W73 -> 0 | V75: =IF('[1]2026 február'!S73=0, "", '[1]2026 február'!S73 ) | W75: =IF('[1]2026 február'!T73=0, "", '[1]2026 február'!T73 ) | X75: =IF('[1]2026 február'!U73=0, "", '[1]2026 február'!U73 ) | Y75: =IF('[1]2026 február'!V73=0, "", '[1]2026 február'!V73 ) | Z75: =IF('[1]2026 február'!W73=0, "", '[1]2026 február'!W73 ) | AA75: =IF('[1]2026 február'!X73=0, "", '[1]2026 február'!X73 ) | AB75: =IF('[1]2026 február'!Y73=0, "", '[1]2026 február'!Y73 ) | AC75: =IF('[1]2026 február'!Z73=0, "", '[1]2026 február'!Z73 ) | AD75: =IF('[1]2026 február'!AA73=0, "", '[1]2026 február'!AA73 ) | AE75: =IF('[1]2026 február'!AB$32=0, "", '[1]2026 február'!AB$32 ) | AF75: =IF('[1]2026 február'!AC$32=0, "", '[1]2026 február'!AC$32 ) | AG75: =IF('[1]2026 február'!AD$32=0, "", '[1]2026 február'!AD$32 ) | AH75: =IF('[1]2026 február'!AE73=0, "", '[1]2026 február'!AE73 ) | AI75: =IF('[1]2026 február'!AF73=0, "", '[1]2026 február'!AF73 ) | AJ75: =IF('[1]2026 február'!AG73=0, "", '[1]2026 február'!AG73 ) | AK75: =IF('[1]2026 február'!AH73=0, "", '[1]2026 február'!AH73 )
A76: Összesen: | C76: =SUM(C43:C75) -> 19240 | D76: =SUM(D43:D75) -> 4535249 | E76: =SUM(E43:E75) -> 3894 | F76: =SUM(F43:F75) -> 2862164 | G76: =SUM(G43:G75) -> 495690 | H76: =SUM(H45:H75) -> 6920105 | I76: =SUM(I46:I72) -> 6920105 | K76: 226936844 | L76: 7420547 | P76: =IF('[1]2026 február'!B$32=0, "", '[1]2026 február'!B$32 ) | Q76: =IF(OR('[1]2026 február'!G74=0, ISBLANK('[1]2026 február'!G74)), "", '[1]2026 február'!G74 ) | R76: ='[1]2026 február'!W74 -> 0 | V76: =IF('[1]2026 február'!S74=0, "", '[1]2026 február'!S74 ) | W76: =IF('[1]2026 február'!T74=0, "", '[1]2026 február'!T74 ) | X76: =IF('[1]2026 február'!U74=0, "", '[1]2026 február'!U74 ) | Y76: =IF('[1]2026 február'!V74=0, "", '[1]2026 február'!V74 ) | Z76: =IF('[1]2026 február'!W74=0, "", '[1]2026 február'!W74 ) | AA76: =IF('[1]2026 február'!X74=0, "", '[1]2026 február'!X74 ) | AB76: =IF('[1]2026 február'!Y74=0, "", '[1]2026 február'!Y74 ) | AC76: =IF('[1]2026 február'!Z74=0, "", '[1]2026 február'!Z74 ) | AD76: =IF('[1]2026 február'!AA74=0, "", '[1]2026 február'!AA74 ) | AE76: =IF('[1]2026 február'!AB$33=0, "", '[1]2026 február'!AB$33 ) | AF76: =IF('[1]2026 február'!AC$33=0, "", '[1]2026 február'!AC$33 ) | AG76: =IF('[1]2026 február'!AD$33=0, "", '[1]2026 február'!AD$33 ) | AH76: =IF('[1]2026 február'!AE74=0, "", '[1]2026 február'!AE74 ) | AI76: =IF('[1]2026 február'!AF74=0, "", '[1]2026 február'!AF74 ) | AJ76: =IF('[1]2026 február'!AG74=0, "", '[1]2026 február'!AG74 ) | AK76: =IF('[1]2026 február'!AH74=0, "", '[1]2026 február'!AH74 )
C77: =C76+D76+E76+F76 -> 7420547 | G77: =G76+H76 -> 7415795 | P77: =IF('[1]2026 február'!B$33=0, "", '[1]2026 február'!B$33 ) -> 7203260
A81: ÜZENŐFAL
A85: Március | P85: ='[1]2026 január'!B83 -> 0 | Q85: Március
A86: 46082 | Q86: 46082
A87: 46083 | B87: 337960 | C87: 950 | D87: 200165 | F87: 121635 | G87: 26670 | H87: 296080 | I87: 296080 | J87: 1050 | K87: 227259594 | P87: =IF('[1]2026 március'!B$2=0, "", '[1]2026 március'!B$2 ) | Q87: 46083
A88: 46084 | B88: 401050 | C88: 1000 | D88: 202435 | F88: 182655 | G88: 33615 | H88: 352475 | I88: 352475 | J88: 1051 | K88: 227645684 | P88: =IF('[1]2026 március'!B$3=0, "", '[1]2026 március'!B$3 ) -> 322750 | Q88: 46084
A89: 46085 | B89: 448555 | C89: 1250 | D89: 180215 | F89: 248820 | G89: 33765 | H89: 396520 | I89: 396520 | J89: 1052 | K89: 228075969 | P89: =IF('[1]2026 március'!B$4=0, "", '[1]2026 március'!B$4 ) -> 386090 | Q89: 46085
A90: 46086 | B90: 394770 | C90: 1200 | D90: 184270 | F90: 198650 | G90: 25770 | H90: 358350 | I90: 358350 | J90: 1053 | K90: 228460089 | P90: =IF('[1]2026 március'!B$5=0, "", '[1]2026 március'!B$5 ) -> 429935 | Q90: 46086
A91: 46087 | B91: 303180 | C91: 700 | D91: 180770 | F91: 108685 | G91: 13130 | H91: 277025 | I91: 277025 | J91: 1054 | K91: 228750244 | P91: =IF('[1]2026 március'!B$6=0, "", '[1]2026 március'!B$6 ) -> 394770 | Q91: 46087
A92: 46088 | P92: =IF('[1]2026 március'!B$7=0, "", '[1]2026 március'!B$7 ) -> 290155 | Q92: 46088
A93: 46089 | P93: =IF('[1]2026 március'!B$8=0, "", '[1]2026 március'!B$8 ) | Q93: 46089
A94: 46090 | B94: 368265 | C94: 1300 | D94: 168070 | F94: 186655 | G94: 13390 | H94: 342635 | I94: 342635 | J94: 1055 | K94: 229106269 | P94: =IF('[1]2026 március'!B$9=0, "", '[1]2026 március'!B$9 ) | Q94: 46090
A95: 46091 | B95: 387530 | C95: 1300 | D95: 191340 | F95: 179700 | G95: 26530 | H95: 345810 | I95: 353495 | J95: 1056 | K95: 229486294 | P95: =IF('[1]2026 március'!B$10=0, "", '[1]2026 március'!B$10 ) -> 356025 | Q95: 46091
D96: 7685 | H96: 7685 | J96: 1057 | K96: 229486294
A97: 46092 | B97: 401995 | C97: 1000 | D97: 218035 | F97: 211365 | G97: 20100 | H97: 410300 | I97: 410300 | J97: 1058 | K97: 229916694 | P97: =IF('[1]2026 március'!B$11=0, "", '[1]2026 március'!B$11 ) -> 380025 | Q97: 46092
A98: 46093 | B98: 461160 | C98: 1350 | D98: 195780 | F98: 253675 | G98: 27455 | H98: 423350 | I98: 423350 | J98: 1059 | K98: 230367499 | P98: =IF('[1]2026 március'!B$12=0, "", '[1]2026 március'!B$12 ) -> 390400 | Q98: 46093
A99: 46094 | B99: 310605 | C99: 800 | D99: 251950 | F99: 81265 | G99: 4550 | H99: 329465 | I99: 329465 | J99: 1060 | K99: 230701514 | P99: =IF('[1]2026 március'!B$13=0, "", '[1]2026 március'!B$13 ) -> 420805 | Q99: 46094
A100: 46095 | P100: =IF('[1]2026 március'!B$14=0, "", '[1]2026 március'!B$14 ) -> 304015 | Q100: 46095 | CR100: Ezek itt miért vannak kézzel beírva?
A101: 46096 | P101: =IF('[1]2026 március'!B$15=0, "", '[1]2026 március'!B$15 ) | Q101: 46096
A102: 46097 | B102: 378750 | C102: 1400 | D102: 274035 | F102: 136830 | G102: 22540 | H102: 389725 | I102: 389725 | J102: 1061 | K102: 231113779 | P102: =IF('[1]2026 március'!B$16=0, "", '[1]2026 március'!B$16 ) | Q102: 46097
A103: 46098 | B103: 349160 | C103: 1000 | D103: 177435 | F103: 211375 | G103: 18885 | H103: 370925 | I103: 370925 | J103: 1062 | K103: 231503589 | P103: =IF('[1]2026 március'!B$17=0, "", '[1]2026 március'!B$17 ) -> 367265 | Q103: 46098
A104: 46099 | B104: 373565 | C104: 1150 | D104: 193565 | F104: 156510 | G104: 17520 | H104: 333705 | I104: 333705 | J104: 1063 | K104: 231854814 | P104: =IF('[1]2026 március'!B$18=0, "", '[1]2026 március'!B$18 ) -> 339810 | Q104: 46099
A105: 46100 | B105: 430040 | C105: 1150 | D105: 158580 | F105: 263690 | G105: 34900 | H105: 386680 | I105: 386680 | J105: 1064 | K105: 232278234 | M105: 1840 | N105: nincs | P105: =IF('[1]2026 március'!B$19=0, "", '[1]2026 március'!B$19 ) -> 352275 | Q105: 46100
A106: 46101 | B106: 282235 | C106: 950 | D106: 139870 | F106: 124355 | G106: 18100 | H106: 247075 | I106: 247075 | J106: 1065 | K106: 232543409 | P106: =IF('[1]2026 március'!B$20=0, "", '[1]2026 március'!B$20 ) -> 415440 | Q106: 46101
A107: 46102 | P107: =IF('[1]2026 március'!B$21=0, "", '[1]2026 március'!B$21 ) -> 265175 | Q107: 46102
A108: 46103 | P108: =IF('[1]2026 március'!B$22=0, "", '[1]2026 március'!B$22 ) | Q108: 46103
A109: 46104 | B109: 340370 | C109: 1250 | D109: 201620 | F109: 124380 | G109: 23640 | H109: 303610 | I109: 303610 | J109: 1066 | K109: 232870659 | P109: =IF('[1]2026 március'!B$23=0, "", '[1]2026 március'!B$23 ) | Q109: 46104
A110: 46105 | B110: 432485 | C110: 1150 | D110: 217555 | F110: 189875 | G110: 24390 | H110: 384190 | I110: 384190 | J110: 1067 | K110: 233279239 | P110: =IF('[1]2026 március'!B$24=0, "", '[1]2026 március'!B$24 ) -> 327250 | Q110: 46105
A111: 46106 | B111: 361005 | C111: 850 | D111: 194425 | F111: 156060 | G111: 37815 | H111: 313520 | I111: 313520 | J111: 1068 | K111: 233630574 | P111: =IF('[1]2026 március'!B$25=0, "", '[1]2026 március'!B$25 ) -> 408580 | Q111: 46106
A112: 46107 | B112: 437695 | C112: 950 | D112: 173110 | F112: 248625 | G112: 33505 | H112: 389180 | I112: 389180 | J112: 1069 | K112: 234053259 | P112: =IF('[1]2026 március'!B$26=0, "", '[1]2026 március'!B$26 ) -> 351335 | Q112: 46107
...

Sheet Knorr105
A1: AP A09111376 | B1: Novohost | C1: 0 | D1: 0.05 | E1: 0.18 | F1: 0.27 | G1: készpénz | H1: kártya | I1: terminál sz. bankkártya | J1: Borravaló | K1: zárás ssz | L1: göngyölt e. | M1: időszaki össz: | N1: EUR | O1: jegyzőkönyv | Q1: AP A24010154 | R1: Novohost | S1: 0 | T1: 0.05 | U1: 0.18 | V1: 0.27 | W1: készpénz | X1: kártya | Y1: terminál sz. bankkártya | Z1: Borravaló | AA1: zárás ssz | AB1: göngyölt e. | AC1: időszaki össz: | AD1: EUR | AE1: jegyzőkönyv | AG1: AP A13609805 | AH1: Novohost | AI1: 0 | AJ1: 0.05 | AK1: 0.18 | AL1: 0.27 | AM1: készpénz | AN1: kártya | AO1: terminál sz. bankkártya | AP1: Borravaló | AQ1: zárás ssz | AR1: göngyölt e. | AS1: időszaki össz: | AT1: EUR | AU1: AP A24004860 | AV1: 0 | AW1: 0 | AX1: 0 | AY1: 0 | AZ1: 0 | BA1: 0 | BB1: terminál sz. bankkártya | BC1: 0 | BD1: 0 | BE1: időszaki össz: | BG1: jegyzőkönyv | BI1: AP A09110892 | BJ1: Novohost | BK1: 0 | BL1: 0.05 | BM1: 0.18 | BN1: 0.27 | BO1: készpénz | BP1: kártya | BQ1: terminál sz. bankkártya | BR1: Borravaló | BS1: zárás sz. | BT1: göngyölt | BU1: időszaki össz: | BV1: EUR | BW1: jegyzőkönyv | BY1: ='[2]2026 január'!B$1 -> Novohost
A2: Január | Q2: Január | AG2: Január | AU2: Január | BI2: Január | BY2: ='[2]2026 január'!B$1 -> Novohost | BZ2: ='[2]2026 január'!G1 -> Tartalék Kiadás | CA2: ='[2]2026 január'!W1 -> Kivét | CB2: Eredmény | CE2: ='[2]2026 január'!S1 -> Pénztár nyitó | CF2: ='[2]2026 január'!T1 -> Pénztár kp bevétel | CG2: ='[2]2026 január'!U1 -> Egyéb bevétel | CH2: ='[2]2026 január'!V1 -> Költött | CI2: ='[2]2026 január'!W1 -> Kivét | CJ2: ='[2]2026 január'!X1 -> Eltérés | CK2: ='[2]2026 január'!Y1 -> Záró | CL2: ='[2]2026 január'!Z1 -> Megjegyzések | ... CP2: ='[2]2026 január'!AD1 -> Egyéb kiadás
A3: 46023 | Q3: 46023 | AG3: 46023 | AU3: 45658 | BI3: 46023 | BY3: =IF('[2]2026 január'!B$2=0, "", '[2]2026 január'!B$2 ) | BZ3: =IF(OR('[2]2026 január'!G2=0, ISBLANK('[2]2026 január'!G2)), "", '[2]2026 január'!G2 ) | CA3: ='[2]2026 január'!W2 -> 0 | CB3: =P3-Q3-S3-G3-H3 -> -46023 | CE3: =IF('[2]2026 január'!S2=0, "", '[2]2026 január'!S2 ) | CF3: =IF('[2]2026 január'!T2=0, "", '[2]2026 január'!T2 ) | CG3: =IF('[2]2026 január'!U2=0, "", '[2]2026 január'!U2 ) | CH3: =IF('[2]2026 január'!V2=0, "", '[2]2026 január'!V2 ) | CI3: =IF('[2]2026 január'!W2=0, "", '[2]2026 január'!W2 ) | CJ3: =IF('[2]2026 január'!X2=0, "", '[2]2026 január'!X2 ) | CK3: =IF('[2]2026 január'!Y2=0, "", '[2]2026 január'!Y2 ) | CL3: =IF('[2]2026 január'!Z2=0, "", '[2]2026 január'!Z2 ) | ... CP3: =IF('[2]2026 január'!AD2=0, "", '[2]2026 január'!AD2 ) | CQ3: =IF('[2]2026 január'!AE$2=0, "", '[2]2026 január'!AE$2 ) | CR3: =IF('[2]2026 január'!AF2=0, "", '[2]2026 január'!AF2 ) | CS3: =IF('[2]2026 január'!AG2=0, "", '[2]2026 január'!AG2 ) | CT3: =IF('[2]2026 január'!AH2=0, "", '[2]2026 január'!AH2 )
A4: 46024 | Q4: 46024 | AG4: 46024 | AU4: 45659 | AV4: 500 | AW4: 108085 | BA4: 108585 | BB4: 108585 | BC4: 751 | BD4: 252809421 | BI4: 46024 | BY4: =IF('[2]2026 január'!B$3=0, "", '[2]2026 január'!B$3 ) | BZ4: =IF(OR('[2]2026 január'!G3=0, ISBLANK('[2]2026 január'!G3)), "", '[2]2026 január'!G3 ) | CA4: ='[2]2026 január'!W3 -> 0 | CE4: =IF('[2]2026 január'!S3=0, "", '[2]2026 január'!S3 ) | CF4: =IF('[2]2026 január'!T3=0, "", '[2]2026 január'!T3 ) | CG4: =IF('[2]2026 január'!U3=0, "", '[2]2026 január'!U3 ) | CH4: =IF('[2]2026 január'!V3=0, "", '[2]2026 január'!V3 ) | CI4: =IF('[2]2026 január'!W3=0, "", '[2]2026 január'!W3 ) | CJ4: =IF('[2]2026 január'!X3=0, "", '[2]2026 január'!X3 ) | CK4: =IF('[2]2026 január'!Y3=0, "", '[2]2026 január'!Y3 ) | CL4: =IF('[2]2026 január'!Z3=0, "", '[2]2026 január'!Z3 ) | ... CP4: =IF('[2]2026 január'!AD3=0, "", '[2]2026 január'!AD3 ) | CQ4: =IF('[2]2026 január'!AE$3=0, "", '[2]2026 január'!AE$3 ) | CR4: =IF('[2]2026 január'!AF3=0, "", '[2]2026 január'!AF3 ) | CS4: =IF('[2]2026 január'!AG3=0, "", '[2]2026 január'!AG3 ) | CT4: =IF('[2]2026 január'!AH3=0, "", '[2]2026 január'!AH3 )
A5: 46025 | Q5: 46025 | AG5: 46025 | AU5: 45660 | AV5: 850 | AW5: 133854 | AY5: 3050 | BA5: 137754 | BB5: 137754 | BC5: 752 | BD5: 252947175 | BI5: 46025 | BY5: =IF('[2]2026 január'!B$4=0, "", '[2]2026 január'!B$4 ) | BZ5: =IF(OR('[2]2026 január'!G4=0, ISBLANK('[2]2026 január'!G4)), "", '[2]2026 január'!G4 ) | CA5: ='[2]2026 január'!W4 -> 0 | CE5: =IF('[2]2026 január'!S4=0, "", '[2]2026 január'!S4 ) -> 143114 | CF5: =IF('[2]2026 január'!T4=0, "", '[2]2026 január'!T4 ) | CG5: =IF('[2]2026 január'!U4=0, "", '[2]2026 január'!U4 ) | CH5: =IF('[2]2026 január'!V4=0, "", '[2]2026 január'!V4 ) -> 40000 | CI5: =IF('[2]2026 január'!W4=0, "", '[2]2026 január'!W4 ) | CJ5: =IF('[2]2026 január'!X4=0, "", '[2]2026 január'!X4 ) | CK5: =IF('[2]2026 január'!Y4=0, "", '[2]2026 január'!Y4 ) -> 103114 | CL5: =IF('[2]2026 január'!Z4=0, "", '[2]2026 január'!Z4 ) | ... CP5: =IF('[2]2026 január'!AD4=0, "", '[2]2026 január'!AD4 ) | CQ5: =IF('[2]2026 január'!AE$4=0, "", '[2]2026 január'!AE$4 ) | CR5: =IF('[2]2026 január'!AF4=0, "", '[2]2026 január'!AF4 ) | CS5: =IF('[2]2026 január'!AG4=0, "", '[2]2026 január'!AG4 ) | CT5: =IF('[2]2026 január'!AH4=0, "", '[2]2026 január'!AH4 )
A6: 46026 | Q6: 46026 | AG6: 46026 | AU6: 45661 | AV6: 700 | AW6: 123630 | AY6: 2435 | BC6: 753 | BD6: 253073940 | BE6: 373104 | BI6: 46026 | BY6: =IF('[2]2026 január'!B$5=0, "", '[2]2026 január'!B$5 ) | BZ6: =IF(OR('[2]2026 január'!G5=0, ISBLANK('[2]2026 január'!G5)), "", '[2]2026 január'!G5 ) | CA6: ='[2]2026 január'!W5 -> 0 | CE6: =IF('[2]2026 január'!S5=0, "", '[2]2026 január'!S5 ) | CF6: =IF('[2]2026 január'!T5=0, "", '[2]2026 január'!T5 ) | CG6: =IF('[2]2026 január'!U5=0, "", '[2]2026 január'!U5 ) | CH6: =IF('[2]2026 január'!V5=0, "", '[2]2026 január'!V5 ) | CI6: =IF('[2]2026 január'!W5=0, "", '[2]2026 január'!W5 ) | CJ6: =IF('[2]2026 január'!X5=0, "", '[2]2026 január'!X5 ) | CK6: =IF('[2]2026 január'!Y5=0, "", '[2]2026 január'!Y5 ) | CL6: =IF('[2]2026 január'!Z5=0, "", '[2]2026 január'!Z5 ) | ... CP6: =IF('[2]2026 január'!AD5=0, "", '[2]2026 január'!AD5 ) | CQ6: =IF('[2]2026 január'!AE$5=0, "", '[2]2026 január'!AE$5 ) | CR6: =IF('[2]2026 január'!AF5=0, "", '[2]2026 január'!AF5 ) | CS6: =IF('[2]2026 január'!AG5=0, "", '[2]2026 január'!AG5 ) | CT6: =IF('[2]2026 január'!AH5=0, "", '[2]2026 január'!AH5 )
A7: 46027 | B7: 301355 | C7: 1200 | D7: 276328 | E7: 50 | H7: 277578 | I7: 277578 | J7: 1648 | K7: 0428 | L7: 125380688 | Q7: 46027 | R7: 432480 | S7: 1550 | T7: 401645 | U7: 0 | V7: 0 | W7: 4225 | X7: 398970 | Y7: 398970 | Z7: -110 | AA7: 0384 | AB7: 153394877 | AG7: 46027 | AH7: 433425 | AI7: 2800 | AJ7: 396078 | AN7: 398878 | AO7: 398878 | AP7: -1557 | AQ7: 1239 | AR7: 296884456 | AU7: 45662 | BI7: 46027 | BJ7: 174765 | BK7: 850 | BL7: 160925 | BP7: 161775 | BQ7: 161775 | BR7: 1850 | BS7: 0990 | BT7: 166202988 | BY7: =IF('[2]2026 január'!B$6=0, "", '[2]2026 január'!B$6 ) -> 1342025 | BZ7: =IF(OR('[2]2026 január'!G6=0, ISBLANK('[2]2026 január'!G6)), "", '[2]2026 január'!G6 ) | CA7: ='[2]2026 január'!W6 -> 0 | CE7: =IF('[2]2026 január'!S6=0, "", '[2]2026 január'!S6 ) -> 103114 | CF7: =IF('[2]2026 január'!T6=0, "", '[2]2026 január'!T6 ) -> 104824 | CG7: =IF('[2]2026 január'!U6=0, "", '[2]2026 január'!U6 ) | CH7: =IF('[2]2026 január'!V6=0, "", '[2]2026 január'!V6 ) -> 14500 | CI7: =IF('[2]2026 január'!W6=0, "", '[2]2026 január'!W6 ) | CJ7: =IF('[2]2026 január'!X6=0, "", '[2]2026 január'!X6 ) | CK7: =IF('[2]2026 január'!Y6=0, "", '[2]2026 január'!Y6 ) -> 193438 | CL7: =IF('[2]2026 január'!Z6=0, "", '[2]2026 január'!Z6 ) | ... CP7: =IF('[2]2026 január'!AD6=0, "", '[2]2026 január'!AD6 ) | CQ7: =IF('[2]2026 január'!AE$6=0, "", '[2]2026 január'!AE$6 ) | CR7: =IF('[2]2026 január'!AF6=0, "", '[2]2026 január'!AF6 ) | CS7: =IF('[2]2026 január'!AG6=0, "", '[2]2026 január'!AG6 ) | CT7: =IF('[2]2026 január'!AH6=0, "", '[2]2026 január'!AH6 )
A8: 46028 | B8: 426795 | C8: 700 | D8: 388405 | H8: 389105 | I8: 389105 | J8: 1810 | K8: 0429 | L8: 125769793 | Q8: 46028 | R8: 466820 | S8: 2600 | T8: 431856 | X8: 434456 | Y8: 434456 | Z8: 1006 | AA8: 0385 | AB8: 153829333 | AG8: 46028 | AH8: 325960 | AI8: 1600 | AJ8: 302295 | AN8: 303895 | AO8: 303895 | AP8: 995 | AQ8: 1240 | AR8: 297188351 | AU8: 45663 | BB8: 334480 | BI8: 46028 | BJ8: 237295 | BK8: 600 | BL8: 221531 | BP8: 222131 | BQ8: 221011 | BR8: -1584 | BS8: 0991 | BT8: 166425119 | BW8: van | BY8: =IF('[2]2026 január'!B$7=0, "", '[2]2026 január'!B$7 ) -> 1456870 | BZ8: =IF(OR('[2]2026 január'!G7=0, ISBLANK('[2]2026 január'!G7)), "", '[2]2026 január'!G7 ) | CA8: ='[2]2026 január'!W7 -> 0 | CE8: =IF('[2]2026 január'!S7=0, "", '[2]2026 január'!S7 ) -> 193438 | CF8: =IF('[2]2026 január'!T7=0, "", '[2]2026 január'!T7 ) -> 108403 | CG8: =IF('[2]2026 január'!U7=0, "", '[2]2026 január'!U7 ) | CH8: =IF('[2]2026 január'!V7=0, "", '[2]2026 január'!V7 ) -> 34500 | CI8: =IF('[2]2026 január'!W7=0, "", '[2]2026 január'!W7 ) | CJ8: =IF('[2]2026 január'!X7=0, "", '[2]2026 január'!X7 ) | CK8: =IF('[2]2026 január'!Y7=0, "", '[2]2026 január'!Y7 ) -> 267341 | CL8: =IF('[2]2026 január'!Z7=0, "", '[2]2026 január'!Z7 ) | ... CP8: =IF('[2]2026 január'!AD7=0, "", '[2]2026 január'!AD7 ) | CQ8: =IF('[2]2026 január'!AE$7=0, "", '[2]2026 január'!AE$7 ) | CR8: =IF('[2]2026 január'!AF7=0, "", '[2]2026 január'!AF7 ) | CS8: =IF('[2]2026 január'!AG7=0, "", '[2]2026 január'!AG7 ) | CT8: =IF('[2]2026 január'!AH7=0, "", '[2]2026 január'!AH7 )
A9: 46029 | B9: 362685 | C9: 550 | D9: 353505 | H9: 354055 | I9: 354055 | J9: 1465 | K9: 0430 | L9: 126123848 | Q9: 46029 | R9: 619580 | S9: 3200 | T9: 564410 | X9: 567610 | Y9: 564310 | Z9: -125 | AA9: 0386 | AB9: 154396943 | AE9: van | AG9: 46029 | AH9: 401285 | AI9: 1740 | AJ9: 381785 | AN9: 383525 | AO9: 383525 | AP9: 0 | AQ9: 1241 | AR9: 297571876 | BI9: 46029 | BJ9: 167730 | BK9: 500 | BL9: 165375 | BP9: 165875 | BQ9: 165875 | BR9: -200 | BS9: 0992 | BT9: 166590994 | BY9: =IF('[2]2026 január'!B$8=0, "", '[2]2026 január'!B$8 ) -> 1551280 | BZ9: =IF(OR('[2]2026 január'!G8=0, ISBLANK('[2]2026 január'!G8)), "", '[2]2026 január'!G8 ) | CA9: ='[2]2026 január'!W8 -> 0 | CE9: =IF('[2]2026 január'!S8=0, "", '[2]2026 január'!S8 ) -> 267341 | CF9: =IF('[2]2026 január'!T8=0, "", '[2]2026 január'!T8 ) -> 83515 | CG9: =IF('[2]2026 január'!U8=0, "", '[2]2026 január'!U8 ) | CH9: =IF('[2]2026 január'!V8=0, "", '[2]2026 január'!V8 ) -> 167500 | CI9: =IF('[2]2026 január'!W8=0, "", '[2]2026 január'!W8 ) | CJ9: =IF('[2]2026 január'!X8=0, "", '[2]2026 január'!X8 ) | CK9: =IF('[2]2026 január'!Y8=0, "", '[2]2026 január'!Y8 ) -> 183356 | CL9: =IF('[2]2026 január'!Z8=0, "", '[2]2026 január'!Z8 ) | ... CP9: =IF('[2]2026 január'!AD8=0, "", '[2]2026 január'!AD8 ) | CQ9: =IF('[2]2026 január'!AE$8=0, "", '[2]2026 január'!AE$8 ) | CR9: =IF('[2]2026 január'!AF8=0, "", '[2]2026 január'!AF8 ) | CS9: =IF('[2]2026 január'!AG8=0, "", '[2]2026 január'!AG8 ) | CT9: =IF('[2]2026 január'!AH8=0, "", '[2]2026 január'!AH8 )
A10: 46030 | B10: 449045 | C10: 1000 | D10: 418293 | H10: 419293 | I10: 419293 | J10: 1548 | K10: 0431 | L10: 126543141 | Q10: 46030 | R10: 599650 | S10: 2550 | T10: 556930 | X10: 559480 | Y10: 559480 | Z10: 140 | AA10: 0387 | AB10: 154956423 | AG10: 46030 | AH10: 339615 | AI10: 1000 | AJ10: 312300 | AN10: 313300 | AO10: 313300 | AP10: -775 | AQ10: 1242 | AR10: 297885176 | BI10: 46030 | BJ10: 274035 | BK10: 1700 | BL10: 264665 | BP10: 266365 | BQ10: 266365 | BR10: -1045 | BS10: 0993 | BT10: 166857359 | BY10: =IF('[2]2026 január'!B$9=0, "", '[2]2026 január'!B$9 ) -> 1662345 | BZ10: =IF(OR('[2]2026 január'!G9=0, ISBLANK('[2]2026 január'!G9)), "", '[2]2026 január'!G9 ) | CA10: ='[2]2026 január'!W9 -> 50000 | CE10: =IF('[2]2026 január'!S9=0, "", '[2]2026 január'!S9 ) -> 183356 | CF10: =IF('[2]2026 január'!T9=0, "", '[2]2026 január'!T9 ) -> 103907 | CG10: =IF('[2]2026 január'!U9=0, "", '[2]2026 január'!U9 ) | CH10: =IF('[2]2026 január'!V9=0, "", '[2]2026 január'!V9 ) -> 68000 | CI10: =IF('[2]2026 január'!W9=0, "", '[2]2026 január'!W9 ) -> 50000 | CJ10: =IF('[2]2026 január'!X9=0, "", '[2]2026 január'!X9 ) | CK10: =IF('[2]2026 január'!Y9=0, "", '[2]2026 január'!Y9 ) -> 169263 | CL10: =IF('[2]2026 január'!Z9=0, "", '[2]2026 január'!Z9 ) | ... CP10: =IF('[2]2026 január'!AD9=0, "", '[2]2026 január'!AD9 ) | CQ10: =IF('[2]2026 január'!AE$9=0, "", '[2]2026 január'!AE$9 ) | CR10: =IF('[2]2026 január'!AF9=0, "", '[2]2026 január'!AF9 ) | CS10: =IF('[2]2026 január'!AG9=0, "", '[2]2026 január'!AG9 ) | CT10: =IF('[2]2026 január'!AH9=0, "", '[2]2026 január'!AH9 )
A11: 46031 | B11: 398750 | C11: 900 | D11: 376820 | H11: 377720 | I11: 377720 | J11: 1740 | K11: 0432 | L11: 126920861 | Q11: 46031 | R11: 583625 | S11: 3000 | T11: 547935 | X11: 550935 | Y11: 554235 | Z11: 480 | AA11: 0388 | AB11: 155507358 | AE11: van | AG11: 46031 | AH11: 303390 | AI11: 1600 | AJ11: 285333 | AN11: 286933 | AO11: 286933 | AP11: -602 | AQ11: 1243 | AR11: 298172109 | BI11: 46031 | BJ11: 184070 | BK11: 950 | BL11: 171500 | BP11: 172450 | BQ11: 173570 | BR11: 1970 | BS11: 0994 | BT11: 167029809 | BW11: van | BY11: =IF('[2]2026 január'!B$10=0, "", '[2]2026 január'!B$10 ) -> 1469835 | BZ11: =IF(OR('[2]2026 január'!G10=0, ISBLANK('[2]2026 január'!G10)), "", '[2]2026 január'!G10 ) | CA11: ='[2]2026 január'!W10 -> 0 | CE11: =IF('[2]2026 január'!S10=0, "", '[2]2026 január'!S10 ) -> 169263 | CF11: =IF('[2]2026 január'!T10=0, "", '[2]2026 január'!T10 ) -> 77377 | CG11: =IF('[2]2026 január'!U10=0, "", '[2]2026 január'!U10 ) | CH11: =IF('[2]2026 január'!V10=0, "", '[2]2026 január'!V10 ) -> 33000 | CI11: =IF('[2]2026 január'!W10=0, "", '[2]2026 január'!W10 ) | CJ11: =IF('[2]2026 január'!X10=0, "", '[2]2026 január'!X10 ) | CK11: =IF('[2]2026 január'!Y10=0, "", '[2]2026 január'!Y10 ) -> 213640 | CL11: =IF('[2]2026 január'!Z10=0, "", '[2]2026 január'!Z10 ) | ... CP11: =IF('[2]2026 január'!AD10=0, "", '[2]2026 január'!AD10 ) | CQ11: =IF('[2]2026 január'!AE$10=0, "", '[2]2026 január'!AE$10 ) | CR11: =IF('[2]2026 január'!AF10=0, "", '[2]2026 január'!AF10 ) | CS11: =IF('[2]2026 január'!AG10=0, "", '[2]2026 január'!AG10 ) | CT11: =IF('[2]2026 január'!AH10=0, "", '[2]2026 január'!AH10 )
A12: 46032 | B12: 398665 | C12: 650 | D12: 368303 | E12: 50 | H12: 368953 | I12: 0 | J12: 588 | K12: 0433 | L12: 127289814 | Q12: 46032 | R12: 459755 | S12: 1705 | T12: 439270 | X12: 440975 | Y12: 440975 | Z12: -1145 | AA12: 0389 | AB12: 155948333 | AG12: 46032 | AH12: 284235 | AI12: 1000 | AJ12: 273915 | AN12: 274915 | AO12: 274915 | AP12: -820 | AQ12: 1244 | AR12: 298447024 | BI12: 46032 | BJ12: 246665 | BK12: 1100 | BL12: 234385 | BN12: 50 | BP12: 235535 | BQ12: 235535 | BR12: -1965 | BS12: 0995 | BT12: 167029809 | BY12: =IF('[2]2026 január'!B$11=0, "", '[2]2026 január'!B$11 ) -> 1389320 | BZ12: =IF(OR('[2]2026 január'!G11=0, ISBLANK('[2]2026 január'!G11)), "", '[2]2026 január'!G11 ) | CA12: ='[2]2026 január'!W11 -> 0 | CE12: =IF('[2]2026 január'!S11=0, "", '[2]2026 január'!S11 ) -> 213640 | CF12: =IF('[2]2026 január'!T11=0, "", '[2]2026 január'!T11 ) -> 68942 | CG12: =IF('[2]2026 január'!U11=0, "", '[2]2026 január'!U11 ) -> 100000 | CH12: =IF('[2]2026 január'!V11=0, "", '[2]2026 január'!V11 ) -> 110000 | CI12: =IF('[2]2026 január'!W11=0, "", '[2]2026 január'!W11 ) | CJ12: =IF('[2]2026 január'!X11=0, "", '[2]2026 január'!X11 ) | CK12: =IF('[2]2026 január'!Y11=0, "", '[2]2026 január'!Y11 ) -> 272582 | CL12: =IF('[2]2026 január'!Z11=0, "", '[2]2026 január'!Z11 ) | ... CP12: =IF('[2]2026 január'!AD11=0, "", '[2]2026 január'!AD11 ) | CQ12: =IF('[2]2026 január'!AE$11=0, "", '[2]2026 január'!AE$11 ) | CR12: =IF('[2]2026 január'!AF11=0, "", '[2]2026 január'!AF11 ) | CS12: =IF('[2]2026 január'!AG11=0, "", '[2]2026 január'!AG11 ) | CT12: =IF('[2]2026 január'!AH11=0, "", '[2]2026 január'!AH11 )
A13: 46033 | Q13: 46033 | AG13: 46033 | BI13: 46033 | BY13: =IF('[2]2026 január'!B$12=0, "", '[2]2026 január'!B$12 ) | BZ13: =IF(OR('[2]2026 január'!G12=0, ISBLANK('[2]2026 január'!G12)), "", '[2]2026 január'!G12 ) | CA13: ='[2]2026 január'!W12 -> 0 | CE13: =IF('[2]2026 január'!S12=0, "", '[2]2026 január'!S12 ) | CF13: =IF('[2]2026 január'!T12=0, "", '[2]2026 január'!T12 ) | CG13: =IF('[2]2026 január'!U12=0, "", '[2]2026 január'!U12 ) | CH13: =IF('[2]2026 január'!V12=0, "", '[2]2026 január'!V12 ) | CI13: =IF('[2]2026 január'!W12=0, "", '[2]2026 január'!W12 ) | CJ13: =IF('[2]2026 január'!X12=0, "", '[2]2026 január'!X12 ) | CK13: =IF('[2]2026 január'!Y12=0, "", '[2]2026 január'!Y12 ) | CL13: =IF('[2]2026 január'!Z12=0, "", '[2]2026 január'!Z12 ) | ... CP13: =IF('[2]2026 január'!AD12=0, "", '[2]2026 január'!AD12 ) | CQ13: =IF('[2]2026 január'!AE$12=0, "", '[2]2026 január'!AE$12 ) | CR13: =IF('[2]2026 január'!AF12=0, "", '[2]2026 január'!AF12 ) | CS13: =IF('[2]2026 január'!AG12=0, "", '[2]2026 január'!AG12 ) | CT13: =IF('[2]2026 január'!AH12=0, "", '[2]2026 január'!AH12 )
Q14: 46034 | S14: 0 | T14: 0 | X14: 0 | Y14: 0 | AA14: 0390 | AB14: 155948333
A15: 46034 | B15: 394565 | C15: 550 | D15: 373110 | H15: 373660 | I15: 372253 | J15: -277 | K15: 0434 | L15: 127663474 | O15: van | Q15: 46034 | R15: 558870 | S15: 1900 | T15: 526970 | X15: 528870 | Y15: 528870 | Z15: -1155 | AA15: 0391 | AB15: 156477203 | AG15: 46034 | AH15: 369810 | AI15: 1650 | AJ15: 350010 | AN15: 351660 | AO15: 351660 | AP15: 7050 | AQ15: 1245 | AR15: 298798684 | BI15: 46034 | BJ15: 178010 | BK15: 950 | BL15: 161135 | BN15: 50 | BP15: 162135 | BQ15: 160220 | BR15: -3345 | BS15: 0996 | BT15: 167427479 | BW15: van | BY15: =IF('[2]2026 január'!B$13=0, "", '[2]2026 január'!B$13 ) -> 1501255 | BZ15: =IF(OR('[2]2026 január'!G13=0, ISBLANK('[2]2026 január'!G13)), "", '[2]2026 január'!G13 ) | CA15: ='[2]2026 január'!W13 -> 0 | CE15: =IF('[2]2026 január'!S13=0, "", '[2]2026 január'!S13 ) -> 272582 | CF15: =IF('[2]2026 január'!T13=0, "", '[2]2026 január'!T13 ) -> 88252 | CG15: =IF('[2]2026 január'!U13=0, "", '[2]2026 január'!U13 ) | CH15: =IF('[2]2026 január'!V13=0, "", '[2]2026 január'!V13 ) -> 60500 | CI15: =IF('[2]2026 január'!W13=0, "", '[2]2026 január'!W13 ) | CJ15: =IF('[2]2026 január'!X13=0, "", '[2]2026 január'!X13 ) | CK15: =IF('[2]2026 január'!Y13=0, "", '[2]2026 január'!Y13 ) -> 300334 | CL15: =IF('[2]2026 január'!Z13=0, "", '[2]2026 január'!Z13 ) | ... CP15: =IF('[2]2026 január'!AD13=0, "", '[2]2026 január'!AD13 ) | CQ15: =IF('[2]2026 január'!AE$13=0, "", '[2]2026 január'!AE$13 ) | CR15: =IF('[2]2026 január'!AF13=0, "", '[2]2026 január'!AF13 ) | CS15: =IF('[2]2026 január'!AG13=0, "", '[2]2026 január'!AG13 ) | CT15: =IF('[2]2026 január'!AH13=0, "", '[2]2026 január'!AH13 )
A16: 46035 | B16: 413175 | C16: 550 | D16: 384723 | H16: 385273 | I16: 386680 | J16: 2340 | K16: 0435 | L16: 128048747 | O16: van | Q16: 46035 | R16: 623695 | S16: 2950 | T16: 599985 | X16: 602935 | Y16: 602935 | Z16: 1205 | AA16: 0392 | AB16: 157080138 | AG16: 46035 | AH16: 400220 | AI16: 1700 | AJ16: 381235 | AN16: 382935 | AO16: 382935 | AP16: 390 | AQ16: 1246 | AR16: 299181619 | BI16: 46035 | BJ16: 252225 | BK16: 950 | BL16: 240130 | BM16: 380 | BP16: 241460 | BQ16: 243375 | BR16: 610 | BS16: 0997 | BT16: 167668939 | BW16: van | BY16: =IF('[2]2026 január'!B$14=0, "", '[2]2026 január'!B$14 ) -> 1689315 | BZ16: =IF(OR('[2]2026 január'!G14=0, ISBLANK('[2]2026 január'!G14)), "", '[2]2026 január'!G14 ) | CA16: ='[2]2026 január'!W14 -> 0 | CE16: =IF('[2]2026 január'!S14=0, "", '[2]2026 január'!S14 ) -> 300334 | CF16: =IF('[2]2026 január'!T14=0, "", '[2]2026 január'!T14 ) -> 73390 | CG16: =IF('[2]2026 január'!U14=0, "", '[2]2026 január'!U14 ) | CH16: =IF('[2]2026 január'!V14=0, "", '[2]2026 január'!V14 ) -> 54500 | CI16: =IF('[2]2026 január'!W14=0, "", '[2]2026 január'!W14 ) | CJ16: =IF('[2]2026 január'!X14=0, "", '[2]2026 január'!X14 ) | CK16: =IF('[2]2026 január'!Y14=0, "", '[2]2026 január'!Y14 ) -> 319224 | CL16: =IF('[2]2026 január'!Z14=0, "", '[2]2026 január'!Z14 ) | ... CP16: =IF('[2]2026 január'!AD14=0, "", '[2]2026 január'!AD14 ) | CQ16: =IF('[2]2026 január'!AE$14=0, "", '[2]2026 január'!AE$14 ) | CR16: =IF('[2]2026 január'!AF14=0, "", '[2]2026 január'!AF14 ) | CS16: =IF('[2]2026 január'!AG14=0, "", '[2]2026 január'!AG14 ) | CT16: =IF('[2]2026 január'!AH14=0, "", '[2]2026 január'!AH14 )
A17: 46036 | B17: 492795 | C17: 1150 | D17: 459990 | H17: 461140 | I17: 461140 | J17: 1310 | K17: 0436 | L17: 128509887 | Q17: 46036 | R17: 558560 | S17: 2350 | T17: 514315 | X17: 516665 | Y17: 516665 | Z17: -2675 | AA17: 0393 | AB17: 157596803 | AG17: 46036 | AH17: 390510 | AI17: 1650 | AJ17: 377690 | AN17: 379340 | AO17: 379340 | AP17: 1195 | AQ17: 1247 | AR17: 299560959 | BI17: 46036 | BJ17: 267365 | BK17: 1650 | BL17: 258515 | BP17: 260165 | BQ17: 260165 | BR17: -1135 | BS17: 0998 | BT17: 167929104 | BY17: =IF('[2]2026 január'!B$15=0, "", '[2]2026 január'!B$15 ) -> 1709230 | BZ17: =IF(OR('[2]2026 január'!G15=0, ISBLANK('[2]2026 január'!G15)), "", '[2]2026 január'!G15 ) | CA17: ='[2]2026 január'!W15 -> 0 | CE17: =IF('[2]2026 január'!S15=0, "", '[2]2026 január'!S15 ) -> 319224 | CF17: =IF('[2]2026 január'!T15=0, "", '[2]2026 január'!T15 ) -> 91920 | CG17: =IF('[2]2026 január'!U15=0, "", '[2]2026 január'!U15 ) | CH17: =IF('[2]2026 január'!V15=0, "", '[2]2026 január'!V15 ) -> 22500 | CI17: =IF('[2]2026 január'!W15=0, "", '[2]2026 január'!W15 ) | CJ17: =IF('[2]2026 január'!X15=0, "", '[2]2026 január'!X15 ) | CK17: =IF('[2]2026 január'!Y15=0, "", '[2]2026 január'!Y15 ) -> 388644 | CL17: =IF('[2]2026 január'!Z15=0, "", '[2]2026 január'!Z15 ) | ... CP17: =IF('[2]2026 január'!AD15=0, "", '[2]2026 január'!AD15 ) | CQ17: =IF('[2]2026 január'!AE$15=0, "", '[2]2026 január'!AE$15 ) | CR17: =IF('[2]2026 január'!AF15=0, "", '[2]2026 január'!AF15 ) | CS17: =IF('[2]2026 január'!AG15=0, "", '[2]2026 január'!AG15 ) | CT17: =IF('[2]2026 január'!AH15=0, "", '[2]2026 január'!AH15 )
A18: 46037 | B18: 506640 | C18: 800 | D18: 471890 | H18: 472690 | I18: 472690 | J18: 1050 | K18: 0437 | L18: 128982577 | Q18: 46037 | R18: 593185 | S18: 2900 | T18: 569828 | X18: 572728 | Y18: 572728 | Z18: -1172 | AA18: 0394 | AB18: 158169531 | AG18: 46037 | AH18: 383700 | AI18: 1650 | AJ18: 360855 | AN18: 362505 | AO18: 362505 | AP18: -580 | AQ18: 1248 | AR18: 299923464 | BI18: 46037 | BJ18: 203395 | BK18: 1050 | BL18: 193068 | BP18: 194118 | BQ18: 194118 | BR18: -7 | BS18: 0999 | BT18: 168123222 | BY18: =IF('[2]2026 január'!B$16=0, "", '[2]2026 január'!B$16 ) -> 1686920 | BZ18: =IF(OR('[2]2026 január'!G16=0, ISBLANK('[2]2026 január'!G16)), "", '[2]2026 január'!G16 ) | CA18: ='[2]2026 január'!W16 -> 0 | CE18: =IF('[2]2026 január'!S16=0, "", '[2]2026 január'!S16 ) -> 388644 | CF18: =IF('[2]2026 január'!T16=0, "", '[2]2026 január'!T16 ) -> 84879 | CG18: =IF('[2]2026 január'!U16=0, "", '[2]2026 január'!U16 ) | CH18: =IF('[2]2026 január'!V16=0, "", '[2]2026 január'!V16 ) -> 128500 | CI18: =IF('[2]2026 január'!W16=0, "", '[2]2026 január'!W16 ) | CJ18: =IF('[2]2026 január'!X16=0, "", '[2]2026 január'!X16 ) | CK18: =IF('[2]2026 január'!Y16=0, "", '[2]2026 január'!Y16 ) -> 345023 | CL18: =IF('[2]2026 január'!Z16=0, "", '[2]2026 január'!Z16 ) | ... CP18: =IF('[2]2026 január'!AD16=0, "", '[2]2026 január'!AD16 ) | CQ18: =IF('[2]2026 január'!AE$16=0, "", '[2]2026 január'!AE$16 ) | CR18: =IF('[2]2026 január'!AF16=0, "", '[2]2026 január'!AF16 ) | CS18: =IF('[2]2026 január'!AG16=0, "", '[2]2026 január'!AG16 ) | CT18: =IF('[2]2026 január'!AH16=0, "", '[2]2026 január'!AH16 )
A19: 46038 | B19: 425305 | C19: 600 | D19: 396425 | H19: 397025 | I19: 397025 | J19: 925 | K19: 0438 | L19: 129379602 | Q19: 46038 | R19: 529675 | S19: 2550 | T19: 497855 | X19: 500405 | Y19: 500405 | Z19: 1160 | AA19: 0395 | AB19: 158669936 | AG19: 46038 | AH19: 302895 | AI19: 1500 | AJ19: 286605 | AN19: 288105 | AO19: 288105 | AP19: 2595 | AQ19: 1249 | AR19: 300211569 | BI19: 46038 | BJ19: 180045 | BK19: 700 | BL19: 173835 | BP19: 174535 | BQ19: 174535 | BR19: 2260 | BS19: 1000 | BT19: 168297757 | BY19: =IF('[2]2026 január'!B$17=0, "", '[2]2026 január'!B$17 ) -> 1437920 | BZ19: =IF(OR('[2]2026 január'!G17=0, ISBLANK('[2]2026 január'!G17)), "", '[2]2026 január'!G17 ) | CA19: ='[2]2026 január'!W17 -> 0 | CE19: =IF('[2]2026 január'!S17=0, "", '[2]2026 január'!S17 ) -> 345023 | CF19: =IF('[2]2026 január'!T17=0, "", '[2]2026 január'!T17 ) -> 77850 | CG19: =IF('[2]2026 január'!U17=0, "", '[2]2026 január'!U17 ) | CH19: =IF('[2]2026 január'!V17=0, "", '[2]2026 január'!V17 ) -> 359500 | CI19: =IF('[2]2026 január'!W17=0, "", '[2]2026 január'!W17 ) | CJ19: =IF('[2]2026 január'!X17=0, "", '[2]2026 január'!X17 ) | CK19: =IF('[2]2026 január'!Y17=0, "", '[2]2026 január'!Y17 ) -> 63373 | CL19: =IF('[2]2026 január'!Z17=0, "", '[2]2026 január'!Z17 ) | ... CP19: =IF('[2]2026 január'!AD17=0, "", '[2]2026 január'!AD17 ) | CQ19: =IF('[2]2026 január'!AE$17=0, "", '[2]2026 január'!AE$17 ) | CR19: =IF('[2]2026 január'!AF17=0, "", '[2]2026 január'!AF17 ) | CS19: =IF('[2]2026 január'!AG17=0, "", '[2]2026 január'!AG17 ) | CT19: =IF('[2]2026 január'!AH17=0, "", '[2]2026 január'!AH17 )
A20: 46039 | Q20: 46039 | AG20: 46039 | BI20: 46039 | BY20: =IF('[2]2026 január'!B$18=0, "", '[2]2026 január'!B$18 ) | BZ20: =IF(OR('[2]2026 január'!G18=0, ISBLANK('[2]2026 január'!G18)), "", '[2]2026 január'!G18 ) | CA20: ='[2]2026 január'!W18 -> 0 | CE20: =IF('[2]2026 január'!S18=0, "", '[2]2026 január'!S18 ) | CF20: =IF('[2]2026 január'!T18=0, "", '[2]2026 január'!T18 ) | CG20: =IF('[2]2026 január'!U18=0, "", '[2]2026 január'!U18 ) | CH20: =IF('[2]2026 január'!V18=0, "", '[2]2026 január'!V18 ) | CI20: =IF('[2]2026 január'!W18=0, "", '[2]2026 január'!W18 ) | CJ20: =IF('[2]2026 január'!X18=0, "", '[2]2026 január'!X18 ) | CK20: =IF('[2]2026 január'!Y18=0, "", '[2]2026 január'!Y18 ) | CL20: =IF('[2]2026 január'!Z18=0, "", '[2]2026 január'!Z18 ) | ... CP20: =IF('[2]2026 január'!AD18=0, "", '[2]2026 január'!AD18 ) | CQ20: =IF('[2]2026 január'!AE$18=0, "", '[2]2026 január'!AE$18 ) | CR20: =IF('[2]2026 január'!AF18=0, "", '[2]2026 január'!AF18 ) | CS20: =IF('[2]2026 január'!AG18=0, "", '[2]2026 január'!AG18 ) | CT20: =IF('[2]2026 január'!AH18=0, "", '[2]2026 január'!AH18 )
A21: 46040 | Q21: 46040 | AG21: 46040 | BI21: 46040 | BY21: =IF('[2]2026 január'!B$19=0, "", '[2]2026 január'!B$19 ) | BZ21: =IF(OR('[2]2026 január'!G19=0, ISBLANK('[2]2026 január'!G19)), "", '[2]2026 január'!G19 ) | CA21: ='[2]2026 január'!W19 -> 0 | CE21: =IF('[2]2026 január'!S19=0, "", '[2]2026 január'!S19 ) | CF21: =IF('[2]2026 január'!T19=0, "", '[2]2026 január'!T19 ) | CG21: =IF('[2]2026 január'!U19=0, "", '[2]2026 január'!U19 ) | CH21: =IF('[2]2026 január'!V19=0, "", '[2]2026 január'!V19 ) | CI21: =IF('[2]2026 január'!W19=0, "", '[2]2026 január'!W19 ) | CJ21: =IF('[2]2026 január'!X19=0, "", '[2]2026 január'!X19 ) | CK21: =IF('[2]2026 január'!Y19=0, "", '[2]2026 január'!Y19 ) | CL21: =IF('[2]2026 január'!Z19=0, "", '[2]2026 január'!Z19 ) | ... CP21: =IF('[2]2026 január'!AD19=0, "", '[2]2026 január'!AD19 ) | CQ21: =IF('[2]2026 január'!AE$19=0, "", '[2]2026 január'!AE$19 ) | CR21: =IF('[2]2026 január'!AF19=0, "", '[2]2026 január'!AF19 ) | CS21: =IF('[2]2026 január'!AG19=0, "", '[2]2026 január'!AG19 ) | CT21: =IF('[2]2026 január'!AH19=0, "", '[2]2026 január'!AH19 )
A22: 46041 | B22: 443395 | C22: 800 | D22: 419486 | H22: 420286 | I22: 420286 | J22: 1026 | K22: 0439 | L22: 129799888 | Q22: 46041 | R22: 551135 | S22: 2850 | T22: 504778 | X22: 507628 | Y22: 507628 | Z22: -2007 | AA22: 0396 | AB22: 159177564 | AG22: 46041 | AH22: 319405 | AI22: 800 | AJ22: 303310 | AN22: 304110 | AO22: 304110 | AP22: 165 | AQ22: 1250 | AR22: 300515679 | BI22: 46041 | BJ22: 192505 | BK22: 950 | BL22: 185135 | BP22: 186085 | BQ22: 186085 | BR22: -1130 | BS22: 1001 | BT22: 168493842 | BY22: =IF('[2]2026 január'!B$20=0, "", '[2]2026 január'!B$20 ) -> 1506440 | BZ22: =IF(OR('[2]2026 január'!G20=0, ISBLANK('[2]2026 január'!G20)), "", '[2]2026 január'!G20 ) | CA22: ='[2]2026 január'!W20 -> 0 | CE22: =IF('[2]2026 január'!S20=0, "", '[2]2026 január'!S20 ) -> 63373 | CF22: =IF('[2]2026 január'!T20=0, "", '[2]2026 január'!T20 ) -> 88331 | CG22: =IF('[2]2026 január'!U20=0, "", '[2]2026 január'!U20 ) | CH22: =IF('[2]2026 január'!V20=0, "", '[2]2026 január'!V20 ) -> 34000 | CI22: =IF('[2]2026 január'!W20=0, "", '[2]2026 január'!W20 ) | CJ22: =IF('[2]2026 január'!X20=0, "", '[2]2026 január'!X20 ) | CK22: =IF('[2]2026 január'!Y20=0, "", '[2]2026 január'!Y20 ) -> 117704 | CL22: =IF('[2]2026 január'!Z20=0, "", '[2]2026 január'!Z20 ) | ... CP22: =IF('[2]2026 január'!AD20=0, "", '[2]2026 január'!AD20 ) | CQ22: =IF('[2]2026 január'!AE$20=0, "", '[2]2026 január'!AE$20 ) | CR22: =IF('[2]2026 január'!AF20=0, "", '[2]2026 január'!AF20 ) | CS22: =IF('[2]2026 január'!AG20=0, "", '[2]2026 január'!AG20 ) | CT22: =IF('[2]2026 január'!AH20=0, "", '[2]2026 január'!AH20 )
A23: 46042 | B23: 506330 | C23: 500 | D23: 468010 | H23: 468510 | I23: 468510 | J23: 70 | K23: 0440 | L23: 130268398 | Q23: 46042 | R23: 687335 | S23: 3100 | T23: 655371 | X23: 658471 | Y23: 658471 | Z23: -949 | AA23: 0397 | AB23: 159836035 | AG23: 46042 | AH23: 384740 | AI23: 1450 | AJ23: 349850 | AN23: 351300 | AO23: 351300 | AP23: -630 | AQ23: 1251 | AR23: 300866979 | BI23: 46042 | BJ23: 235835 | BK23: 1050 | BL23: 226595 | BP23: 227645 | BQ23: 227645 | BR23: 400 | BS23: 1002 | BT23: 168711487 | BY23: =IF('[2]2026 január'!B$21=0, "", '[2]2026 január'!B$21 ) -> 1814240 | BZ23: =IF(OR('[2]2026 január'!G21=0, ISBLANK('[2]2026 január'!G21)), "", '[2]2026 január'!G21 ) | CA23: ='[2]2026 január'!W21 -> 0 | CE23: =IF('[2]2026 január'!S21=0, "", '[2]2026 január'!S21 ) -> 117704 | CF23: =IF('[2]2026 január'!T21=0, "", '[2]2026 január'!T21 ) -> 108314 | CG23: =IF('[2]2026 január'!U21=0, "", '[2]2026 január'!U21 ) | CH23: =IF('[2]2026 január'!V21=0, "", '[2]2026 január'!V21 ) -> 36500 | CI23: =IF('[2]2026 január'!W21=0, "", '[2]2026 január'!W21 ) | CJ23: =IF('[2]2026 január'!X21=0, "", '[2]2026 január'!X21 ) | CK23: =IF('[2]2026 január'!Y21=0, "", '[2]2026 január'!Y21 ) -> 189518 | CL23: =IF('[2]2026 január'!Z21=0, "", '[2]2026 január'!Z21 ) | ... CP23: =IF('[2]2026 január'!AD21=0, "", '[2]2026 január'!AD21 ) | CQ23: =IF('[2]2026 január'!AE$21=0, "", '[2]2026 január'!AE$21 ) | CR23: =IF('[2]2026 január'!AF21=0, "", '[2]2026 január'!AF21 ) | CS23: =IF('[2]2026 január'!AG21=0, "", '[2]2026 január'!AG21 ) | CT23: =IF('[2]2026 január'!AH21=0, "", '[2]2026 január'!AH21 )
A24: 46043 | B24: 524005 | C24: 700 | D24: 501635 | E24: 100 | H24: 502435 | I24: 502435 | J24: 1430 | K24: 0441 | L24: 130770833 | Q24: 46043 | R24: 725460 | S24: 3320 | T24: 679971 | X24: 683291 | Y24: 683291 | Z24: -1099 | AA24: 0398 | AB24: 160519326 | AG24: 46043 | AH24: 436590 | AI24: 2100 | AJ24: 394290 | AN24: 396390 | AO24: 396390 | AP24: -2200 | AQ24: 1252 | AR24: 301263369 | BI24: 46043 | BJ24: 221235 | BK24: 1000 | BL24: 218719 | BP24: 219719 | BQ24: 219719 | BR24: -956 | BS24: 1003 | BT24: 168931206 | BY24: =IF('[2]2026 január'!B$22=0, "", '[2]2026 január'!B$22 ) -> 1907290 | BZ24: =IF(OR('[2]2026 január'!G22=0, ISBLANK('[2]2026 január'!G22)), "", '[2]2026 január'!G22 ) | CA24: ='[2]2026 január'!W22 -> 0 | CE24: =IF('[2]2026 január'!S22=0, "", '[2]2026 január'!S22 ) -> 189518 | CF24: =IF('[2]2026 január'!T22=0, "", '[2]2026 január'!T22 ) -> 105455 | CG24: =IF('[2]2026 január'!U22=0, "", '[2]2026 január'!U22 ) | CH24: =IF('[2]2026 január'!V22=0, "", '[2]2026 január'!V22 ) -> 27600 | CI24: =IF('[2]2026 január'!W22=0, "", '[2]2026 január'!W22 ) | CJ24: =IF('[2]2026 január'!X22=0, "", '[2]2026 január'!X22 ) | CK24: =IF('[2]2026 január'!Y22=0, "", '[2]2026 január'!Y22 ) -> 267373 | CL24: =IF('[2]2026 január'!Z22=0, "", '[2]2026 január'!Z22 ) | ... CP24: =IF('[2]2026 január'!AD22=0, "", '[2]2026 január'!AD22 ) | CQ24: =IF('[2]2026 január'!AE$22=0, "", '[2]2026 január'!AE$22 ) | CR24: =IF('[2]2026 január'!AF22=0, "", '[2]2026 január'!AF22 ) | CS24: =IF('[2]2026 január'!AG22=0, "", '[2]2026 január'!AG22 ) | CT24: =IF('[2]2026 január'!AH22=0, "", '[2]2026 január'!AH22 )
A25: 46044 | B25: 480720 | C25: 900 | D25: 435150 | H25: 436050 | I25: 436050 | J25: 2105 | K25: 0442 | L25: 131206883 | Q25: 46044 | R25: 660910 | S25: 3650 | T25: 612194 | X25: 615844 | Y25: 615844 | Z25: -151 | AA25: 0399 | AB25: 161135170 | AG25: 46044 | AH25: 429155 | AI25: 1900 | AJ25: 388891 | AL25: 50 | AN25: 390841 | AO25: 390841 | AP25: 2436 | AQ25: 1253 | AR25: 301654210 | BI25: 46044 | BJ25: 204505 | BK25: 750 | BL25: 196350 | BP25: 197100 | BQ25: 197100 | BR25: 95 | BS25: 1004 | BT25: 169128306 | BY25: =IF('[2]2026 január'!B$23=0, "", '[2]2026 január'!B$23 ) -> 1775290 | BZ25: =IF(OR('[2]2026 január'!G23=0, ISBLANK('[2]2026 január'!G23)), "", '[2]2026 január'!G23 ) | CA25: ='[2]2026 január'!W23 -> 0 | CE25: =IF('[2]2026 január'!S23=0, "", '[2]2026 január'!S23 ) -> 267373 | CF25: =IF('[2]2026 január'!T23=0, "", '[2]2026 január'!T23 ) -> 135455 | CG25: =IF('[2]2026 január'!U23=0, "", '[2]2026 január'!U23 ) | CH25: =IF('[2]2026 január'!V23=0, "", '[2]2026 január'!V23 ) -> 39500 | CI25: =IF('[2]2026 január'!W23=0, "", '[2]2026 január'!W23 ) | CJ25: =IF('[2]2026 január'!X23=0, "", '[2]2026 január'!X23 ) | CK25: =IF('[2]2026 január'!Y23=0, "", '[2]2026 január'!Y23 ) -> 363328 | CL25: =IF('[2]2026 január'!Z23=0, "", '[2]2026 január'!Z23 ) | ... CP25: =IF('[2]2026 január'!AD23=0, "", '[2]2026 január'!AD23 ) | CQ25: =IF('[2]2026 január'!AE$23=0, "", '[2]2026 január'!AE$23 ) | CR25: =IF('[2]2026 január'!AF23=0, "", '[2]2026 január'!AF23 ) | CS25: =IF('[2]2026 január'!AG23=0, "", '[2]2026 január'!AG23 ) | CT25: =IF('[2]2026 január'!AH23=0, "", '[2]2026 január'!AH23 )
A26: 46045 | B26: 419985 | C26: 1400 | D26: 383825 | H26: 385275 | I26: 385275 | J26: 1695 | K26: 0443 | L26: 131592158 | Q26: 46045 | R26: 495970 | S26: 1900 | T26: 439255 | X26: 441155 | Y26: 441155 | Z26: 1185 | AA26: 0400 | AB26: 161576325 | AG26: 46045 | AH26: 302405 | AI26: 1350 | AJ26: 267751 | AN26: 269101 | AO26: 282100 | AP26: 1105 | AQ26: 1254 | AR26: 301923311 | BG26: van | BI26: 46045 | BJ26: 186780 | BK26: 1150 | BL26: 167775 | BP26: 168925 | BQ26: 168925 | BR26: -385 | BS26: 1005 | BT26: 169297231 | BY26: =IF('[2]2026 január'!B$24=0, "", '[2]2026 január'!B$24 ) -> 1405140 | BZ26: =IF(OR('[2]2026 január'!G24=0, ISBLANK('[2]2026 január'!G24)), "", '[2]2026 január'!G24 ) | CA26: ='[2]2026 január'!W24 -> 0 | CE26: =IF('[2]2026 január'!S24=0, "", '[2]2026 január'!S24 ) -> 363328 | CF26: =IF('[2]2026 január'!T24=0, "", '[2]2026 január'!T24 ) -> 127685 | CG26: =IF('[2]2026 január'!U24=0, "", '[2]2026 január'!U24 ) | CH26: =IF('[2]2026 január'!V24=0, "", '[2]2026 január'!V24 ) -> 158000 | CI26: =IF('[2]2026 január'!W24=0, "", '[2]2026 január'!W24 ) | CJ26: =IF('[2]2026 január'!X24=0, "", '[2]2026 január'!X24 ) | CK26: =IF('[2]2026 január'!Y24=0, "", '[2]2026 január'!Y24 ) -> 333013 | CL26: =IF('[2]2026 január'!Z24=0, "", '[2]2026 január'!Z24 ) | ... CP26: =IF('[2]2026 január'!AD24=0, "", '[2]2026 január'!AD24 ) | CQ26: =IF('[2]2026 január'!AE$24=0, "", '[2]2026 január'!AE$24 ) | CR26: =IF('[2]2026 január'!AF24=0, "", '[2]2026 január'!AF24 ) | CS26: =IF('[2]2026 január'!AG24=0, "", '[2]2026 január'!AG24 ) | CT26: =IF('[2]2026 január'!AH24=0, "", '[2]2026 január'!AH24 )
A27: 46046 | Q27: 46046 | AG27: 46046 | BI27: 46046 | BY27: =IF('[2]2026 január'!B$25=0, "", '[2]2026 január'!B$25 ) | BZ27: =IF(OR('[2]2026 január'!G25=0, ISBLANK('[2]2026 január'!G25)), "", '[2]2026 január'!G25 ) | CA27: ='[2]2026 január'!W25 -> 0 | CE27: =IF('[2]2026 január'!S25=0, "", '[2]2026 január'!S25 ) | CF27: =IF('[2]2026 január'!T25=0, "", '[2]2026 január'!T25 ) | CG27: =IF('[2]2026 január'!U25=0, "", '[2]2026 január'!U25 ) | CH27: =IF('[2]2026 január'!V25=0, "", '[2]2026 január'!V25 ) | CI27: =IF('[2]2026 január'!W25=0, "", '[2]2026 január'!W25 ) | CJ27: =IF('[2]2026 január'!X25=0, "", '[2]2026 január'!X25 ) | CK27: =IF('[2]2026 január'!Y25=0, "", '[2]2026 január'!Y25 ) | CL27: =IF('[2]2026 január'!Z25=0, "", '[2]2026 január'!Z25 ) | ... CP27: =IF('[2]2026 január'!AD25=0, "", '[2]2026 január'!AD25 ) | CQ27: =IF('[2]2026 január'!AE$25=0, "", '[2]2026 január'!AE$25 ) | CR27: =IF('[2]2026 január'!AF25=0, "", '[2]2026 január'!AF25 ) | CS27: =IF('[2]2026 január'!AG25=0, "", '[2]2026 január'!AG25 ) | CT27: =IF('[2]2026 január'!AH25=0, "", '[2]2026 január'!AH25 )
A28: 46047 | Q28: 46047 | AG28: 46047 | BI28: 46047 | BY28: =IF('[2]2026 január'!B$26=0, "", '[2]2026 január'!B$26 ) | BZ28: =IF(OR('[2]2026 január'!G26=0, ISBLANK('[2]2026 január'!G26)), "", '[2]2026 január'!G26 ) | CA28: ='[2]2026 január'!W26 -> 0 | CE28: =IF('[2]2026 január'!S26=0, "", '[2]2026 január'!S26 ) | CF28: =IF('[2]2026 január'!T26=0, "", '[2]2026 január'!T26 ) | CG28: =IF('[2]2026 január'!U26=0, "", '[2]2026 január'!U26 ) | CH28: =IF('[2]2026 január'!V26=0, "", '[2]2026 január'!V26 ) | CI28: =IF('[2]2026 január'!W26=0, "", '[2]2026 január'!W26 ) | CJ28: =IF('[2]2026 január'!X26=0, "", '[2]2026 január'!X26 ) | CK28: =IF('[2]2026 január'!Y26=0, "", '[2]2026 január'!Y26 ) | CL28: =IF('[2]2026 január'!Z26=0, "", '[2]2026 január'!Z26 ) | ... CP28: =IF('[2]2026 január'!AD26=0, "", '[2]2026 január'!AD26 ) | CQ28: =IF('[2]2026 január'!AE$26=0, "", '[2]2026 január'!AE$26 ) | CR28: =IF('[2]2026 január'!AF26=0, "", '[2]2026 január'!AF26 ) | CS28: =IF('[2]2026 január'!AG26=0, "", '[2]2026 január'!AG26 ) | CT28: =IF('[2]2026 január'!AH26=0, "", '[2]2026 január'!AH26 )
A29: 46048 | B29: 394475 | C29: 1100 | D29: 368395 | H29: 369495 | I29: 369495 | J29: 2220 | K29: 0444 | L29: 131961653 | Q29: 46048 | R29: 577145 | S29: 3450 | T29: 529868 | X29: 533318 | Y29: 533318 | Z29: 1273 | AA29: 0401 | AB29: 162109643 | AG29: 46048 | AH29: 326360 | AI29: 1500 | AJ29: 315929 | AN29: 317429 | AO29: 304430 | AP29: 260 | AQ29: 1255 | AR29: 302240740 | BG29: van | BI29: 46048 | BJ29: 296955 | BK29: 1430 | BL29: 268875 | BP29: 270305 | BQ29: 270305 | BR29: -2760 | BS29: 1006 | BT29: 169567536 | BY29: =IF('[2]2026 január'!B$27=0, "", '[2]2026 január'!B$27 ) -> 1594935 | BZ29: =IF(OR('[2]2026 január'!G27=0, ISBLANK('[2]2026 január'!G27)), "", '[2]2026 január'!G27 ) | CA29: ='[2]2026 január'!W27 -> 0 | CE29: =IF('[2]2026 január'!S27=0, "", '[2]2026 január'!S27 ) -> 333013 | CF29: =IF('[2]2026 január'!T27=0, "", '[2]2026 január'!T27 ) -> 117387 | CG29: =IF('[2]2026 január'!U27=0, "", '[2]2026 január'!U27 ) | CH29: =IF('[2]2026 január'!V27=0, "", '[2]2026 január'!V27 ) -> 14500 | CI29: =IF('[2]2026 január'!W27=0, "", '[2]2026 január'!W27 ) | CJ29: =IF('[2]2026 január'!X27=0, "", '[2]2026 január'!X27 ) | CK29: =IF('[2]2026 január'!Y27=0, "", '[2]2026 január'!Y27 ) -> 435900 | CL29: =IF('[2]2026 január'!Z27=0, "", '[2]2026 január'!Z27 ) | ... CP29: =IF('[2]2026 január'!AD27=0, "", '[2]2026 január'!AD27 ) | CQ29: =IF('[2]2026 január'!AE$27=0, "", '[2]2026 január'!AE$27 ) | CR29: =IF('[2]2026 január'!AF27=0, "", '[2]2026 január'!AF27 ) | CS29: =IF('[2]2026 január'!AG27=0, "", '[2]2026 január'!AG27 ) | CT29: =IF('[2]2026 január'!AH27=0, "", '[2]2026 január'!AH27 )
A30: 46049 | B30: 532645 | C30: 1500 | D30: 498978 | H30: 500478 | I30: 500478 | J30: 1883 | K30: 0445 | L30: 132462131 | Q30: 46049 | R30: 636105 | S30: 3000 | T30: 603125 | X30: 606125 | Y30: 606125 | Z30: -1140 | AA30: 0402 | AB30: 162715768 | AG30: 46049 | AH30: 408575 | AI30: 1850 | AJ30: 386675 | AN30: 388525 | AO30: 388525 | AP30: 1290 | AQ30: 1256 | AR30: 302629265 | BI30: 46049 | BJ30: 223085 | BK30: 1050 | BL30: 210865 | BP30: 211915 | BQ30: 211915 | BR30: 1830 | BS30: 1007 | BT30: 169779451 | BY30: 1800410 | BZ30: =IF(OR('[2]2026 január'!G28=0, ISBLANK('[2]2026 január'!G28)), "", '[2]2026 január'!G28 ) | CA30: ='[2]2026 január'!W28 -> 0 | CE30: =IF('[2]2026 január'!S28=0, "", '[2]2026 január'!S28 ) -> 435900 | CF30: =IF('[2]2026 január'!T28=0, "", '[2]2026 január'!T28 ) -> 93367 | CG30: =IF('[2]2026 január'!U28=0, "", '[2]2026 január'!U28 ) | CH30: =IF('[2]2026 január'!V28=0, "", '[2]2026 január'!V28 ) -> 34500 | CI30: =IF('[2]2026 január'!W28=0, "", '[2]2026 január'!W28 ) | CJ30: =IF('[2]2026 január'!X28=0, "", '[2]2026 január'!X28 ) | CK30: =IF('[2]2026 január'!Y28=0, "", '[2]2026 január'!Y28 ) -> 494767 | CL30: =IF('[2]2026 január'!Z28=0, "", '[2]2026 január'!Z28 ) | ... CP30: =IF('[2]2026 január'!AD28=0, "", '[2]2026 január'!AD28 ) | CQ30: =IF('[2]2026 január'!AE$28=0, "", '[2]2026 január'!AE$28 ) | CR30: =IF('[2]2026 január'!AF28=0, "", '[2]2026 január'!AF28 ) | CS30: =IF('[2]2026 január'!AG28=0, "", '[2]2026 január'!AG28 ) | CT30: =IF('[2]2026 január'!AH28=0, "", '[2]2026 január'!AH28 )
A31: 46050 | B31: 415645 | C31: 1550 | D31: 382745 | G31: 7190 | H31: 377105 | I31: 377105 | J31: 1830 | K31: 0446 | L31: 132846426 | N31: 7190 | O31: van | Q31: 46050 | R31: 641270 | S31: 3450 | T31: 579261 | X31: 582711 | Y31: 582711 | Z31: 811 | AA31: 0403 | AB31: 163298479 | AG31: 46050 | AH31: 380875 | AI31: 1650 | AJ31: 356048 | AN31: 357698 | AO31: 357698 | AP31: 523 | AQ31: 1257 | AR31: 302986963 | BI31: 46050 | BJ31: 245165 | BK31: 1150 | BL31: 233373 | BP31: 234071 | BQ31: 234523 | BR31: -3214 | BS31: 1008 | BT31: 170013974 | BW31: van | BY31: =IF('[2]2026 január'!B$29=0, "", '[2]2026 január'!B$29 ) -> 1682955 | BZ31: =IF(OR('[2]2026 január'!G29=0, ISBLANK('[2]2026 január'!G29)), "", '[2]2026 január'!G29 ) | CA31: ='[2]2026 január'!W29 -> 0 | CE31: =IF('[2]2026 január'!S29=0, "", '[2]2026 január'!S29 ) -> 494767 | CF31: =IF('[2]2026 január'!T29=0, "", '[2]2026 január'!T29 ) -> 131370 | CG31: =IF('[2]2026 január'!U29=0, "", '[2]2026 január'!U29 ) | CH31: =IF('[2]2026 január'!V29=0, "", '[2]2026 január'!V29 ) -> 9155 | CI31: =IF('[2]2026 január'!W29=0, "", '[2]2026 január'!W29 ) | CJ31: =IF('[2]2026 január'!X29=0, "", '[2]2026 január'!X29 ) | CK31: =IF('[2]2026 január'!Y29=0, "", '[2]2026 január'!Y29 ) -> 616982 | CL31: =IF('[2]2026 január'!Z29=0, "", '[2]2026 január'!Z29 ) | ... CP31: =IF('[2]2026 január'!AD29=0, "", '[2]2026 január'!AD29 ) | CQ31: =IF('[2]2026 január'!AE$29=0, "", '[2]2026 január'!AE$29 ) | CR31: =IF('[2]2026 január'!AF29=0, "", '[2]2026 január'!AF29 ) | CS31: =IF('[2]2026 január'!AG29=0, "", '[2]2026 január'!AG29 ) | CT31: =IF('[2]2026 január'!AH29=0, "", '[2]2026 január'!AH29 )
A32: 46051 | B32: 500690 | C32: 1550 | D32: 438355 | H32: 439905 | I32: 439905 | J32: 1340 | K32: 0447 | L32: 133286331 | Q32: 46051 | R32: 606960 | S32: 3550 | T32: 542348 | X32: 545898 | Y32: 545898 | Z32: 1938 | AA32: 0404 | AB32: 163844377 | AG32: 46051 | AH32: 392950 | AI32: 2000 | AJ32: 382318 | AN32: 384318 | AO32: 384318 | AP32: -132 | AQ32: 1258 | AR32: 303371281 | BI32: 46051 | BJ32: 170975 | BK32: 800 | BL32: 155785 | BP32: 156585 | BQ32: 156585 | BR32: -4785 | BS32: 1009 | BT32: 170170559 | BW32: van | BY32: 1671575 | BZ32: =IF(OR('[2]2026 január'!G30=0, ISBLANK('[2]2026 január'!G30)), "", '[2]2026 január'!G30 ) | CA32: ='[2]2026 január'!W30 -> 0 | CE32: =IF('[2]2026 január'!S30=0, "", '[2]2026 január'!S30 ) -> 616982 | CF32: =IF('[2]2026 január'!T30=0, "", '[2]2026 január'!T30 ) -> 144869 | CG32: =IF('[2]2026 január'!U30=0, "", '[2]2026 január'!U30 ) | CH32: =IF('[2]2026 január'!V30=0, "", '[2]2026 január'!V30 ) -> 14500 | CI32: =IF('[2]2026 január'!W30=0, "", '[2]2026 január'!W30 ) | CJ32: =IF('[2]2026 január'!X30=0, "", '[2]2026 január'!X30 ) | CK32: =IF('[2]2026 január'!Y30=0, "", '[2]2026 január'!Y30 ) -> 747351 | CL32: =IF('[2]2026 január'!Z30=0, "", '[2]2026 január'!Z30 ) | ... CP32: =IF('[2]2026 január'!AD30=0, "", '[2]2026 január'!AD30 ) | CQ32: =IF('[2]2026 január'!AE$30=0, "", '[2]2026 január'!AE$30 ) | CR32: =IF('[2]2026 január'!AF30=0, "", '[2]2026 január'!AF30 ) | CS32: =IF('[2]2026 január'!AG30=0, "", '[2]2026 január'!AG30 ) | CT32: =IF('[2]2026 január'!AH30=0, "", '[2]2026 január'!AH30 )
A33: 46052 | B33: 350410 | C33: 600 | D33: 323495 | H33: 324095 | I33: 324095 | J33: 1685 | K33: 0448 | L33: 133610426 | Q33: 46052 | R33: 507220 | S33: 2150 | T33: 436423 | X33: 438573 | Y33: 438573 | Z33: 983 | AA33: 0405 | AB33: 164282950 | AG33: 46052 | AH33: 435850 | AI33: 1450 | AJ33: 396136 | AN33: 397586 | AO33: 397586 | AP33: 96 | AQ33: 1259 | AR33: 303768867 | BI33: 46052 | BJ33: 140015 | BK33: 1251 | BL33: 120602 | BP33: 121853 | BQ33: 122305 | BR33: 2835 | BS33: 1010 | BT33: 170292412 | BY33: =IF('[2]2026 január'!B$31=0, "", '[2]2026 január'!B$31 ) -> 1433495 | BZ33: =IF(OR('[2]2026 január'!G31=0, ISBLANK('[2]2026 január'!G31)), "", '[2]2026 január'!G31 ) | CA33: ='[2]2026 január'!W31 -> 0 | CE33: =IF('[2]2026 január'!S31=0, "", '[2]2026 január'!S31 ) -> 747351 | CF33: =IF('[2]2026 január'!T31=0, "", '[2]2026 január'!T31 ) -> 150936 | CG33: =IF('[2]2026 január'!U31=0, "", '[2]2026 január'!U31 ) | CH33: =IF('[2]2026 január'!V31=0, "", '[2]2026 január'!V31 ) -> 342500 | CI33: =IF('[2]2026 január'!W31=0, "", '[2]2026 január'!W31 ) | CJ33: =IF('[2]2026 január'!X31=0, "", '[2]2026 január'!X31 ) | CK33: =IF('[2]2026 január'!Y31=0, "", '[2]2026 január'!Y31 ) -> 555787 | CL33: =IF('[2]2026 január'!Z31=0, "", '[2]2026 január'!Z31 ) | ... CP33: =IF('[2]2026 január'!AD31=0, "", '[2]2026 január'!AD31 ) | CQ33: =IF('[2]2026 január'!AE$31=0, "", '[2]2026 január'!AE$31 ) | CR33: =IF('[2]2026 január'!AF31=0, "", '[2]2026 január'!AF31 ) | CS33: =IF('[2]2026 január'!AG31=0, "", '[2]2026 január'!AG31 ) | CT33: =IF('[2]2026 január'!AH31=0, "", '[2]2026 január'!AH31 )
A34: 46053 | Q34: 46053 | AG34: 46053 | BI34: 46053 | BY34: =IF('[2]2026 január'!B$32=0, "", '[2]2026 január'!B$32 ) | BZ34: =IF(OR('[2]2026 január'!G32=0, ISBLANK('[2]2026 január'!G32)), "", '[2]2026 január'!G32 ) | CA34: ='[2]2026 január'!W32 -> 0 | CE34: =IF('[2]2026 január'!S32=0, "", '[2]2026 január'!S32 ) | CF34: =IF('[2]2026 január'!T32=0, "", '[2]2026 január'!T32 ) | CG34: =IF('[2]2026 január'!U32=0, "", '[2]2026 január'!U32 ) | CH34: =IF('[2]2026 január'!V32=0, "", '[2]2026 január'!V32 ) | CI34: =IF('[2]2026 január'!W32=0, "", '[2]2026 január'!W32 ) | CJ34: =IF('[2]2026 január'!X32=0, "", '[2]2026 január'!X32 ) | CK34: =IF('[2]2026 január'!Y32=0, "", '[2]2026 január'!Y32 ) | CL34: =IF('[2]2026 január'!Z32=0, "", '[2]2026 január'!Z32 ) | ... CP34: =IF('[2]2026 január'!AD32=0, "", '[2]2026 január'!AD32 ) | CQ34: =IF('[2]2026 január'!AE$32=0, "", '[2]2026 január'!AE$32 ) | CR34: =IF('[2]2026 január'!AF32=0, "", '[2]2026 január'!AF32 ) | CS34: =IF('[2]2026 január'!AG32=0, "", '[2]2026 január'!AG32 ) | CT34: =IF('[2]2026 január'!AH32=0, "", '[2]2026 január'!AH32 )
A35: Összesen: | C35: =SUM(C2:C34) -> 19250 | D35: =SUM(D2:D34) -> 8487866 | E35: =SUM(E2:E34) -> 200 | F35: =SUM(F2:F34) -> 0 | G35: =SUM(G3:G34) -> 7190 | H35: =SUM(H3:H34) -> 8500126 | I35: =SUM(I3:I34) -> 8131173 | L35: 133610426 | M35: 8507316 | Q35: Összesen: | S35: =SUM(S1:S34) -> 57675 | T35: =SUM(T3:T34) -> 11233593 | U35: =SUM(U1:U34) -> 0.18 | V35: =SUM(V1:V34) -> 0.27 | W35: =SUM(W3:W33) -> 4225 | X35: =SUM(X3:X33) -> 11287043 | Y35: =SUM(Y3:Y34) -> 11287043 | AB35: 164839238 | AC35: 11291268 | AG35: Összesen: | AI35: =SUM(AI1:AI34) -> 33940 | AJ35: =SUM(AJ1:AJ34) -> 7249299 | AK35: =SUM(AK1:AK34) -> 0.18 | AL35: =SUM(AL1:AL34) -> 50.27 | AM35: =SUM(AM3:AM34) -> 0 | AN35: =SUM(AN3:AN34) -> 7283289 | AO35: =SUM(AO3:AO34) -> 7283289 | AR35: 303768867 | AS35: 7283289 | BI35: Összesen: | BK35: =SUM(BK1:BK34) -> 21581 | BL35: =SUM(BL1:BL34) -> 4229138 | BM35: =SUM(BM1:BM34) -> 380.18 | BN35: =SUM(BN1:BN34) -> 100.27 | BO35: =SUM(BO3:BO34) -> 0 | BP35: =SUM(BP3:BP34) -> 4250747 | BQ35: =SUM(BQ3:BQ34) -> 4251651 | BT35: 170292412 | BU35: 4251199 | BY35: =IF('[2]2026 január'!B$33=0, "", '[2]2026 január'!B$33 ) -> 33488085 | BZ35: =IF(OR('[2]2026 január'!G33=0, ISBLANK('[2]2026 január'!G33)), "", '[2]2026 január'!G33 ) | CA35: ='[2]2026 január'!W33 -> 0 | CE35: =IF('[2]2026 január'!S33=0, "", '[2]2026 január'!S33 ) | CF35: =IF('[2]2026 január'!T33=0, "", '[2]2026 január'!T33 ) -> 2166428 | CG35: =IF('[2]2026 január'!U33=0, "", '[2]2026 január'!U33 ) -> 100000 | CH35: =IF('[2]2026 január'!V33=0, "", '[2]2026 január'!V33 ) | CI35: =IF('[2]2026 január'!W33=0, "", '[2]2026 január'!W33 ) | CJ35: =IF('[2]2026 január'!X33=0, "", '[2]2026 január'!X33 ) | CK35: =IF('[2]2026 január'!Y33=0, "", '[2]2026 január'!Y33 ) | CL35: =IF('[2]2026 január'!Z33=0, "", '[2]2026 január'!Z33 ) | ... CP35: =IF('[2]2026 január'!AD33=0, "", '[2]2026 január'!AD33 ) | CQ35: =IF('[2]2026 január'!AE$33=0, "", '[2]2026 január'!AE$33 ) | CR35: =IF('[2]2026 január'!AF33=0, "", '[2]2026 január'!AF33 ) | CS35: =IF('[2]2026 január'!AG33=0, "", '[2]2026 január'!AG33 ) | CT35: =IF('[2]2026 január'!AH33=0, "", '[2]2026 január'!AH33 )
C36: =C35+D35+E35+F35 -> 8507316 | G36: =G35+H35 -> 8507316 | S36: =S35+T35+U35+V35 -> 11291268 | W36: =W35+X35 -> 11291268 | AI36: =AI35+AJ35+AK35+AL35 -> 7283289.5 | AM36: =AM35+AN35 -> 7283289 | BK36: =BK35+BL35+BM35+BN35 -> 4251199.5 | BP36: =BQ35-BP35 -> 904 | BY36: =IF('[2]2026 január'!B$35=0, "", '[2]2026 január'!B$35 )
A40: ÜZENŐFAL | Q40: ÜZENŐFAL | AG40: ÜZENŐFAL | AU40: Kérlek ez a 3 sor legyen minden táblázatnál kihagyva | BI40: ÜZENŐFAL
A41: Sziasztok | Q41: Sziasztok | BI41: Sziasztok
A42: Kérlek az elütésekről tudnátok írni jegyzőkönyvet? Sajnos a bk terminál, NAV gépes elütésekről is kell | Q42: Kérlek az elütésekről tudnátok írni jegyzőkönyvet? Sajnos a bk terminál, NAV gépes elütésekről is kell | BI42: Kérlek az elütésekről tudnátok írni jegyzőkönyvet? Sajnos a bk terminál, NAV gépes elütésekről is kell
A44: Február | Q44: Február | AG44: Február | BI44: Február | BY44: ='[2]2026 január'!B$1 -> Novohost
A45: 46054 | Q45: 46054 | AG45: 46054 | BI45: 46054 | BY45: =IF('[2]2026 február'!B$2=0, "", '[2]2026 február'!B$2 )
A46: 46055 | B46: 325540 | C46: 1200 | D46: 313890 | H46: 315090 | I46: 315090 | J46: 1595 | K46: 0449 | L46: 133925516 | Q46: 46055 | R46: 601530 | S46: 2800 | T46: 553488 | X46: 556288 | Y46: 556288 | Z46: -517 | AA46: 0406 | AB46: 164839238 | AG46: 46055 | AH46: 492825 | AI46: 2750 | AJ46: 444361 | AN46: 447111 | AO46: 447111 | AP46: -517 | AQ46: 1260 | AR46: 304215978 | BI46: 46055 | BJ46: 9540 | BK46: 0 | BL46: 9540 | BP46: 9540 | BQ46: 9540 | BR46: 0 | BS46: 1011 | BT46: 170301952 | BY46: =IF('[2]2026 február'!B$3=0, "", '[2]2026 február'!B$3 ) -> 1429435
A47: 46056 | B47: 437815 | C47: 650 | D47: 400140 | H47: 400790 | I47: 400790 | J47: 475 | K47: 0450 | L47: 134326306 | Q47: 46056 | R47: 726820 | S47: 2700 | T47: 671425 | W47: 17725 | X47: 656400 | Y47: 674125 | Z47: 2310 | AA47: 0407 | AB47: 165513363 | AG47: 46056 | AH47: 452660 | AI47: 1950 | AJ47: 431586 | AN47: 433536 | AO47: 433536 | AP47: -994 | AQ47: 1261 | AR47: 304649514 | BI47: 46056 | BJ47: 41765 | BK47: 200 | BL47: 38935 | BP47: 39135 | BQ47: 39135 | BR47: -930 | BS47: 1012 | BT47: 170341087 | BY47: ='[2]2026 február'!$B$4 -> 1659060
A48: 46057 | B48: 414670 | C48: 650 | D48: 399620 | H48: 400270 | I48: 400270 | J48: 1500 | K48: 0451 | L48: 134726576 | Q48: 46057 | R48: 622185 | S48: 2800 | T48: 596795 | X48: 599595 | Y48: 581870 | Z48: -8 | AA48: 0408 | AB48: 166112958 | AG48: 46057 | AH48: 517700 | AI48: 1850 | AJ48: 491346 | AN48: 493196 | AO48: 493196 | AP48: 3716 | AQ48: 1262 | AR48: 305142710 | BI48: 46057 | BJ48: 239535 | BK48: 750 | BL48: 221195 | BP48: 221945 | BQ48: 221945 | BR48: 910 | BS48: 1013 | BT48: 170563032 | BY48: =IF('[2]2026 február'!B$5=0, "", '[2]2026 február'!B$5 ) -> 1794090
A49: 46058 | B49: 400795 | C49: 700 | D49: 366788 | H49: 367488 | I49: 367488 | J49: -1107 | K49: 0452 | L49: 135094064 | Q49: 46058 | R49: 652575 | S49: 2600 | T49: 589918 | X49: 592518 | Y49: 592518 | Z49: -1542 | AA49: 0409 | AB49: 166705476 | AG49: 46058 | AH49: 496720 | AI49: 2350 | AJ49: 468711 | AN49: 471061 | AO49: 471061 | AP49: -49 | AQ49: 1263 | AR49: 305613771 | BI49: 46058 | BJ49: 212105 | BK49: 850 | BL49: 196305 | BP49: 197155 | BQ49: 197155 | BR49: -1530 | BS49: 1014 | BT49: 170760187 | BY49: 1762195
A50: 46059 | B50: 333655 | C50: 500 | D50: 289575 | H50: 290075 | I50: 290075 | J50: 3260 | K50: 0453 | L50: 135384139 | Q50: 46059 | R50: 527045 | S50: 2900 | T50: 489104 | X50: 492004 | Y50: 492004 | Z50: -506 | AA50: 0410 | AB50: 167197480 | AG50: 46059 | AH50: 416740 | AI50: 2150 | AJ50: 388105 | AN50: 390255 | AO50: 390255 | AP50: -2110 | AQ50: 1264 | AR50: 306004026 | BI50: 46059 | BJ50: 198400 | BK50: 700 | BL50: 191690 | BP50: 192390 | BQ50: 192390 | BR50: 580 | BS50: 1015 | BT50: 170952577 | BY50: =IF('[2]2026 február'!B$7=0, "", '[2]2026 február'!B$7 ) -> 1475840
A51: 46060 | Q51: 46060 | AG51: 46060 | BI51: 46060 | BY51: =IF('[2]2026 február'!B$8=0, "", '[2]2026 február'!B$8 )
A52: 46061 | Q52: 46061 | AG52: 46061 | BI52: 46061 | BY52: =IF('[2]2026 február'!B$9=0, "", '[2]2026 február'!B$9 )
A53: 46062 | B53: 443720 | C53: 850 | D53: 415635 | H53: 416485 | I53: 416485 | J53: 5445 | K53: 0454 | L53: 135800624 | Q53: 46062 | R53: 563475 | S53: 3250 | T53: 530475 | X53: 533725 | Y53: 533725 | Z53: -100 | AA53: 0411 | AB53: 167731205 | AG53: 46062 | AH53: 308670 | AI53: 1400 | AJ53: 287463 | AN53: 288863 | AO53: 288863 | AP53: 1193 | AQ53: 1265 | AR53: 306292889 | BI53: 46062 | BJ53: 201215 | BK53: 750 | BL53: 191345 | BP53: 192095 | BQ53: 192095 | BR53: 2920 | BS53: 1016 | BT53: 171144672 | BY53: 1517080
A54: 46063 | B54: 395055 | C54: 650 | D54: 371385 | H54: 372035 | I54: 372035 | J54: 730 | K54: 0455 | L54: 136172659 | Q54: 46063 | R54: 634445 | S54: 3250 | T54: 581750 | X54: 585000 | Y54: 585000 | Z54: 1865 | AA54: 0412 | AB54: 168316205 | AG54: 46063 | AH54: 457730 | AI54: 1940 | AJ54: 434205 | AN54: 436145 | AO54: 436145 | AP54: 1194 | AQ54: 1266 | AR54: 306729034 | BI54: 46063 | BJ54: 219930 | BK54: 800 | BL54: 217745 | BM54: 50 | BP54: 218595 | BQ54: 218595 | BR54: 2921 | BS54: 1017 | BT54: 171363267 | BY54: =IF('[2]2026 február'!B$11=0, "", '[2]2026 február'!B$11 ) -> 1707160
A55: 46064 | B55: 451530 | C55: 490 | D55: 423420 | H55: 423910 | I55: 423910 | J55: 800 | K55: 0456 | L55: 136595569 | Q55: 46064 | R55: 712475 | S55: 4290 | T55: 645290 | X55: 649580 | Y55: 649580 | Z55: -285 | AA55: 0413 | AB55: 168965785 | AG55: 46064 | AH55: 431800 | AI55: 1200 | AJ55: 412473 | AN55: 413673 | AO55: 413673 | AP55: -1087 | AQ55: 1267 | AR55: 307142707 | BI55: 46064 | BJ55: 258745 | BK55: 500 | BL55: 260225 | BP55: 260725 | BQ55: 260725 | BR55: 4000 | BS55: 1018 | BT55: 171623992 | BY55: 1854550
A56: 46065 | B56: 492780 | C56: 750 | D56: 459440 | H56: 460190 | I56: 460190 | J56: 2645 | K56: 0457 | L56: 137056759 | Q56: 46065 | R56: 583560 | S56: 2950 | T56: 539371 | X56: 542321 | Y56: 542321 | Z56: 4471 | AA56: 0414 | AB56: 169508106 | AG56: 46065 | AH56: 403330 | AI56: 1800 | AJ56: 379135 | AN56: 380935 | AO56: 380935 | AP56: -1130 | AQ56: 1268 | AR56: 307523642 | BI56: 46065 | BJ56: 326000 | BK56: 750 | BL56: 308465 | BP56: 309215 | BQ56: 309215 | BR56: -785 | BS56: 1019 | BT56: 171933207 | BY56: =IF('[2]2026 február'!B$13=0, "", '[2]2026 február'!B$13 ) -> 1805670
A57: 46066 | B57: 476390 | C57: 1100 | D57: 438250 | H57: 439350 | I57: 439350 | J57: 230 | K57: 0458 | L57: 137496109 | Q57: 46066 | R57: 379180 | S57: 2120 | T57: 353750 | X57: 355870 | Y57: 355870 | Z57: 3370 | AA57: 0415 | AB57: 169863976 | AG57: 46066 | AH57: 400980 | AI57: 2300 | AJ57: 369621 | AL57: 1860 | AN57: 373781 | AO57: 373781 | AP57: 2111 | AQ57: 1269 | AR57: 307897423 | BI57: 46066 | BJ57: 149840 | BK57: 400 | BL57: 142950 | BP57: 143350 | BQ57: 143350 | BR57: 625 | BS57: 1020 | BT57: 172076557 | BY57: 1406390
A58: 46067 | Q58: 46067 | AG58: 46067 | BI58: 46067 | BY58: =IF('[2]2026 február'!B$15=0, "", '[2]2026 február'!B$15 )
A59: 46068 | Q59: 46068 | AG59: 46068 | BI59: 46068 | BY59: =IF('[2]2026 február'!B$16=0, "", '[2]2026 február'!B$16 )
A60: 46069 | B60: 449970 | C60: 1250 | D60: 413970 | H60: 415220 | I60: 415220 | J60: -3510 | K60: 0459 | L60: 147911329 | Q60: 46069 | R60: 646910 | S60: 2650 | T60: 606325 | X60: 608975 | Y60: 608975 | Z60: 165 | AA60: 0416 | AB60: 170472951 | AG60: 46069 | AH60: 467460 | AI60: 2250 | AJ60: 430790 | AN60: 433040 | AO60: 433040 | AP60: 4505 | AQ60: 1270 | AR60: 308330463 | BI60: 46069 | BJ60: 30085 | BK60: 50 | BL60: 30035 | BP60: 30085 | BQ60: 30085 | BR60: 0 | BS60: 1021 | BT60: 172106642 | BY60: =IF('[2]2026 február'!B$17=0, "", '[2]2026 február'!B$17 ) -> 1594425
A61: 46070 | B61: 495460 | C61: 1350 | D61: 472675 | F61: 450 | H61: 474475 | I61: 474475 | J61: 1270 | K61: 0460 | L61: 138385804 | Q61: 46070 | R61: 670510 | S61: 3200 | T61: 634570 | X61: 637770 | Y61: 637770 | Z61: 2760 | AA61: 0417 | AB61: 171110721 | AG61: 46070 | AI61: 0 | AJ61: 0 | AQ61: 1271 | AR61: 308330463 | BI61: 46070 | BJ61: 290270 | BK61: 1800 | BL61: 274225 | BP61: 276025 | BQ61: 276025 | BR61: -1945 | BS61: 1022 | BT61: 172382667 | BY61: 1858150
A62: 46071 | B62: 522820 | C62: 1200 | D62: 498285 | F62: 1890 | H62: 501375 | I62: 501375 | J62: 1465 | K62: 0461 | L62: 138887179 | Q62: 46071 | R62: 548890 | S62: 2050 | T62: 503065 | X62: 505115 | Y62: 505115 | Z62: -2010 | AA62: 0418 | AB62: 171615836 | AG62: 46070 | AH62: 401910 | AI62: 1200 | AJ62: 368490 | AL62: 2660 | AN62: 372350 | AO62: 372350 | AP62: 1440 | AQ62: 1272 | AR62: 308702813 | BI62: 46071 | BJ62: 221625 | BK62: 650 | BL62: 214785 | BP62: 215435 | BQ62: 215435 | BR62: 10 | BS62: 1023 | BT62: 172598102 | BY62: =IF('[2]2026 február'!B$19=0, "", '[2]2026 február'!B$19 ) -> 1703220
A63: 46072 | B63: 417690 | C63: 350 | D63: 397813 | E63: 50 | H63: 398213 | I63: 398213 | J63: 1308 | K63: 0462 | L63: 139285392 | Q63: 46072 | R63: 636620 | S63: 2850 | T63: 571430 | X63: 574280 | Y63: 574280 | Z63: 1810 | AA63: 0419 | AB63: 172190116 | AG63: 46071 | AH63: 409885 | AI63: 1350 | AJ63: 386158 | AN63: 387508 | AO63: 387508 | AP63: 388 | AQ63: 1273 | AR63: 309090321 | BI63: 46072 | BJ63: 208450 | BK63: 750 | BL63: 193115 | BP63: 193865 | BQ63: 193865 | BR63: -1120 | BS63: 1024 | BT63: 172791967 | BY63: =IF('[2]2026 február'!B$20=0, "", '[2]2026 február'!B$20 ) -> 1687250
A64: 46073 | B64: 361980 | C64: 750 | D64: 329010 | H64: 329760 | I64: 329760 | J64: 2780 | K64: 0463 | L64: 139615152 | Q64: 46073 | R64: 611835 | S64: 3400 | T64: 560325 | X64: 563725 | Y64: 563725 | Z64: 1100 | AA64: 0420 | AB64: 172753841 | AG64: 46072 | AH64: 424490 | AI64: 1650 | AJ64: 377411 | AN64: 379061 | AO64: 379061 | AP64: -184 | AQ64: 1274 | AR64: 309469382 | BI64: 46073 | BJ64: 105515 | BK64: 400 | BL64: 103665 | BP64: 104065 | BQ64: 104065 | BR64: -1000 | BS64: 1025 | BT64: 172896032 | BY64: =IF('[2]2026 február'!B$21=0, "", '[2]2026 február'!B$21 ) -> 1451360
A65: 46074 | Q65: 46074 | AG65: 46073 | AH65: 372030 | AI65: 1750 | AJ65: 347460 | AN65: 349210 | AO65: 349210 | AP65: 690 | AQ65: 1275 | AR65: 309818592 | BI65: 46074 | BY65: =IF('[2]2026 február'!B$22=0, "", '[2]2026 február'!B$22 )
A66: 46075 | Q66: 46075 | AG66: 46074 | BI66: 46075 | BY66: =IF('[2]2026 február'!B$23=0, "", '[2]2026 február'!B$23 )
A67: 46076 | B67: 368925 | C67: 300 | D67: 317630 | H67: 317930 | K67: 0464 | L67: 139933082 | Q67: 46076 | R67: 624530 | S67: 2700 | T67: 578915 | X67: 581615 | Y67: 581615 | Z67: 2125 | AA67: 0421 | AB67: 173335456 | AG67: 46075 | BI67: 46076 | BJ67: 214635 | BK67: 600 | BL67: 190460 | BP67: 191060 | BQ67: 191060 | BR67: -3530 | BS67: 1026 | BT67: 173087092
A68: 46104 | D68: 23825 | H68: 23825 | I68: 341755 | J68: 1630 | K68: 0465 | L68: 139956907 | Q68: 46077 | R68: 670780 | S68: 4850 | T68: 606590 | X68: 611440 | Y68: 611440 | Z68: -320 | AA68: 0422 | AB68: 173946896 | AG68: 46076 | AH68: 363475 | AI68: 1340 | AJ68: 314116 | AN68: 315456 | AO68: 315456 | AP68: -804 | AQ68: 1276 | AR68: 310134048 | BI68: 46077 | BJ68: 292470 | BK68: 1000 | BL68: 275870 | BP68: 276870 | BQ68: 276870 | BR68: -1600 | BS68: 1027 | BT68: 173363962 | BY68: =IF('[2]2026 február'!B$25=0, "", '[2]2026 február'!B$25 ) -> 1762955
A69: 46077 | B69: 433865 | C69: 650 | D69: 408545 | H69: 409195 | I69: 409195 | J69: 210 | K69: 0466 | L69: 140366102 | Q69: 46078 | R69: 662280 | S69: 3750 | T69: 624180 | X69: 627930 | Y69: 627930 | Z69: 2250 | AA69: 0423 | AB69: 174574826 | AG69: 46077 | AH69: 365840 | AI69: 850 | AJ69: 322536 | AN69: 323386 | AO69: 323386 | AP69: 316 | AQ69: 1277 | AR69: 310457434 | BI69: 46078 | BJ69: 237580 | BK69: 650 | BL69: 228270 | BP69: 228920 | BQ69: 228920 | BR69: -410 | BS69: 1028 | BT69: 173592882 | BY69: =IF('[2]2026 február'!B$26=0, "", '[2]2026 február'!B$26 ) -> 1755515
A70: 46078 | B70: 450650 | C70: 900 | D70: 416790 | H70: 417690 | I70: 417690 | J70: 1140 | K70: 0467 | L70: 140783792 | Q70: 46079 | R70: 642265 | S70: 2900 | T70: 587520 | X70: 590420 | Y70: 590420 | Z70: 1205 | AA70: 0424 | AB70: 175165246 | AG70: 46078 | AH70: 405005 | AI70: 1300 | AJ70: 376015 | AN70: 377315 | AO70: 377315 | AP70: 775 | AQ70: 1278 | AR70: 310834749 | BI70: 46079 | BJ70: 242610 | BK70: 1350 | BL70: 229070 | BP70: 230420 | BQ70: 230420 | BR70: 910 | BS70: 1029 | BT70: 173823302 | BY70: 1755515
A71: 46079 | B71: 399850 | C71: 600 | D71: 366281 | H71: 366881 | I71: 366881 | J71: 1090 | K71: 0468 | L71: 141150673 | Q71: 46080 | R71: 500480 | S71: 2400 | T71: 455240 | X71: 457640 | Y71: 457640 | Z71: 1080 | AA71: 0425 | AB71: 175622886 | AG71: 46079 | AH71: 376070 | AI71: 1650 | AJ71: 346490 | AN71: 348140 | AO71: 348140 | AP71: -1650 | AQ71: 1279 | AR71: 311182889 | BI71: 46080 | BJ71: 147460 | BK71: 600 | BL71: 119275 | BP71: 119875 | BQ71: 119875 | BR71: 8290 | BS71: 1030 | BT71: 173943177 | BY71: =IF('[2]2026 február'!B$28=0, "", '[2]2026 február'!B$28 ) -> 1357595
A72: 46080 | B72: 380375 | C72: 400 | D72: 335030 | H72: 335430 | I72: 335430 | J72: 2805 | K72: 0469 | L72: 141486103 | Q72: 46081 | AG72: 46080 | AH72: 329280 | AI72: 1300 | AJ72: 296928 | AN72: 298228 | AO72: 298228 | AP72: 158 | AQ72: 1280 | AR72: 311481117 | BI72: 46081 | BY72: =IF('[2]2026 február'!B$29=0, "", '[2]2026 február'!B$29 )
A73: 46081 | AG73: 46081 | BY73: =IF('[2]2026 február'!B$30=0, "", '[2]2026 február'!B$30 )
BY74: =IF('[2]2026 február'!B$31=0, "", '[2]2026 február'!B$31 )
BY75: =IF('[2]2026 február'!B$32=0, "", '[2]2026 február'!B$32 )
A76: Összesen: | C76: =SUM(C43:C75) -> 15290 | D76: =SUM(D43:D75) -> 7857997 | E76: =SUM(E43:E75) -> 50 | F76: =SUM(F43:F75) -> 2340 | G76: =SUM(G43:G75) -> 0 | H76: =SUM(H45:H75) -> 7875677 | I76: =SUM(I43:I75) -> 7875677 | L76: 141486103 | M76: 7875677 | Q76: Összesen: | S76: =SUM(S43:S75) -> 60410 | T76: =SUM(T43:T75) -> 11279526 | U76: =SUM(U43:U75) -> 0 | V76: =SUM(V43:V75) -> 0 | W76: =SUM(W43:W75) -> 17725 | X76: =SUM(X45:X75) -> 11322211 | Y76: =SUM(Y45:Y75) -> 11322211 | AB76: 175622886 | AC76: 11339936 | AG76: Összesen: | AI76: =SUM(AI43:AI75) -> 34330 | AJ76: =SUM(AJ43:AJ75) -> 7673400 | AK76: =SUM(AK43:AK75) -> 0 | AL76: =SUM(AL43:AL75) -> 4520 | AM76: =SUM(AM43:AM75) -> 0 | AN76: =SUM(AN45:AN75) -> 7712250 | AO76: =SUM(AO45:AO75) -> 7712250 | AR76: 311481117 | AS76: 7712250 | BI76: Összesen: | BK76: =SUM(BK43:BK75) -> 13550 | BL76: =SUM(BL43:BL75) -> 3637165 | BM76: =SUM(BM43:BM75) -> 50 | BN76: =SUM(BN43:BN75) -> 0 | BO76: =SUM(BO43:BO75) -> 0 | BP76: =SUM(BP45:BP75) -> 3650765 | BQ76: =SUM(BQ45:BQ75) -> 3650765 | BT76: 173943177 | BU76: 3650765 | BY76: =IF('[2]2026 február'!B$33=0, "", '[2]2026 február'!B$33 ) -> 32814300
C77: =C76+D76+E76+F76 -> 7875677 | G77: =G76+H76 -> 7875677 | S77: =S76+T76+U76+V76 -> 11339936 | W77: =W76+X76 -> 11339936 | AI77: =AI76+AJ76+AK76+AL76 -> 7712250 | AM77: =AM76+AN76 -> 7712250 | BK77: =BK76+BL76+BM76+BN76 -> 3650765 | BO77: =BO76+BP76 -> 3650765 | BY77: =IF('[2]2026 február'!B$34=0, "", '[2]2026 február'!B$34 )
BY78: =IF('[2]2026 január'!B$35=0, "", '[2]2026 január'!B$35 )
Q79: ÜZENŐFAL | BI79: ÜZENŐFAL
A80: ÜZENŐFAL | AG80: ÜZENŐFAL
A85: Március | Q85: Március | AG85: Március | BI85: Március | BY85: ='[2]2026 január'!B$1 -> Novohost
A86: 46082 | Q86: 46082 | AG86: 46082 | BI86: 46082 | BY86: =IF('[2]2026 március'!B$2=0, "", '[2]2026 március'!B$2 )
A87: 46083 | B87: 403875 | C87: 750 | D87: 362365 | H87: 363115 | I87: 363115 | J87: 3040 | K87: 0470 | L87: 141849218 | Q87: 46083 | R87: 595750 | S87: 3150 | T87: 547719 | V87: 1 | X87: 550870 | Y87: 550870 | Z87: 4420 | AA87: 0426 | AB87: 176173756 | AG87: 46083 | AH87: 352620 | AI87: 1700 | AJ87: 329878 | AN87: 331578 | AO87: 331578 | AP87: -72 | AQ87: 1281 | AR87: 311812695 | BI87: 46083 | BJ87: 200990 | BK87: 1050 | BL87: 186920 | BP87: 187970 | BQ87: 187970 | BR87: -330 | BS87: 1031 | BT87: 174131147 | BY87: =IF('[2]2026 március'!B$3=0, "", '[2]2026 március'!B$3 ) -> 1553235
A88: 46084 | B88: 549065 | C88: 650 | D88: 520150 | H88: 520800 | I88: 520800 | J88: 4295 | K88: 0471 | L88: 142370018 | Q88: 46084 | R88: 688280 | S88: 3650 | T88: 645180 | X88: 648830 | Y88: 648830 | Z88: 75 | AA88: 0427 | AB88: 176822586 | AG88: 46084 | AH88: 506035 | AI88: 2350 | AJ88: 450696 | AN88: 453046 | AO88: 453046 | AP88: 111 | AQ88: 1282 | AR88: 312265741 | BI88: 46084 | BJ88: 62705 | BK88: 50 | BL88: 17530 | BP88: 17580 | BQ88: 17580 | BR88: -965 | BS88: 1032 | BT88: 174148727
A89: 46085 | B89: 411380 | C89: 650 | D89: 374188 | H89: 374838 | I89: 374838 | J89: 1193 | K89: 0472 | L89: 142744856 | Q89: 46085 | R89: 650475 | S89: 3200 | T89: 581070 | X89: 584270 | Y89: 584270 | Z89: -5350 | AA89: 0428 | AB89: 177406856 | AG89: 46085 | AH89: 405590 | AI89: 1700 | AJ89: 351382 | AN89: 353082 | AO89: 353082 | AP89: -608 | AQ89: 1283 | AR89: 312618823 | BI89: 46085 | BJ89: 262815 | BK89: 1050 | BL89: 248405 | BP89: 249455 | BQ89: 249455 | BR89: -20 | BS89: 1033 | BT89: 174398182 | BY89: =IF('[2]2026 március'!B$5=0, "", '[2]2026 március'!B$5 ) -> 1730620
A90: 46086 | B90: 397575 | C90: 700 | D90: 374415 | G90: 1890 | H90: 373225 | I90: 373225 | J90: 1160 | K90: 0473 | L90: 143119971 | Q90: 46086 | R90: 724880 | S90: 3450 | T90: 669045 | X90: 672495 | Y90: 672495 | Z90: 160 | AA90: 0429 | AB90: 178079351 | AG90: 46086 | AH90: 354285 | AI90: 1500 | AJ90: 324920 | AN90: 326420 | AO90: 326420 | AP90: 10 | AQ90: 1284 | AR90: 312945243 | BI90: 46086 | BJ90: 229180 | BK90: 750 | BL90: 213390 | BP90: 214140 | BQ90: 214140 | BR90: 7825 | BS90: 1034 | BT90: 174612322 | BY90: 1762195
A91: 46087 | B91: 337770 | C91: 1200 | D91: 325245 | H91: 326445 | I91: 326445 | J91: 1155 | K91: 0474 | L91: 143446416 | Q91: 46087 | R91: 637950 | S91: 4250 | T91: 602025 | X91: 606275 | Y91: 606275 | Z91: 2065 | AA91: 0430 | AB91: 178685626 | AG91: 46087 | AH91: 243750 | AI91: 1550 | AJ91: 237630 | AN91: 239180 | AO91: 239180 | AQ91: 1285 | AR91: 313184423 | BI91: 46087 | BJ91: 174090 | BK91: 750 | BL91: 165645 | BO91: 1890 | BP91: 164505 | BQ91: 164505 | BR91: 825 | BS91: 1035 | BT91: 174778717 | BY91: =IF('[2]2026 március'!B$7=0, "", '[2]2026 március'!B$7 ) -> 1393560
A92: 46088 | Q92: 46088 | AG92: 46088 | BI92: 46088 | BY92: =IF('[2]2026 március'!B$8=0, "", '[2]2026 március'!B$8 )
A93: 46089 | Q93: 46089 | AG93: 46089 | BI93: 46089 | BY93: =IF('[2]2026 március'!B$9=0, "", '[2]2026 március'!B$9 )
A94: 46090 | B94: 381325 | C94: 1000 | D94: 363743 | H94: 364743 | I94: 364743 | J94: 243 | K94: 0475 | L94: 143811159 | Q94: 46090 | R94: 570035 | S94: 3150 | T94: 541120 | X94: 544270 | Y94: 544270 | Z94: 3340 | AA94: 0431 | AB94: 179229896 | AG94: 46090 | AH94: 407265 | AI94: 2000 | AJ94: 381054 | AN94: 383054 | AO94: 383054 | AP94: 859 | AQ94: 1286 | AR94: 313567477 | BI94: 46090 | BJ94: 243530 | BK94: 1200 | BL94: 232120 | BP94: 233320 | BQ94: 233320 | BR94: 20 | BS94: 1036 | BT94: 175012037 | BY94: 1517080
A95: 46091 | B95: 496180 | C95: 1150 | D95: 471300 | H95: 472450 | I95: 472450 | J95: 2020 | K95: 0476 | L95: 144283609 | Q95: 46091 | R95: 623270 | S95: 3920 | T95: 595790 | X95: 599710 | Y95: 599710 | Z95: 850 | AA95: 0432 | AB95: 179829606 | AG95: 46091 | AH95: 478870 | AI95: 2000 | AJ95: 445720 | AN95: 447720 | AO95: 447720 | AP95: 850 | AQ95: 1287 | AR95: 314015197 | BI95: 46091 | BJ95: 287730 | BK95: 900 | BL95: 271190 | BN95: 50 | BP95: 272140 | BQ95: 272140 | BR95: -2690 | BS95: 1037 | BT95: 175284177 | BY95: =IF('[2]2026 március'!B$11=0, "", '[2]2026 március'!B$11 ) -> 1886050
A96: 46092 | B96: 579160 | C96: 1550 | D96: 567370 | G96: 1890 | H96: 567030 | I96: 567030 | J96: 1100 | K96: 0477 | L96: 144852529 | Q96: 46092 | R96: 732115 | S96: 3900 | T96: 714788 | X96: 718688 | Y96: 718688 | Z96: 4108 | AA96: 0433 | AB96: 180548294 | AG96: 46092 | AH96: 366555 | AI96: 1650 | AJ96: 363908 | AN96: 365558 | AO96: 365558 | AP96: -3997 | AQ96: 1288 | AR96: 314380755 | BI96: 46092 | BJ96: 277905 | BK96: 1000 | BL96: 275276 | BP96: 276276 | BQ96: 276276 | BR96: -949 | BS96: 1038 | BT96: 175560453 | BY96: 1854550
A97: 46093 | B97: 504745 | C97: 1650 | D97: 492190 | H97: 493840 | I97: 493840 | J97: 6175 | K97: 0478 | L97: 145346369 | Q97: 46093 | R97: 604835 | S97: 2750 | T97: 577845 | X97: 580595 | Y97: 580595 | Z97: 110 | AA97: 0434 | AB97: 181128889 | AG97: 46093 | AH97: 393575 | AI97: 2000 | AJ97: 379341 | AN97: 381341 | AO97: 381341 | AP97: 711 | AQ97: 1289 | AR97: 314762096 | BI97: 46093 | BJ97: 259080 | BK97: 1350 | BL97: 254160 | BO97: 1990 | BP97: 253520 | BQ97: 253520 | BR97: -220 | BS97: 1039 | BT97: 175815963 | BY97: =IF('[2]2026 március'!B$13=0, "", '[2]2026 március'!B$13 ) -> 1762235
A98: 46094 | B98: 446375 | C98: 1450 | D98: 426925 | H98: 428375 | I98: 428375 | J98: 3210 | K98: 0479 | L98: 145774744 | Q98: 46094 | R98: 574000 | S98: 2900 | T98: 553320 | X98: 556220 | Y98: 556220 | Z98: 400 | AA98: 0435 | AB98: 181685109 | AG98: 46094 | AH98: 329250 | AI98: 2650 | AJ98: 306978 | AK98: 50 | AN98: 309678 | AO98: 309678 | AP98: 338 | AQ98: 1290 | AR98: 315071774 | BI98: 46094 | BJ98: 196045 | BK98: 1100 | BL98: 186595 | BP98: 187695 | BQ98: 187695 | BR98: 0 | BS98: 1040 | BT98: 176003658 | BY98: 1406390
A99: 46095 | Q99: 46095 | AG99: 46095 | BI99: 46095 | BY99: =IF('[2]2026 március'!B$15=0, "", '[2]2026 március'!B$15 ) | CR99: Ezek itt miért vannak kézzel beírva?
A100: 46096 | Q100: 46096 | AG100: 46096 | BI100: 46096 | BY100: =IF('[2]2026 március'!B$16=0, "", '[2]2026 március'!B$16 )
A101: 46097 | B101: 418510 | C101: 1100 | D101: 404110 | G101: 1990 | H101: 403220 | I101: 403220 | J101: 1070 | K101: 0480 | L101: 146179954 | Q101: 46097 | R101: 651135 | S101: 3400 | T101: 614370 | X101: 617770 | Y101: 617770 | Z101: -910 | AA101: 0436 | AB101: 182302879 | AG101: 46097 | AH101: 356430 | AI101: 2350 | AJ101: 347566 | AN101: 349916 | AO101: 349916 | AP101: -4 | AQ101: 1291 | AR101: 315421690 | BI101: 46097 | BJ101: 230780 | BK101: 1100 | BL101: 221700 | BP101: 222800 | BQ101: 222800 | BR101: -1130 | BS101: 1041 | BT101: 176226458 | BY101: =IF('[2]2026 március'!B$17=0, "", '[2]2026 március'!B$17 ) -> 1656855
A102: 46098 | B102: 408035 | C102: 1050 | D102: 396135 | H102: 397185 | I102: 397185 | J102: 1060 | K102: 0481 | L102: 146577139 | Q102: 46098 | R102: 654130 | S102: 4100 | T102: 602105 | U102: 50 | W102: 1990 | X102: 604265 | Y102: 604265 | Z102: 685 | AA102: 0437 | AB102: 182909134 | AG102: 46098 | AH102: 335390 | AI102: 1900 | AJ102: 318354 | AN102: 320254 | AO102: 320254 | AP102: -3876 | AQ102: 1292 | AR102: 315741944 | BI102: 46098 | BJ102: 288990 | BK102: 1050 | BL102: 272830 | BP102: 273880 | BQ102: 273880 | BR102: 2030 | BS102: 1042 | BT102: 176500338 | BY102: 1858150
A103: 46099 | B103: 453625 | C103: 1350 | D103: 430855 | H103: 432205 | I103: 432205 | J103: 700 | K103: 0482 | L103: 147009344 | Q103: 46099 | R103: 690250 | S103: 3000 | T103: 659815 | W103: 1890 | X103: 660925 | Y103: 660925 | Z103: -110 | AA103: 0438 | AB103: 183571949 | AG103: 46099 | AH103: 414015 | AI103: 1500 | AJ103: 403545 | AN103: 405045 | AO103: 405045 | AP103: 905 | AQ103: 1293 | AR103: 316146989 | BI103: 46099 | BJ103: 266810 | BK103: 1010 | BL103: 247290 | BP103: 248300 | BQ103: 248300 | BR103: -760 | BS103: 1043 | BT103: 176748638 | BY103: =IF('[2]2026 március'!B$19=0, "", '[2]2026 március'!B$19 ) -> 1824700
A104: 46100 | B104: 368065 | C104: 900 | D104: 348083 | G104: 1990 | H104: 346993 | I104: 346993 | J104: 1578 | K104: 0483 | L104: 147358327 | Q104: 46100 | R104: 605115 | S104: 3150 | T104: 568175 | X104: 571325 | Y104: 571325 | Z104: 1830 | AA104: 0439 | AB104: 184143274 | AG104: 46100 | AH104: 324880 | AI104: 2100 | AJ104: 308340 | AN104: 310440 | AO104: 310440 | AP104: 120 | AQ104: 1294 | AR104: 316457429 | BI104: 46100 | BJ104: 297035 | BK104: 1300 | BL104: 273500 | BP104: 274800 | BQ104: 274800 | BR104: 120 | BS104: 1044 | BT104: 177023438 | BY104: =IF('[2]2026 március'!B$20=0, "", '[2]2026 március'!B$20 ) -> 1595095
A105: 46101 | B105: 358270 | C105: 1000 | D105: 350530 | H105: 351530 | I105: 351530 | J105: 2010 | K105: 0484 | L105: 147709857 | Q105: 46101 | R105: 554800 | S105: 2800 | T105: 512665 | W105: 1990 | X105: 513475 | Y105: 513475 | Z105: 2005 | AA105: 0440 | AB105: 184658739 | AG105: 46101 | AH105: 327680 | AI105: 1250 | AJ105: 314894 | AN105: 316144 | AO105: 316144 | AP105: 5844 | AQ105: 1295 | AR105: 316773573 | BI105: 46101 | BJ105: 243740 | BK105: 1155 | BL105: 230505 | BP105: 231660 | BQ105: 231660 | BR105: 200 | BS105: 1045 | BT105: 177255098 | BY105: =IF('[2]2026 március'!B$21=0, "", '[2]2026 március'!B$21 ) -> 1494490
A106: 46102 | Q106: 46102 | AG106: 46102 | BI106: 46102 | BY106: =IF('[2]2026 március'!B$22=0, "", '[2]2026 március'!B$22 )
A107: 46103 | Q107: 46103 | AG107: 46103 | BI107: 46103 | BY107: =IF('[2]2026 március'!B$23=0, "", '[2]2026 március'!B$23 )
A108: 46104 | B108: 453250 | C108: 1900 | D108: 410560 | E108: 150 | H108: 412610 | I108: 412610 | J108: 440 | K108: 0485 | L108: 148122467 | Q108: 46104 | R108: 664880 | S108: 3850 | T108: 643540 | W108: 2280 | X108: 645110 | Y108: 645110 | Z108: 290 | AA108: 0441 | AB108: 185306129 | AG108: 46104 | AH108: 350825 | AI108: 1490 | AJ108: 334828 | AN108: 336318 | AO108: 336318 | AP108: 3243 | AQ108: 1296 | AR108: 317109891 | BI108: 46104 | BJ108: 266000 | BK108: 870 | BL108: 257430 | BO108: 1990 | BP108: 256310 | BQ108: 256310 | BR108: 2550 | BS108: 1046 | BT108: 177513398
...

Sheet KTI
A1: AP A13607773 | B1: Novohost | C1: 0 | D1: 0.05 | E1: 0.18 | F1: 0.27 | G1: készpénz | H1: kártya | I1: terminál sz. bankkártya | J1: zárás ssz | K1: göngyölt e. | L1: időszaki össz: | M1: EUR | N1: jegyzőkönyv | P1: Novohost | Q1: Tartalék kiadás | R1: Kivét | S1: Eredmény
A2: Január | P2: ='[3]2026 január'!B$1 -> Novohost | Q2: ='[3]2026 január'!G1 -> Tartalék kiadás | R2: ='[3]2026 január'!W1 -> Kivét | S2: Eredmény | V2: ='[3]2026 január'!S1 -> Pénztár nyitó | W2: ='[3]2026 január'!T1 -> pénztár kp bevétel | X2: ='[3]2026 január'!U1 -> Egyéb bevétel | Y2: ='[3]2026 január'!V1 -> Költött | Z2: ='[3]2026 január'!W1 -> Kivét | AA2: ='[3]2026 január'!X1 -> Eltérés | AB2: ='[3]2026 január'!Y1 -> Záró | AC2: ='[3]2026 január'!Z1 -> Megjegyzések | ... AG2: ='[3]2026 január'!AD1 -> Egyéb kiadás
A3: 46023 | P3: =IF('[3]2026 január'!B$2=0, "", '[3]2026 január'!B$2 ) | Q3: =IF(OR('[3]2026 január'!G2=0, ISBLANK('[3]2026 január'!G2)), "", '[3]2026 január'!G2 ) | R3: ='[3]2026 január'!W2 -> 0 | S3: =P3-Q3-R3-G3-H3 -> #VALUE! | V3: =IF('[3]2026 január'!S2=0, "", '[3]2026 január'!S2 ) -> -6793 | W3: =IF('[3]2026 január'!T2=0, "", '[3]2026 január'!T2 ) | X3: =IF('[3]2026 január'!U2=0, "", '[3]2026 január'!U2 ) | Y3: =IF('[3]2026 január'!V2=0, "", '[3]2026 január'!V2 ) | Z3: =IF('[3]2026 január'!W2=0, "", '[3]2026 január'!W2 ) | AA3: =IF('[3]2026 január'!X2=0, "", '[3]2026 január'!X2 ) | AB3: =IF('[3]2026 január'!Y2=0, "", '[3]2026 január'!Y2 ) -> -6793 | AC3: =IF('[3]2026 január'!Z2=0, "", '[3]2026 január'!Z2 ) | ... AG3: =IF('[3]2026 január'!AD2=0, "", '[3]2026 január'!AD2 ) | AH3: =IF('[3]2026 január'!AE$2=0, "", '[3]2026 január'!AE$2 ) | AI3: =IF('[3]2026 január'!AF2=0, "", '[3]2026 január'!AF2 ) | AJ3: =IF('[3]2026 január'!AG2=0, "", '[3]2026 január'!AG2 ) | AK3: =IF('[3]2026 január'!AH2=0, "", '[3]2026 január'!AH2 )
A4: 46024 | P4: =IF('[3]2026 január'!B$3=0, "", '[3]2026 január'!B$3 ) | Q4: =IF(OR('[3]2026 január'!G3=0, ISBLANK('[3]2026 január'!G3)), "", '[3]2026 január'!G3 ) | R4: ='[3]2026 január'!W3 -> 0 | V4: =IF('[3]2026 január'!S3=0, "", '[3]2026 január'!S3 ) -> -6793 | W4: =IF('[3]2026 január'!T3=0, "", '[3]2026 január'!T3 ) | X4: =IF('[3]2026 január'!U3=0, "", '[3]2026 január'!U3 ) | Y4: =IF('[3]2026 január'!V3=0, "", '[3]2026 január'!V3 ) | Z4: =IF('[3]2026 január'!W3=0, "", '[3]2026 január'!W3 ) | AA4: =IF('[3]2026 január'!X3=0, "", '[3]2026 január'!X3 ) | AB4: =IF('[3]2026 január'!Y3=0, "", '[3]2026 január'!Y3 ) -> -6793 | AC4: =IF('[3]2026 január'!Z3=0, "", '[3]2026 január'!Z3 ) | ... AG4: =IF('[3]2026 január'!AD3=0, "", '[3]2026 január'!AD3 ) | AH4: =IF('[3]2026 január'!AE$3=0, "", '[3]2026 január'!AE$3 ) | AI4: =IF('[3]2026 január'!AF3=0, "", '[3]2026 január'!AF3 ) | AJ4: =IF('[3]2026 január'!AG3=0, "", '[3]2026 január'!AG3 ) | AK4: =IF('[3]2026 január'!AH3=0, "", '[3]2026 január'!AH3 )
A5: 46025 | P5: =IF('[3]2026 január'!B$4=0, "", '[3]2026 január'!B$4 ) | Q5: =IF(OR('[3]2026 január'!G4=0, ISBLANK('[3]2026 január'!G4)), "", '[3]2026 január'!G4 ) | R5: ='[3]2026 január'!W4 -> 0 | V5: =IF('[3]2026 január'!S4=0, "", '[3]2026 január'!S4 ) -> -6793 | W5: =IF('[3]2026 január'!T4=0, "", '[3]2026 január'!T4 ) | X5: =IF('[3]2026 január'!U4=0, "", '[3]2026 január'!U4 ) | Y5: =IF('[3]2026 január'!V4=0, "", '[3]2026 január'!V4 ) | Z5: =IF('[3]2026 január'!W4=0, "", '[3]2026 január'!W4 ) | AA5: =IF('[3]2026 január'!X4=0, "", '[3]2026 január'!X4 ) | AB5: =IF('[3]2026 január'!Y4=0, "", '[3]2026 január'!Y4 ) -> -6793 | AC5: =IF('[3]2026 január'!Z4=0, "", '[3]2026 január'!Z4 ) | ... AG5: =IF('[3]2026 január'!AD4=0, "", '[3]2026 január'!AD4 ) | AH5: =IF('[3]2026 január'!AE$4=0, "", '[3]2026 január'!AE$4 ) | AI5: =IF('[3]2026 január'!AF4=0, "", '[3]2026 január'!AF4 ) | AJ5: =IF('[3]2026 január'!AG4=0, "", '[3]2026 január'!AG4 ) | AK5: =IF('[3]2026 január'!AH4=0, "", '[3]2026 január'!AH4 )
A6: 46026 | P6: =IF('[3]2026 január'!B$5=0, "", '[3]2026 január'!B$5 ) | Q6: =IF(OR('[3]2026 január'!G5=0, ISBLANK('[3]2026 január'!G5)), "", '[3]2026 január'!G5 ) | R6: ='[3]2026 január'!W5 -> 0 | V6: =IF('[3]2026 január'!S5=0, "", '[3]2026 január'!S5 ) -> -6793 | W6: =IF('[3]2026 január'!T5=0, "", '[3]2026 január'!T5 ) | X6: =IF('[3]2026 január'!U5=0, "", '[3]2026 január'!U5 ) | Y6: =IF('[3]2026 január'!V5=0, "", '[3]2026 január'!V5 ) | Z6: =IF('[3]2026 január'!W5=0, "", '[3]2026 január'!W5 ) | AA6: =IF('[3]2026 január'!X5=0, "", '[3]2026 január'!X5 ) | AB6: =IF('[3]2026 január'!Y5=0, "", '[3]2026 január'!Y5 ) -> -6793 | AC6: =IF('[3]2026 január'!Z5=0, "", '[3]2026 január'!Z5 ) | ... AG6: =IF('[3]2026 január'!AD5=0, "", '[3]2026 január'!AD5 ) | AH6: =IF('[3]2026 január'!AE$5=0, "", '[3]2026 január'!AE$5 ) | AI6: =IF('[3]2026 január'!AF5=0, "", '[3]2026 január'!AF5 ) | AJ6: =IF('[3]2026 január'!AG5=0, "", '[3]2026 január'!AG5 ) | AK6: =IF('[3]2026 január'!AH5=0, "", '[3]2026 január'!AH5 )
