Workbook

Sheet 2026 éves
D2: SIM kártya | E2: Éves Felülvizsgálat | F2: Szolgáltató | G2: Január | I2: Február | K2: Március | M2: Április | O2: Május | Q2: Június | S2: Július | U2: Augusztus | W2: Szeptember | Y2: Október | AA2: November | AC2: December
G3: összesen | H3: kp | I3: összesen | J3: kp | K3: összesen | L3: kp | M3: összesen | N3: kp | O3: összesen | P3: kp | Q3: összesen | R3: kp | S3: összesen | T3: kp | U3: összesen | V3: kp | W3: összesen | X3: kp | Y3: összesen | Z3: kp | AA3: összesen | AB3: kp | AC3: összesen | AD3: kp
B4: Államkincstár | C4: =MÁK!A1 -> AP A13610440 | G4: ='202601'!L3 -> 7171251.5 | H4: ='202601'!J3 -> 459515
B6: Knorr105 | C6: =Knorr105!A1 -> AP A09111376 | G6: ='202601'!L5 -> 8507266 | H6: ='202601'!J5 -> 7190
B7: Knorr105 | C7: =Knorr105!Q1 -> AP A24010154 | G7: ='202601'!L6 -> 0.5 | H7: ='202601'!J6 -> 0
B8: Knorr105 | C8: =Knorr105!AG1 -> AP A13609805 | D8: 861075025184672 | F8: Mobil Adat | G8: ='202601'!L7 -> 7283289.5 | H8: ='202601'!J7 -> 0
B9: Knorr105 | C9: AP A09110892 | D9: 89430301901300660519 | F9: Telekom
B11: Knorr86 | C11: =Knorr86!A1 -> AP A13607465 | D11: 861075020676789 | F11: Mobil Adat | G11: ='202601'!L10 -> 4985745.5 | H11: ='202601'!J10 -> 29890
B13: Knorr69 | C13: =Knorr69!A1 -> AP A09111377 | G13: ='202601'!L12 -> #REF! | H13: ='202601'!J12 -> #REF!
B15: KTI | C15: =KTI!A1 -> AP A13607773 | D15: 861075020652764 | F15: Mobil Adat | G15: ='202601'!L14 -> #REF! | H15: ='202601'!J14 -> #REF!
B17: Szentkirályi | C17: =Szentkiralyi!A1 -> AP A13611447
B19: RSR | C19: AP A09111370 | G19: ='202601'!L18 -> 987739.5 | H19: ='202601'!J18 -> 318535
B20: RSR | C20: AP A13610439 | D20: 861075024542649 | F20: Mobil Adat | G20: ='202601'!L19 -> 370942.5 | H20: ='202601'!J19 -> 115925
B22: Egyéb | C22: AP A13609679 | D22: 864403042171471 | F22: Mobil Adat | G22: ='202601'!#REF! -> #REF! | H22: ='202601'!#REF! -> #REF!
B23: Egyéb | C23: AP A09109974 | D23: 861075024542649 | F23: Mobil Adat | G23: ='202601'!L21 -> 0.5 | H23: ='202601'!J21 -> 0
B24: Egyéb | C24: AP A13608072 | D24: 861075020660809 | F24: Mobil Adat | G24: ='202601'!L22 -> 0.5 | H24: ='202601'!J22 -> 0
B25: Egyéb | C25: AP A13607772 | D25: 861075020660411 | F25: Telekom | G25: ='202601'!#REF! -> #REF! | H25: ='202601'!#REF! -> #REF!
B26: Összesen: | G26: =SUM(G4:G25) -> #REF! | H26: =SUM(H4:H25) -> #REF! | I26: =SUM(I4:I25) -> 0 | J26: =SUM(J4:J25) -> 0 | K26: =SUM(K4:K25) -> 0 | L26: =SUM(L4:L25) -> 0 | M26: =SUM(M4:M25) -> 0 | N26: =SUM(N4:N25) -> 0 | ... AD26: =SUM(AD4:AD25) -> 0
B28: SELEJT PÉNZTÁRGÉPEK
B30: A24004860 | C30: - | D30: 89430301902006414060 | F30: Telekom | G30: 2024.12.19. selejtezve | I30: szüneteltetve: 2025,05,14
B31: A24004855 | C31: AEE csere nincs bele | D31: 89430301902006411884 | F31: Telekom | I31: szüneteltetve: 2025,05,14
B32: A19503259 | C32: hiányzik a fogaskerék | D32: 861311007446874 | F32: Mobil Adat | G32: selejtezve
B33: A24004856 | C33: nem kommunikál a Navval | D33: 89430301902006410613 | F33: Telekom | G33: 2024.12.19. selejtezve
B34: A13607768 | D34: 861075020653549 | F34: Mobil Adat | G34: 2025.11.hóban selejtezve

Sheet 202602
C2: AP kód | D2: Nyitó zárás | E2: Záró zárás | F2: 0 | G2: 0.05 | H2: 0.18 | I2: 0.27 | J2: kp | K2: bankkártya | L2: Időszak összes | M2: Göngy. forgalom | O2: kp | P2: bk
B3: Államkincstár | C3: =MÁK!A1 -> AP A13610440 | F3: =MÁK!C35 -> 17250 | G3: =MÁK!D35 -> 4328426 | H3: =MÁK!E35 -> 0.18 | I3: =MÁK!F35 -> 2825575.3 | J3: =MÁK!G35 -> 459515 | L3: =SUM(F3:I3) -> 7171251.5 | O3: =J3+#REF! -> #REF! | P3: =SUM(L3:L3)-O3 -> #REF!
B5: Knorr105 | C5: =Knorr105!A1 -> AP A09111376 | F5: =Knorr105!C$35 -> 19250 | G5: =Knorr105!D$35 -> 8487866 | H5: =Knorr105!E$35 -> 150 | I5: =Knorr105!F$35 -> 0 | J5: =Knorr105!G$35 -> 7190 | L5: =SUM(F5:I5) -> 8507266 | O5: =J5+J6+J7 -> 12405 | P5: =SUM(L5:L7)-O5 -> 14663802
B6: Knorr105 | C6: =Knorr105!Q1 -> AP A24010154 | F6: =Knorr105!S$35 -> 57675 | G6: =Knorr105!T$35 -> 0.05 | H6: =Knorr105!U$35 -> 0.18 | I6: =Knorr105!V$35 -> 0.27 | J6: =Knorr105!W$35 -> 0 | L6: =SUM(F6:I6) -> 0.5
B7: Knorr105 | C7: =Knorr105!AG1 -> AP A13609805 | F7: =Knorr105!AI$35 -> 33940 | G7: =Knorr105!AJ$35 -> 7249299 | H7: =Knorr105!AK$35 -> 0.18 | I7: =Knorr105!AL$35 -> 50.27 | J7: =Knorr105!AM$35 -> 0 | L7: =SUM(F7:I7) -> 7283289.5
B8: Knorr105 | C8: AP A09110892
B10: Knorr86 | C10: =Knorr86!A1 -> AP A13607465 | F10: =Knorr86!C34 -> 26950 | G10: =Knorr86!D34 -> 4767430 | H10: =Knorr86!E34 -> 0.18 | I10: =Knorr86!F34 -> 191365.27 | J10: =Knorr86!G34 -> 29890 | L10: =SUM(F10:I10) -> 4985745.5 | O10: =J10 -> 29890 | P10: =L10-O10 -> 4955855.5
B12: Knorr69 | C12: =Knorr69!A1 -> AP A09111377 | F12: =Knorr69!#REF! -> #REF! | G12: =Knorr69!#REF! -> #REF! | H12: =Knorr69!#REF! -> #REF! | I12: =Knorr69!#REF! -> #REF! | J12: =Knorr69!#REF! -> #REF! | L12: =SUM(F12:I12) -> #REF! | O12: =J12 -> #REF! | P12: =L12-O12 -> #REF!
B14: KTI | C14: =KTI!A1 -> AP A13607773 | F14: =KTI!#REF! -> #REF! | G14: =KTI!#REF! -> #REF! | H14: =KTI!#REF! -> #REF! | I14: =KTI!#REF! -> #REF! | J14: =KTI!#REF! -> #REF! | L14: =SUM(F14:I14) -> #REF! | O14: =J14 -> #REF! | P14: =L14-O14 -> #REF!
B16: Szentkirályi | C16: AP A13611447
B18: RSR | C18: AP A09111370 | F18: =RSR!C34 -> 4396 | G18: =RSR!D34 -> 17170.05 | H18: =RSR!E34 -> 58570.18 | I18: =RSR!F34 -> 907603.27 | J18: =RSR!G34 -> 318535 | L18: =SUM(F18:I18) -> 987739.5 | O18: =SUM(J18:J19) -> 434460 | P18: =SUM(L18:L19)-O18 -> 924222
B19: RSR | C19: AP A13610439 | F19: =RSR!S34 -> 550 | G19: =RSR!T34 -> 322492.05 | H19: =RSR!U34 -> 0.18 | I19: =RSR!V34 -> 47900.27 | J19: =RSR!W34 -> 115925 | L19: =SUM(F19:I19) -> 370942.5
B21: Egyéb (RSR) | C21: ='Egyéb pénztárgépek'!M1 -> AP A13609679 | F21: ='Egyéb pénztárgépek'!N34 -> 0 | G21: ='Egyéb pénztárgépek'!O34 -> 0.05 | H21: ='Egyéb pénztárgépek'!P34 -> 0.18 | I21: ='Egyéb pénztárgépek'!Q34 -> 0.27 | J21: ='Egyéb pénztárgépek'!R34 -> 0 | L21: =SUM(F21:I21) -> 0.5
B22: Egyéb (RSR) | C22: ='Egyéb pénztárgépek'!AB1 -> AP A09109974 | F22: ='Egyéb pénztárgépek'!AC34 -> 0 | G22: ='Egyéb pénztárgépek'!AD34 -> 0.05 | H22: ='Egyéb pénztárgépek'!AE34 -> 0.18 | I22: ='Egyéb pénztárgépek'!AF34 -> 0.27 | J22: ='Egyéb pénztárgépek'!AG34 -> 0 | L22: =SUM(F22:I22) -> 0.5
B23: Egyéb | C23: AP A13608072
B24: Egyéb | C24: AP A13607772
B27: Összesen: | F27: =SUM(F3:F24) -> #REF! | G27: =SUM(G3:G24) -> #REF! | H27: =SUM(H3:H24) -> #REF! | I27: =SUM(I3:I24) -> #REF! | J27: 1495140 | L27: =SUM(L3:L24) -> #REF!

Sheet 202601
C2: AP kód | D2: Nyitó zárás | E2: Záró zárás | F2: 0 | G2: 0.05 | H2: 0.18 | I2: 0.27 | J2: kp | K2: bankkártya | L2: Időszak összes | M2: Göngy. forgalom | O2: kp | P2: bk
B3: Államkincstár | C3: =MÁK!A1 -> AP A13610440 | D3: 1009 | E3: 1029 | F3: =MÁK!C35 -> 17250 | G3: =MÁK!D35 -> 4328426 | H3: =MÁK!E35 -> 0.18 | I3: =MÁK!F35 -> 2825575.3 | J3: =MÁK!G35 -> 459515 | L3: =SUM(F3:I3) -> 7171251.5 | M3: 219216297 | O3: =J3+#REF! -> #REF! | P3: =SUM(L3:L3)-O3 -> #REF!
B5: Knorr105 | C5: =Knorr105!A1 -> AP A09111376 | D5: 428 | F5: =Knorr105!C$35 -> 19250 | G5: =Knorr105!D$35 -> 8487866 | H5: =Knorr105!E$35 -> 150 | I5: =Knorr105!F$35 -> 0 | J5: =Knorr105!G$35 -> 7190 | L5: =SUM(F5:I5) -> 8507266 | O5: =J5+J6+J7 -> 12405 | P5: =SUM(L5:L7)-O5 -> 14663802
B6: Knorr105 | C6: =Knorr105!Q1 -> AP A24010154 | D6: 384 | F6: =Knorr105!S$35 -> 57675 | G6: =Knorr105!T$35 -> 0.05 | H6: =Knorr105!U$35 -> 0.18 | I6: =Knorr105!V$35 -> 0.27 | J6: =Knorr105!W$35 -> 0 | L6: =SUM(F6:I6) -> 0.5
B7: Knorr105 | C7: =Knorr105!AG1 -> AP A13609805 | D7: 1239 | F7: =Knorr105!AI$35 -> 33940 | G7: =Knorr105!AJ$35 -> 7249299 | H7: =Knorr105!AK$35 -> 0.18 | I7: =Knorr105!AL$35 -> 50.27 | J7: =Knorr105!AM$35 -> 0 | L7: =SUM(F7:I7) -> 7283289.5
B8: Knorr105 | C8: AP A09110892 | D8: 990
B10: Knorr86 | C10: =Knorr86!A1 -> AP A13607465 | D10: 2274 | F10: =Knorr86!C34 -> 26950 | G10: =Knorr86!D34 -> 4767430 | H10: =Knorr86!E34 -> 0.18 | I10: =Knorr86!F34 -> 191365.27 | J10: =Knorr86!G34 -> 29890 | L10: =SUM(F10:I10) -> 4985745.5 | O10: =J10 -> 29890 | P10: =L10-O10 -> 4955855.5
B12: Knorr69 | C12: =Knorr69!A1 -> AP A09111377 | D12: 527 | F12: =Knorr69!#REF! -> #REF! | G12: =Knorr69!#REF! -> #REF! | H12: =Knorr69!#REF! -> #REF! | I12: =Knorr69!#REF! -> #REF! | J12: =Knorr69!#REF! -> #REF! | L12: =SUM(F12:I12) -> #REF! | M12: 134086437 | O12: =J12 -> #REF! | P12: =L12-O12 -> #REF!
B14: KTI | C14: =KTI!A1 -> AP A13607773 | D14: 1747 | F14: =KTI!#REF! -> #REF! | G14: =KTI!#REF! -> #REF! | H14: =KTI!#REF! -> #REF! | I14: =KTI!#REF! -> #REF! | J14: =KTI!#REF! -> #REF! | L14: =SUM(F14:I14) -> #REF! | O14: =J14 -> #REF! | P14: =L14-O14 -> #REF!
B16: Szentkirályi | C16: AP A13611447 | D16: 0041
B18: RSR | C18: AP A09111370 | D18: 0573 | F18: =RSR!C34 -> 4396 | G18: =RSR!D34 -> 17170.05 | H18: =RSR!E34 -> 58570.18 | I18: =RSR!F34 -> 907603.27 | J18: =RSR!G34 -> 318535 | L18: =SUM(F18:I18) -> 987739.5 | O18: =SUM(J18:J19) -> 434460 | P18: =SUM(L18:L19)-O18 -> 924222
B19: RSR | C19: AP A13610439 | D19: 0364 | F19: =RSR!S34 -> 550 | G19: =RSR!T34 -> 322492.05 | H19: =RSR!U34 -> 0.18 | I19: =RSR!V34 -> 47900.27 | J19: =RSR!W34 -> 115925 | L19: =SUM(F19:I19) -> 370942.5
B21: Egyéb (RSR) | C21: ='Egyéb pénztárgépek'!M1 -> AP A13609679 | F21: ='Egyéb pénztárgépek'!N34 -> 0 | G21: ='Egyéb pénztárgépek'!O34 -> 0.05 | H21: ='Egyéb pénztárgépek'!P34 -> 0.18 | I21: ='Egyéb pénztárgépek'!Q34 -> 0.27 | J21: ='Egyéb pénztárgépek'!R34 -> 0 | L21: =SUM(F21:I21) -> 0.5
B22: Egyéb (RSR) | C22: ='Egyéb pénztárgépek'!AB1 -> AP A09109974 | F22: ='Egyéb pénztárgépek'!AC34 -> 0 | G22: ='Egyéb pénztárgépek'!AD34 -> 0.05 | H22: ='Egyéb pénztárgépek'!AE34 -> 0.18 | I22: ='Egyéb pénztárgépek'!AF34 -> 0.27 | J22: ='Egyéb pénztárgépek'!AG34 -> 0 | L22: =SUM(F22:I22) -> 0.5
B23: Egyéb | C23: AP A13608072
B24: Egyéb | C24: AP A13607772 | D24: 2243
B27: Összesen: | F27: =SUM(F3:F24) -> #REF! | G27: =SUM(G3:G24) -> #REF! | H27: =SUM(H3:H24) -> #REF! | I27: =SUM(I3:I24) -> #REF! | J27: 1495140 | L27: =SUM(L3:L24) -> #REF!

Sheet MÁK
A1: AP A13610440 | B1: Novohost | C1: 0 | D1: 0.05 | E1: 0.18 | F1: 0.27 | G1: készpénz | H1: kártya | I1: terminál sz. bankkártya | J1: zárás sorszám | K1: göngyölt e. | L1: időszaki össz: | M1: EUR | N1: jegyzőkönyv | P1: Novohost
A2: Január | P2: ='[1]2026 január'!B1 -> Novohost | Q2: ='[1]2026 január'!G1 -> Tartalék kiadás | R2: ='[1]2026 január'!W1 -> Kivét | S2: Eredmény | V2: ='[1]2026 január'!S1 -> Pénztár nyitó | W2: ='[1]2026 január'!T1 -> novo kp bevétel | X2: ='[1]2026 január'!U1 -> Egyéb bevétel | Y2: ='[1]2026 január'!V1 -> Költött | Z2: ='[1]2026 január'!W1 -> Kivét | AA2: ='[1]2026 január'!X1 -> Eltérés | AB2: ='[1]2026 január'!Y1 -> Záró | AC2: ='[1]2026 január'!Z1 -> Megjegyzések | ... AG2: ='[1]2026 január'!AD1 -> 0
A3: 46023 | P3: =IF('[1]2026 január'!B$2=0, "", '[1]2026 január'!B$2 ) | Q3: =IF(OR('[1]2026 január'!G2=0, ISBLANK('[1]2026 január'!G2)), "", '[1]2026 január'!G2 ) | R3: ='[1]2026 január'!W2 -> 0 | S3: =P3-Q3-R3-G3-H3 -> #VALUE! | V3: =IF('[1]2026 január'!S2=0, "", '[1]2026 január'!S2 ) | W3: =IF('[1]2026 január'!T2=0, "", '[1]2026 január'!T2 ) | X3: =IF('[1]2026 január'!U2=0, "", '[1]2026 január'!U2 ) | Y3: =IF('[1]2026 január'!V2=0, "", '[1]2026 január'!V2 ) | Z3: =IF('[1]2026 január'!W2=0, "", '[1]2026 január'!W2 ) | AA3: =IF('[1]2026 január'!X2=0, "", '[1]2026 január'!X2 ) | AB3: =IF('[1]2026 január'!Y2=0, "", '[1]2026 január'!Y2 ) | AC3: =IF('[1]2026 január'!Z2=0, "", '[1]2026 január'!Z2 ) | AD3: =IF('[1]2026 január'!AA2=0, "", '[1]2026 január'!AA2 ) | AE3: =IF('[1]2026 január'!AB$2=0, "", '[1]2026 január'!AB$2 ) | AF3: =IF('[1]2026 január'!AC$2=0, "", '[1]2026 január'!AC$2 ) | AG3: =IF('[1]2026 január'!AD$2=0, "", '[1]2026 január'!AD$2 ) | AH3: =IF('[1]2026 január'!AE2=0, "", '[1]2026 január'!AE2 ) | AI3: =IF('[1]2026 január'!AF2=0, "", '[1]2026 január'!AF2 ) | AJ3: =IF('[1]2026 január'!AG2=0, "", '[1]2026 január'!AG2 ) | AK3: =IF('[1]2026 január'!AH2=0, "", '[1]2026 január'!AH2 )
A4: 46024 | P4: =IF('[1]2026 január'!B$3=0, "", '[1]2026 január'!B$3 ) | Q4: =IF(OR('[1]2026 január'!G3=0, ISBLANK('[1]2026 január'!G3)), "", '[1]2026 január'!G3 ) | R4: ='[1]2026 január'!W3 -> 0 | V4: =IF('[1]2026 január'!S3=0, "", '[1]2026 január'!S3 ) | W4: =IF('[1]2026 január'!T3=0, "", '[1]2026 január'!T3 ) | X4: =IF('[1]2026 január'!U3=0, "", '[1]2026 január'!U3 ) | Y4: =IF('[1]2026 január'!V3=0, "", '[1]2026 január'!V3 ) | Z4: =IF('[1]2026 január'!W3=0, "", '[1]2026 január'!W3 ) | AA4: =IF('[1]2026 január'!X3=0, "", '[1]2026 január'!X3 ) | AB4: =IF('[1]2026 január'!Y3=0, "", '[1]2026 január'!Y3 ) | AC4: =IF('[1]2026 január'!Z3=0, "", '[1]2026 január'!Z3 ) | AD4: =IF('[1]2026 január'!AA3=0, "", '[1]2026 január'!AA3 ) | AE4: =IF('[1]2026 január'!AB$3=0, "", '[1]2026 január'!AB$3 ) | AF4: =IF('[1]2026 január'!AC$3=0, "", '[1]2026 január'!AC$3 ) | AG4: =IF('[1]2026 január'!AD$3=0, "", '[1]2026 január'!AD$3 ) | AH4: =IF('[1]2026 január'!AE3=0, "", '[1]2026 január'!AE3 ) | AI4: =IF('[1]2026 január'!AF3=0, "", '[1]2026 január'!AF3 ) | AJ4: =IF('[1]2026 január'!AG3=0, "", '[1]2026 január'!AG3 ) | AK4: =IF('[1]2026 január'!AH3=0, "", '[1]2026 január'!AH3 )
A5: 46025 | P5: =IF('[1]2026 január'!B$4=0, "", '[1]2026 január'!B$4 ) | Q5: =IF(OR('[1]2026 január'!G4=0, ISBLANK('[1]2026 január'!G4)), "", '[1]2026 január'!G4 ) | R5: ='[1]2026 január'!W4 -> 0 | V5: =IF('[1]2026 január'!S4=0, "", '[1]2026 január'!S4 ) | W5: =IF('[1]2026 január'!T4=0, "", '[1]2026 január'!T4 ) | X5: =IF('[1]2026 január'!U4=0, "", '[1]2026 január'!U4 ) | Y5: =IF('[1]2026 január'!V4=0, "", '[1]2026 január'!V4 ) | Z5: =IF('[1]2026 január'!W4=0, "", '[1]2026 január'!W4 ) | AA5: =IF('[1]2026 január'!X4=0, "", '[1]2026 január'!X4 ) | AB5: =IF('[1]2026 január'!Y4=0, "", '[1]2026 január'!Y4 ) | AC5: =IF('[1]2026 január'!Z4=0, "", '[1]2026 január'!Z4 ) | AD5: =IF('[1]2026 január'!AA4=0, "", '[1]2026 január'!AA4 ) | AE5: =IF('[1]2026 január'!AB$4=0, "", '[1]2026 január'!AB$4 ) | AF5: =IF('[1]2026 január'!AC$4=0, "", '[1]2026 január'!AC$4 ) | AG5: =IF('[1]2026 január'!AD$4=0, "", '[1]2026 január'!AD$4 ) | AH5: =IF('[1]2026 január'!AE4=0, "", '[1]2026 január'!AE4 ) | AI5: =IF('[1]2026 január'!AF4=0, "", '[1]2026 január'!AF4 ) | AJ5: =IF('[1]2026 január'!AG4=0, "", '[1]2026 január'!AG4 ) | AK5: =IF('[1]2026 január'!AH4=0, "", '[1]2026 január'!AH4 )
A6: 46026
A7: 46027 | C7: 1150 | D7: 164389 | F7: 177841 | G7: 33775 | H7: 309605 | I7: 314305 | J7: 1009 | K7: 212688426 | P7: =IF('[1]2026 január'!B$5=0, "", '[1]2026 január'!B$5 ) | Q7: =IF(OR('[1]2026 január'!G5=0, ISBLANK('[1]2026 január'!G5)), "", '[1]2026 január'!G5 ) | R7: ='[1]2026 január'!W5 -> 0 | V7: =IF('[1]2026 január'!S5=0, "", '[1]2026 január'!S5 ) | W7: =IF('[1]2026 január'!T5=0, "", '[1]2026 január'!T5 ) | X7: =IF('[1]2026 január'!U5=0, "", '[1]2026 január'!U5 ) | Y7: =IF('[1]2026 január'!V5=0, "", '[1]2026 január'!V5 ) | Z7: =IF('[1]2026 január'!W5=0, "", '[1]2026 január'!W5 ) | AA7: =IF('[1]2026 január'!X5=0, "", '[1]2026 január'!X5 ) | AB7: =IF('[1]2026 január'!Y5=0, "", '[1]2026 január'!Y5 ) | AC7: =IF('[1]2026 január'!Z5=0, "", '[1]2026 január'!Z5 ) | AD7: =IF('[1]2026 január'!AA5=0, "", '[1]2026 január'!AA5 ) | AE7: =IF('[1]2026 január'!AB$5=0, "", '[1]2026 január'!AB$5 ) | AF7: =IF('[1]2026 január'!AC$5=0, "", '[1]2026 január'!AC$5 ) | AG7: =IF('[1]2026 január'!AD$5=0, "", '[1]2026 január'!AD$5 ) | AH7: =IF('[1]2026 január'!AE5=0, "", '[1]2026 január'!AE5 ) | AI7: =IF('[1]2026 január'!AF5=0, "", '[1]2026 január'!AF5 ) | AJ7: =IF('[1]2026 január'!AG5=0, "", '[1]2026 január'!AG5 ) | AK7: =IF('[1]2026 január'!AH5=0, "", '[1]2026 január'!AH5 )
A8: 46027 | B8: 366030 | F8: 4700 | H8: 4700 | J8: 1010 | K8: 212693126 | P8: =IF('[1]2026 január'!B$6=0, "", '[1]2026 január'!B$6 ) -> 348080 | Q8: =IF(OR('[1]2026 január'!G6=0, ISBLANK('[1]2026 január'!G6)), "", '[1]2026 január'!G6 ) | R8: ='[1]2026 január'!W6 -> 0 | V8: =IF('[1]2026 január'!S6=0, "", '[1]2026 január'!S6 ) -> 119577 | W8: =IF('[1]2026 január'!T6=0, "", '[1]2026 január'!T6 ) -> 33775 | X8: =IF('[1]2026 január'!U6=0, "", '[1]2026 január'!U6 ) | Y8: =IF('[1]2026 január'!V6=0, "", '[1]2026 január'!V6 ) | Z8: =IF('[1]2026 január'!W6=0, "", '[1]2026 január'!W6 ) | AA8: =IF('[1]2026 január'!X6=0, "", '[1]2026 január'!X6 ) | AB8: =IF('[1]2026 január'!Y6=0, "", '[1]2026 január'!Y6 ) -> 153352 | AC8: =IF('[1]2026 január'!Z6=0, "", '[1]2026 január'!Z6 ) | AD8: =IF('[1]2026 január'!AA6=0, "", '[1]2026 január'!AA6 ) | AE8: =IF('[1]2026 január'!AB$6=0, "", '[1]2026 január'!AB$6 ) | AF8: =IF('[1]2026 január'!AC$6=0, "", '[1]2026 január'!AC$6 ) | AG8: =IF('[1]2026 január'!AD$6=0, "", '[1]2026 január'!AD$6 ) | AH8: =IF('[1]2026 január'!AE6=0, "", '[1]2026 január'!AE6 ) | AI8: =IF('[1]2026 január'!AF6=0, "", '[1]2026 január'!AF6 ) | AJ8: =IF('[1]2026 január'!AG6=0, "", '[1]2026 január'!AG6 ) | AK8: =IF('[1]2026 január'!AH6=0, "", '[1]2026 január'!AH6 )
A9: 46028 | B9: 412300 | C9: 750 | D9: 242410 | F9: 199650 | G9: 16720 | H9: 426090 | I9: 426090 | J9: 1011 | K9: 213135936 | P9: =IF('[1]2026 január'!B$7=0, "", '[1]2026 január'!B$7 ) -> 402810 | Q9: =IF(OR('[1]2026 január'!G7=0, ISBLANK('[1]2026 január'!G7)), "", '[1]2026 január'!G7 ) | R9: ='[1]2026 január'!W7 -> 0 | V9: =IF('[1]2026 január'!S7=0, "", '[1]2026 január'!S7 ) -> 153352 | W9: =IF('[1]2026 január'!T7=0, "", '[1]2026 január'!T7 ) -> -23280 | X9: =IF('[1]2026 január'!U7=0, "", '[1]2026 január'!U7 ) -> 44985 | Y9: =IF('[1]2026 január'!V7=0, "", '[1]2026 január'!V7 ) -> 3600 | Z9: =IF('[1]2026 január'!W7=0, "", '[1]2026 január'!W7 ) | AA9: =IF('[1]2026 január'!X7=0, "", '[1]2026 január'!X7 ) | AB9: =IF('[1]2026 január'!Y7=0, "", '[1]2026 január'!Y7 ) -> 171457 | AC9: =IF('[1]2026 január'!Z7=0, "", '[1]2026 január'!Z7 ) | AD9: =IF('[1]2026 január'!AA7=0, "", '[1]2026 január'!AA7 ) -> Vásárlás | AE9: =IF('[1]2026 január'!AB$7=0, "", '[1]2026 január'!AB$7 ) -> Vip töltés | AF9: =IF('[1]2026 január'!AC$7=0, "", '[1]2026 január'!AC$7 ) | AG9: =IF('[1]2026 január'!AD$7=0, "", '[1]2026 január'!AD$7 ) | AH9: =IF('[1]2026 január'!AE7=0, "", '[1]2026 január'!AE7 ) | AI9: =IF('[1]2026 január'!AF7=0, "", '[1]2026 január'!AF7 ) | AJ9: =IF('[1]2026 január'!AG7=0, "", '[1]2026 január'!AG7 ) | AK9: =IF('[1]2026 január'!AH7=0, "", '[1]2026 január'!AH7 )
A10: 46029 | B10: 423525 | C10: 850 | D10: 247930 | F10: 161945 | G10: 20510 | H10: 390215 | I10: 390215 | J10: 1012 | K10: 213546661 | P10: =IF('[1]2026 január'!B$8=0, "", '[1]2026 január'!B$8 ) -> 410725 | Q10: =IF(OR('[1]2026 január'!G8=0, ISBLANK('[1]2026 január'!G8)), "", '[1]2026 január'!G8 ) | R10: ='[1]2026 január'!W8 -> 7190 | V10: =IF('[1]2026 január'!S8=0, "", '[1]2026 január'!S8 ) -> 171457 | W10: =IF('[1]2026 január'!T8=0, "", '[1]2026 január'!T8 ) -> 20510 | X10: =IF('[1]2026 január'!U8=0, "", '[1]2026 január'!U8 ) | Y10: =IF('[1]2026 január'!V8=0, "", '[1]2026 január'!V8 ) | Z10: =IF('[1]2026 január'!W8=0, "", '[1]2026 január'!W8 ) -> 7190 | AA10: =IF('[1]2026 január'!X8=0, "", '[1]2026 január'!X8 ) | AB10: =IF('[1]2026 január'!Y8=0, "", '[1]2026 január'!Y8 ) -> 184777 | AC10: =IF('[1]2026 január'!Z8=0, "", '[1]2026 január'!Z8 ) | AD10: =IF('[1]2026 január'!AA8=0, "", '[1]2026 január'!AA8 ) -> Matrica | AE10: =IF('[1]2026 január'!AB$8=0, "", '[1]2026 január'!AB$8 ) | AF10: =IF('[1]2026 január'!AC$8=0, "", '[1]2026 január'!AC$8 ) | AG10: =IF('[1]2026 január'!AD$8=0, "", '[1]2026 január'!AD$8 ) | AH10: =IF('[1]2026 január'!AE8=0, "", '[1]2026 január'!AE8 ) | AI10: =IF('[1]2026 január'!AF8=0, "", '[1]2026 január'!AF8 ) | AJ10: =IF('[1]2026 január'!AG8=0, "", '[1]2026 január'!AG8 ) | AK10: =IF('[1]2026 január'!AH8=0, "", '[1]2026 január'!AH8 )
A11: 46030 | B11: 459800 | C11: 1150 | D11: 275605 | F11: 196505 | G11: 28825 | H11: 444435 | I11: 444435 | J11: 1013 | K11: 214019921 | P11: =IF('[1]2026 január'!B$9=0, "", '[1]2026 január'!B$9 ) -> 443260 | Q11: =IF(OR('[1]2026 január'!G9=0, ISBLANK('[1]2026 január'!G9)), "", '[1]2026 január'!G9 ) | R11: ='[1]2026 január'!W9 -> 0 | V11: =IF('[1]2026 január'!S9=0, "", '[1]2026 január'!S9 ) -> 184777 | W11: =IF('[1]2026 január'!T9=0, "", '[1]2026 január'!T9 ) -> -1175 | X11: =IF('[1]2026 január'!U9=0, "", '[1]2026 január'!U9 ) | Y11: =IF('[1]2026 január'!V9=0, "", '[1]2026 január'!V9 ) -> 22997 | Z11: =IF('[1]2026 január'!W9=0, "", '[1]2026 január'!W9 ) | AA11: =IF('[1]2026 január'!X9=0, "", '[1]2026 január'!X9 ) | AB11: =IF('[1]2026 január'!Y9=0, "", '[1]2026 január'!Y9 ) -> 160605 | AC11: =IF('[1]2026 január'!Z9=0, "", '[1]2026 január'!Z9 ) | AD11: =IF('[1]2026 január'!AA9=0, "", '[1]2026 január'!AA9 ) -> Media Markt | AE11: =IF('[1]2026 január'!AB$9=0, "", '[1]2026 január'!AB$9 ) | AF11: =IF('[1]2026 január'!AC$9=0, "", '[1]2026 január'!AC$9 ) | AG11: =IF('[1]2026 január'!AD$9=0, "", '[1]2026 január'!AD$9 ) | AH11: =IF('[1]2026 január'!AE9=0, "", '[1]2026 január'!AE9 ) | AI11: =IF('[1]2026 január'!AF9=0, "", '[1]2026 január'!AF9 ) | AJ11: =IF('[1]2026 január'!AG9=0, "", '[1]2026 január'!AG9 ) | AK11: =IF('[1]2026 január'!AH9=0, "", '[1]2026 január'!AH9 )
A12: 46031 | B12: 377780 | C12: 700 | D12: 301850 | F12: 108675 | G12: 12365 | H12: 398860 | I12: 398860 | J12: 1014 | K12: 214431146 | P12: =IF('[1]2026 január'!B$10=0, "", '[1]2026 január'!B$10 ) -> 361225 | Q12: =IF(OR('[1]2026 január'!G10=0, ISBLANK('[1]2026 január'!G10)), "", '[1]2026 január'!G10 ) | R12: ='[1]2026 január'!W10 -> 0 | V12: =IF('[1]2026 január'!S10=0, "", '[1]2026 január'!S10 ) -> 160605 | W12: =IF('[1]2026 január'!T10=0, "", '[1]2026 január'!T10 ) -> -37735 | X12: =IF('[1]2026 január'!U10=0, "", '[1]2026 január'!U10 ) -> 104000 | Y12: =IF('[1]2026 január'!V10=0, "", '[1]2026 január'!V10 ) -> 79850 | Z12: =IF('[1]2026 január'!W10=0, "", '[1]2026 január'!W10 ) | AA12: =IF('[1]2026 január'!X10=0, "", '[1]2026 január'!X10 ) | AB12: =IF('[1]2026 január'!Y10=0, "", '[1]2026 január'!Y10 ) -> 147020 | AC12: =IF('[1]2026 január'!Z10=0, "", '[1]2026 január'!Z10 ) | AD12: =IF('[1]2026 január'!AA10=0, "", '[1]2026 január'!AA10 ) -> Vásárlás, Vip töltés, Melinda, Parkolás | AE12: =IF('[1]2026 január'!AB$10=0, "", '[1]2026 január'!AB$10 ) | AF12: =IF('[1]2026 január'!AC$10=0, "", '[1]2026 január'!AC$10 ) | AG12: =IF('[1]2026 január'!AD$10=0, "", '[1]2026 január'!AD$10 ) | AH12: =IF('[1]2026 január'!AE10=0, "", '[1]2026 január'!AE10 ) | AI12: =IF('[1]2026 január'!AF10=0, "", '[1]2026 január'!AF10 ) | AJ12: =IF('[1]2026 január'!AG10=0, "", '[1]2026 január'!AG10 ) | AK12: =IF('[1]2026 január'!AH10=0, "", '[1]2026 január'!AH10 )
A13: 46032 | P13: =IF('[1]2026 január'!B$11=0, "", '[1]2026 január'!B$11 ) | Q13: =IF(OR('[1]2026 január'!G11=0, ISBLANK('[1]2026 január'!G11)), "", '[1]2026 január'!G11 ) | R13: ='[1]2026 január'!W11 -> 0 | V13: =IF('[1]2026 január'!S11=0, "", '[1]2026 január'!S11 ) -> 147020 | W13: =IF('[1]2026 január'!T11=0, "", '[1]2026 január'!T11 ) | X13: =IF('[1]2026 január'!U11=0, "", '[1]2026 január'!U11 ) | Y13: =IF('[1]2026 január'!V11=0, "", '[1]2026 január'!V11 ) | Z13: =IF('[1]2026 január'!W11=0, "", '[1]2026 január'!W11 ) | AA13: =IF('[1]2026 január'!X11=0, "", '[1]2026 január'!X11 ) | AB13: =IF('[1]2026 január'!Y11=0, "", '[1]2026 január'!Y11 ) -> 147020 | AC13: =IF('[1]2026 január'!Z11=0, "", '[1]2026 január'!Z11 ) | AD13: =IF('[1]2026 január'!AA11=0, "", '[1]2026 január'!AA11 ) | AE13: =IF('[1]2026 január'!AB$11=0, "", '[1]2026 január'!AB$11 ) | AF13: =IF('[1]2026 január'!AC$11=0, "", '[1]2026 január'!AC$11 ) | AG13: =IF('[1]2026 január'!AD$11=0, "", '[1]2026 január'!AD$11 ) | AH13: =IF('[1]2026 január'!AE11=0, "", '[1]2026 január'!AE11 ) | AI13: =IF('[1]2026 január'!AF11=0, "", '[1]2026 január'!AF11 ) | AJ13: =IF('[1]2026 január'!AG11=0, "", '[1]2026 január'!AG11 ) | AK13: =IF('[1]2026 január'!AH11=0, "", '[1]2026 január'!AH11 )
A14: 46033 | P14: =IF('[1]2026 január'!B$12=0, "", '[1]2026 január'!B$12 ) | Q14: =IF(OR('[1]2026 január'!G12=0, ISBLANK('[1]2026 január'!G12)), "", '[1]2026 január'!G12 ) | R14: ='[1]2026 január'!W12 -> 0 | V14: =IF('[1]2026 január'!S12=0, "", '[1]2026 január'!S12 ) -> 147020 | W14: =IF('[1]2026 január'!T12=0, "", '[1]2026 január'!T12 ) | X14: =IF('[1]2026 január'!U12=0, "", '[1]2026 január'!U12 ) | Y14: =IF('[1]2026 január'!V12=0, "", '[1]2026 január'!V12 ) | Z14: =IF('[1]2026 január'!W12=0, "", '[1]2026 január'!W12 ) | AA14: =IF('[1]2026 január'!X12=0, "", '[1]2026 január'!X12 ) | AB14: =IF('[1]2026 január'!Y12=0, "", '[1]2026 január'!Y12 ) -> 147020 | AC14: =IF('[1]2026 január'!Z12=0, "", '[1]2026 január'!Z12 ) | AD14: =IF('[1]2026 január'!AA12=0, "", '[1]2026 január'!AA12 ) | AE14: =IF('[1]2026 január'!AB$12=0, "", '[1]2026 január'!AB$12 ) | AF14: =IF('[1]2026 január'!AC$12=0, "", '[1]2026 január'!AC$12 ) | AG14: =IF('[1]2026 január'!AD$12=0, "", '[1]2026 január'!AD$12 ) | AH14: =IF('[1]2026 január'!AE12=0, "", '[1]2026 január'!AE12 ) | AI14: =IF('[1]2026 január'!AF12=0, "", '[1]2026 január'!AF12 ) | AJ14: =IF('[1]2026 január'!AG12=0, "", '[1]2026 január'!AG12 ) | AK14: =IF('[1]2026 január'!AH12=0, "", '[1]2026 január'!AH12 )
A15: 46034 | B15: 359915 | C15: 1000 | D15: 203450 | F15: 148695 | G15: 18725 | H15: 332630 | I15: 332630 | J15: 1015 | K15: 214784291 | M15: 1790 | P15: =IF('[1]2026 január'!B$13=0, "", '[1]2026 január'!B$13 ) -> 351355 | Q15: =IF(OR('[1]2026 január'!G13=0, ISBLANK('[1]2026 január'!G13)), "", '[1]2026 január'!G13 ) | R15: ='[1]2026 január'!W13 -> 0 | V15: =IF('[1]2026 január'!S13=0, "", '[1]2026 január'!S13 ) -> 147020 | W15: =IF('[1]2026 január'!T13=0, "", '[1]2026 január'!T13 ) -> 18725 | X15: =IF('[1]2026 január'!U13=0, "", '[1]2026 január'!U13 ) | Y15: =IF('[1]2026 január'!V13=0, "", '[1]2026 január'!V13 ) | Z15: =IF('[1]2026 január'!W13=0, "", '[1]2026 január'!W13 ) | AA15: =IF('[1]2026 január'!X13=0, "", '[1]2026 január'!X13 ) | AB15: =IF('[1]2026 január'!Y13=0, "", '[1]2026 január'!Y13 ) -> 165745 | AC15: =IF('[1]2026 január'!Z13=0, "", '[1]2026 január'!Z13 ) | AD15: =IF('[1]2026 január'!AA13=0, "", '[1]2026 január'!AA13 ) | AE15: =IF('[1]2026 január'!AB$13=0, "", '[1]2026 január'!AB$13 ) | AF15: =IF('[1]2026 január'!AC$13=0, "", '[1]2026 január'!AC$13 ) | AG15: =IF('[1]2026 január'!AD$13=0, "", '[1]2026 január'!AD$13 ) | AH15: =IF('[1]2026 január'!AE13=0, "", '[1]2026 január'!AE13 ) | AI15: =IF('[1]2026 január'!AF13=0, "", '[1]2026 január'!AF13 ) | AJ15: =IF('[1]2026 január'!AG13=0, "", '[1]2026 január'!AG13 ) | AK15: =IF('[1]2026 január'!AH13=0, "", '[1]2026 január'!AH13 )
A16: 46035 | B16: 479540 | C16: 950 | D16: 312260 | F16: 153045 | G16: 23625 | H16: 442630 | I16: 442630 | J16: 1016 | K16: 215250546 | P16: =IF('[1]2026 január'!B$14=0, "", '[1]2026 január'!B$14 ) -> 466255 | Q16: =IF(OR('[1]2026 január'!G14=0, ISBLANK('[1]2026 január'!G14)), "", '[1]2026 január'!G14 ) | R16: ='[1]2026 január'!W14 -> 0 | V16: =IF('[1]2026 január'!S14=0, "", '[1]2026 január'!S14 ) -> 165745 | W16: =IF('[1]2026 január'!T14=0, "", '[1]2026 január'!T14 ) -> 23625 | X16: =IF('[1]2026 január'!U14=0, "", '[1]2026 január'!U14 ) | Y16: =IF('[1]2026 január'!V14=0, "", '[1]2026 január'!V14 ) | Z16: =IF('[1]2026 január'!W14=0, "", '[1]2026 január'!W14 ) | AA16: =IF('[1]2026 január'!X14=0, "", '[1]2026 január'!X14 ) | AB16: =IF('[1]2026 január'!Y14=0, "", '[1]2026 január'!Y14 ) -> 189370 | AC16: =IF('[1]2026 január'!Z14=0, "", '[1]2026 január'!Z14 ) | AD16: =IF('[1]2026 január'!AA14=0, "", '[1]2026 január'!AA14 ) | AE16: =IF('[1]2026 január'!AB$14=0, "", '[1]2026 január'!AB$14 ) | AF16: =IF('[1]2026 január'!AC$14=0, "", '[1]2026 január'!AC$14 ) | AG16: =IF('[1]2026 január'!AD$14=0, "", '[1]2026 január'!AD$14 ) | AH16: =IF('[1]2026 január'!AE14=0, "", '[1]2026 január'!AE14 ) | AI16: =IF('[1]2026 január'!AF14=0, "", '[1]2026 január'!AF14 ) | AJ16: =IF('[1]2026 január'!AG14=0, "", '[1]2026 január'!AG14 ) | AK16: =IF('[1]2026 január'!AH14=0, "", '[1]2026 január'!AH14 )
A17: 46036 | B17: 363510 | C17: 700 | D17: 240091 | F17: 110000 | G17: 20045 | H17: 330745 | I17: 371745 | J17: 1017 | K17: 215601337 | P17: =IF('[1]2026 január'!B$15=0, "", '[1]2026 január'!B$15 ) -> 350790 | Q17: =IF(OR('[1]2026 január'!G15=0, ISBLANK('[1]2026 január'!G15)), "", '[1]2026 január'!G15 ) | R17: ='[1]2026 január'!W15 -> 0 | V17: =IF('[1]2026 január'!S15=0, "", '[1]2026 január'!S15 ) -> 189370 | W17: =IF('[1]2026 január'!T15=0, "", '[1]2026 január'!T15 ) -> -20955 | X17: =IF('[1]2026 január'!U15=0, "", '[1]2026 január'!U15 ) -> 41000 | Y17: =IF('[1]2026 január'!V15=0, "", '[1]2026 január'!V15 ) -> 63000 | Z17: =IF('[1]2026 január'!W15=0, "", '[1]2026 január'!W15 ) | AA17: =IF('[1]2026 január'!X15=0, "", '[1]2026 január'!X15 ) | AB17: =IF('[1]2026 január'!Y15=0, "", '[1]2026 január'!Y15 ) -> 146415 | AC17: =IF('[1]2026 január'!Z15=0, "", '[1]2026 január'!Z15 ) | AD17: =IF('[1]2026 január'!AA15=0, "", '[1]2026 január'!AA15 ) -> Márk, Vip töltés | AE17: =IF('[1]2026 január'!AB$15=0, "", '[1]2026 január'!AB$15 ) | AF17: =IF('[1]2026 január'!AC$15=0, "", '[1]2026 január'!AC$15 ) | AG17: =IF('[1]2026 január'!AD$15=0, "", '[1]2026 január'!AD$15 ) | AH17: =IF('[1]2026 január'!AE15=0, "", '[1]2026 január'!AE15 ) | AI17: =IF('[1]2026 január'!AF15=0, "", '[1]2026 január'!AF15 ) | AJ17: =IF('[1]2026 január'!AG15=0, "", '[1]2026 január'!AG15 ) | AK17: =IF('[1]2026 január'!AH15=0, "", '[1]2026 január'!AH15 )
A18: 46037 | B18: 335270 | C18: 800 | D18: 245235 | F18: 107715 | G18: 27940 | H18: 325810 | I18: 325810 | J18: 1018 | K18: 215955087 | P18: =IF('[1]2026 január'!B$16=0, "", '[1]2026 január'!B$16 ) -> 323750 | Q18: =IF(OR('[1]2026 január'!G16=0, ISBLANK('[1]2026 január'!G16)), "", '[1]2026 január'!G16 ) | R18: ='[1]2026 január'!W16 -> 0 | V18: =IF('[1]2026 január'!S16=0, "", '[1]2026 január'!S16 ) -> 146415 | W18: =IF('[1]2026 január'!T16=0, "", '[1]2026 január'!T16 ) -> -2060 | X18: =IF('[1]2026 január'!U16=0, "", '[1]2026 január'!U16 ) -> 30000 | Y18: =IF('[1]2026 január'!V16=0, "", '[1]2026 január'!V16 ) | Z18: =IF('[1]2026 január'!W16=0, "", '[1]2026 január'!W16 ) | AA18: =IF('[1]2026 január'!X16=0, "", '[1]2026 január'!X16 ) | AB18: =IF('[1]2026 január'!Y16=0, "", '[1]2026 január'!Y16 ) -> 174355 | AC18: =IF('[1]2026 január'!Z16=0, "", '[1]2026 január'!Z16 ) | AD18: =IF('[1]2026 január'!AA16=0, "", '[1]2026 január'!AA16 ) -> Vip töltés | AE18: =IF('[1]2026 január'!AB$16=0, "", '[1]2026 január'!AB$16 ) | AF18: =IF('[1]2026 január'!AC$16=0, "", '[1]2026 január'!AC$16 ) | AG18: =IF('[1]2026 január'!AD$16=0, "", '[1]2026 január'!AD$16 ) | AH18: =IF('[1]2026 január'!AE16=0, "", '[1]2026 január'!AE16 ) | AI18: =IF('[1]2026 január'!AF16=0, "", '[1]2026 január'!AF16 ) | AJ18: =IF('[1]2026 január'!AG16=0, "", '[1]2026 január'!AG16 ) | AK18: =IF('[1]2026 január'!AH16=0, "", '[1]2026 január'!AH16 )
A19: 46038 | B19: 284595 | C19: 550 | D19: 160155 | F19: 120070 | G19: 24505 | H19: 256270 | I19: 256270 | J19: 1019 | K19: 216235862 | P19: =IF('[1]2026 január'!B$17=0, "", '[1]2026 január'!B$17 ) -> 280775 | Q19: =IF(OR('[1]2026 január'!G17=0, ISBLANK('[1]2026 január'!G17)), "", '[1]2026 január'!G17 ) | R19: ='[1]2026 január'!W17 -> 0 | V19: =IF('[1]2026 január'!S17=0, "", '[1]2026 január'!S17 ) -> 174355 | W19: =IF('[1]2026 január'!T17=0, "", '[1]2026 január'!T17 ) -> 24505 | X19: =IF('[1]2026 január'!U17=0, "", '[1]2026 január'!U17 ) | Y19: =IF('[1]2026 január'!V17=0, "", '[1]2026 január'!V17 ) -> 99015 | Z19: =IF('[1]2026 január'!W17=0, "", '[1]2026 január'!W17 ) | AA19: =IF('[1]2026 január'!X17=0, "", '[1]2026 január'!X17 ) | AB19: =IF('[1]2026 január'!Y17=0, "", '[1]2026 január'!Y17 ) -> 99845 | AC19: =IF('[1]2026 január'!Z17=0, "", '[1]2026 január'!Z17 ) | AD19: =IF('[1]2026 január'!AA17=0, "", '[1]2026 január'!AA17 ) -> Melinda | AE19: =IF('[1]2026 január'!AB$17=0, "", '[1]2026 január'!AB$17 ) | AF19: =IF('[1]2026 január'!AC$17=0, "", '[1]2026 január'!AC$17 ) | AG19: =IF('[1]2026 január'!AD$17=0, "", '[1]2026 január'!AD$17 ) | AH19: =IF('[1]2026 január'!AE17=0, "", '[1]2026 január'!AE17 ) | AI19: =IF('[1]2026 január'!AF17=0, "", '[1]2026 január'!AF17 ) | AJ19: =IF('[1]2026 január'!AG17=0, "", '[1]2026 január'!AG17 ) | AK19: =IF('[1]2026 január'!AH17=0, "", '[1]2026 január'!AH17 )
A20: 46039 | P20: =IF('[1]2026 január'!B$18=0, "", '[1]2026 január'!B$18 ) | Q20: =IF(OR('[1]2026 január'!G18=0, ISBLANK('[1]2026 január'!G18)), "", '[1]2026 január'!G18 ) | R20: ='[1]2026 január'!W18 -> 0 | V20: =IF('[1]2026 január'!S18=0, "", '[1]2026 január'!S18 ) -> 99845 | W20: =IF('[1]2026 január'!T18=0, "", '[1]2026 január'!T18 ) | X20: =IF('[1]2026 január'!U18=0, "", '[1]2026 január'!U18 ) | Y20: =IF('[1]2026 január'!V18=0, "", '[1]2026 január'!V18 ) | Z20: =IF('[1]2026 január'!W18=0, "", '[1]2026 január'!W18 ) | AA20: =IF('[1]2026 január'!X18=0, "", '[1]2026 január'!X18 ) | AB20: =IF('[1]2026 január'!Y18=0, "", '[1]2026 január'!Y18 ) -> 99845 | AC20: =IF('[1]2026 január'!Z18=0, "", '[1]2026 január'!Z18 ) | AD20: =IF('[1]2026 január'!AA18=0, "", '[1]2026 január'!AA18 ) | AE20: =IF('[1]2026 január'!AB$18=0, "", '[1]2026 január'!AB$18 ) | AF20: =IF('[1]2026 január'!AC$18=0, "", '[1]2026 január'!AC$18 ) | AG20: =IF('[1]2026 január'!AD$18=0, "", '[1]2026 január'!AD$18 ) | AH20: =IF('[1]2026 január'!AE18=0, "", '[1]2026 január'!AE18 ) | AI20: =IF('[1]2026 január'!AF18=0, "", '[1]2026 január'!AF18 ) | AJ20: =IF('[1]2026 január'!AG18=0, "", '[1]2026 január'!AG18 ) | AK20: =IF('[1]2026 január'!AH18=0, "", '[1]2026 január'!AH18 )
A21: 46040 | P21: =IF('[1]2026 január'!B$19=0, "", '[1]2026 január'!B$19 ) | Q21: =IF(OR('[1]2026 január'!G19=0, ISBLANK('[1]2026 január'!G19)), "", '[1]2026 január'!G19 ) | R21: ='[1]2026 január'!W19 -> 0 | V21: =IF('[1]2026 január'!S19=0, "", '[1]2026 január'!S19 ) -> 99845 | W21: =IF('[1]2026 január'!T19=0, "", '[1]2026 január'!T19 ) | X21: =IF('[1]2026 január'!U19=0, "", '[1]2026 január'!U19 ) | Y21: =IF('[1]2026 január'!V19=0, "", '[1]2026 január'!V19 ) | Z21: =IF('[1]2026 január'!W19=0, "", '[1]2026 január'!W19 ) | AA21: =IF('[1]2026 január'!X19=0, "", '[1]2026 január'!X19 ) | AB21: =IF('[1]2026 január'!Y19=0, "", '[1]2026 január'!Y19 ) -> 99845 | AC21: =IF('[1]2026 január'!Z19=0, "", '[1]2026 január'!Z19 ) | AD21: =IF('[1]2026 január'!AA19=0, "", '[1]2026 január'!AA19 ) | AE21: =IF('[1]2026 január'!AB$19=0, "", '[1]2026 január'!AB$19 ) | AF21: =IF('[1]2026 január'!AC$19=0, "", '[1]2026 január'!AC$19 ) | AG21: =IF('[1]2026 január'!AD$19=0, "", '[1]2026 január'!AD$19 ) | AH21: =IF('[1]2026 január'!AE19=0, "", '[1]2026 január'!AE19 ) | AI21: =IF('[1]2026 január'!AF19=0, "", '[1]2026 január'!AF19 ) | AJ21: =IF('[1]2026 január'!AG19=0, "", '[1]2026 január'!AG19 ) | AK21: =IF('[1]2026 január'!AH19=0, "", '[1]2026 január'!AH19 )
A22: 46041 | B22: 311770 | C22: 650 | D22: 139715 | F22: 154705 | G22: 24775 | H22: 270295 | I22: 270295 | J22: 1020 | K22: 216530932 | P22: =IF('[1]2026 január'!B$20=0, "", '[1]2026 január'!B$20 ) -> 295070 | Q22: =IF(OR('[1]2026 január'!G20=0, ISBLANK('[1]2026 január'!G20)), "", '[1]2026 január'!G20 ) | R22: ='[1]2026 január'!W20 -> 0 | V22: =IF('[1]2026 január'!S20=0, "", '[1]2026 január'!S20 ) -> 99845 | W22: =IF('[1]2026 január'!T20=0, "", '[1]2026 január'!T20 ) -> 24775 | X22: =IF('[1]2026 január'!U20=0, "", '[1]2026 január'!U20 ) | Y22: =IF('[1]2026 január'!V20=0, "", '[1]2026 január'!V20 ) | Z22: =IF('[1]2026 január'!W20=0, "", '[1]2026 január'!W20 ) | AA22: =IF('[1]2026 január'!X20=0, "", '[1]2026 január'!X20 ) | AB22: =IF('[1]2026 január'!Y20=0, "", '[1]2026 január'!Y20 ) -> 124620 | AC22: =IF('[1]2026 január'!Z20=0, "", '[1]2026 január'!Z20 ) | AD22: =IF('[1]2026 január'!AA20=0, "", '[1]2026 január'!AA20 ) | AE22: =IF('[1]2026 január'!AB$20=0, "", '[1]2026 január'!AB$20 ) | AF22: =IF('[1]2026 január'!AC$20=0, "", '[1]2026 január'!AC$20 ) | AG22: =IF('[1]2026 január'!AD$20=0, "", '[1]2026 január'!AD$20 ) | AH22: =IF('[1]2026 január'!AE20=0, "", '[1]2026 január'!AE20 ) | AI22: =IF('[1]2026 január'!AF20=0, "", '[1]2026 január'!AF20 ) | AJ22: =IF('[1]2026 január'!AG20=0, "", '[1]2026 január'!AG20 ) | AK22: =IF('[1]2026 január'!AH20=0, "", '[1]2026 január'!AH20 )
A23: 46042 | B23: 401625 | C23: 700 | D23: 244105 | F23: 140370 | G23: 28320 | H23: 356855 | I23: 356855 | J23: 1021 | K23: 216916107 | P23: =IF('[1]2026 január'!B$21=0, "", '[1]2026 január'!B$21 ) -> 385175 | Q23: =IF(OR('[1]2026 január'!G21=0, ISBLANK('[1]2026 január'!G21)), "", '[1]2026 január'!G21 ) | R23: ='[1]2026 január'!W21 -> 0 | V23: =IF('[1]2026 január'!S21=0, "", '[1]2026 január'!S21 ) -> 124620 | W23: =IF('[1]2026 január'!T21=0, "", '[1]2026 január'!T21 ) -> 28320 | X23: =IF('[1]2026 január'!U21=0, "", '[1]2026 január'!U21 ) | Y23: =IF('[1]2026 január'!V21=0, "", '[1]2026 január'!V21 ) | Z23: =IF('[1]2026 január'!W21=0, "", '[1]2026 január'!W21 ) | AA23: =IF('[1]2026 január'!X21=0, "", '[1]2026 január'!X21 ) | AB23: =IF('[1]2026 január'!Y21=0, "", '[1]2026 január'!Y21 ) -> 152940 | AC23: =IF('[1]2026 január'!Z21=0, "", '[1]2026 január'!Z21 ) | AD23: =IF('[1]2026 január'!AA21=0, "", '[1]2026 január'!AA21 ) | AE23: =IF('[1]2026 január'!AB$21=0, "", '[1]2026 január'!AB$21 ) | AF23: =IF('[1]2026 január'!AC$21=0, "", '[1]2026 január'!AC$21 ) | AG23: =IF('[1]2026 január'!AD$21=0, "", '[1]2026 január'!AD$21 ) | AH23: =IF('[1]2026 január'!AE21=0, "", '[1]2026 január'!AE21 ) | AI23: =IF('[1]2026 január'!AF21=0, "", '[1]2026 január'!AF21 ) | AJ23: =IF('[1]2026 január'!AG21=0, "", '[1]2026 január'!AG21 ) | AK23: =IF('[1]2026 január'!AH21=0, "", '[1]2026 január'!AH21 )
A24: 46043 | B24: 305995 | C24: 1250 | D24: 158570 | F24: 133445 | G24: 25800 | H24: 267465 | I24: 267465 | J24: 1022 | K24: 217209372 | P24: =IF('[1]2026 január'!B$22=0, "", '[1]2026 január'!B$22 ) -> 293265 | Q24: =IF(OR('[1]2026 január'!G22=0, ISBLANK('[1]2026 január'!G22)), "", '[1]2026 január'!G22 ) | R24: ='[1]2026 január'!W22 -> 0 | V24: =IF('[1]2026 január'!S22=0, "", '[1]2026 január'!S22 ) -> 152940 | W24: =IF('[1]2026 január'!T22=0, "", '[1]2026 január'!T22 ) -> 25800 | X24: =IF('[1]2026 január'!U22=0, "", '[1]2026 január'!U22 ) | Y24: =IF('[1]2026 január'!V22=0, "", '[1]2026 január'!V22 ) | Z24: =IF('[1]2026 január'!W22=0, "", '[1]2026 január'!W22 ) | AA24: =IF('[1]2026 január'!X22=0, "", '[1]2026 január'!X22 ) | AB24: =IF('[1]2026 január'!Y22=0, "", '[1]2026 január'!Y22 ) -> 178740 | AC24: =IF('[1]2026 január'!Z22=0, "", '[1]2026 január'!Z22 ) | AD24: =IF('[1]2026 január'!AA22=0, "", '[1]2026 január'!AA22 ) | AE24: =IF('[1]2026 január'!AB$22=0, "", '[1]2026 január'!AB$22 ) | AF24: =IF('[1]2026 január'!AC$22=0, "", '[1]2026 január'!AC$22 ) | AG24: =IF('[1]2026 január'!AD$22=0, "", '[1]2026 január'!AD$22 ) | AH24: =IF('[1]2026 január'!AE22=0, "", '[1]2026 január'!AE22 ) | AI24: =IF('[1]2026 január'!AF22=0, "", '[1]2026 január'!AF22 ) | AJ24: =IF('[1]2026 január'!AG22=0, "", '[1]2026 január'!AG22 ) | AK24: =IF('[1]2026 január'!AH22=0, "", '[1]2026 január'!AH22 )
A25: 46044 | B25: 387015 | C25: 900 | D25: 201465 | F25: 158810 | G25: 26950 | H25: 334255 | I25: 334255 | J25: 1023 | K25: 217570547 | P25: =IF('[1]2026 január'!B$23=0, "", '[1]2026 január'!B$23 ) -> 361175 | Q25: =IF(OR('[1]2026 január'!G23=0, ISBLANK('[1]2026 január'!G23)), "", '[1]2026 január'!G23 ) | R25: ='[1]2026 január'!W23 -> 0 | V25: =IF('[1]2026 január'!S23=0, "", '[1]2026 január'!S23 ) -> 178740 | W25: =IF('[1]2026 január'!T23=0, "", '[1]2026 január'!T23 ) -> 26950 | X25: =IF('[1]2026 január'!U23=0, "", '[1]2026 január'!U23 ) | Y25: =IF('[1]2026 január'!V23=0, "", '[1]2026 január'!V23 ) | Z25: =IF('[1]2026 január'!W23=0, "", '[1]2026 január'!W23 ) | AA25: =IF('[1]2026 január'!X23=0, "", '[1]2026 január'!X23 ) | AB25: =IF('[1]2026 január'!Y23=0, "", '[1]2026 január'!Y23 ) -> 205690 | AC25: =IF('[1]2026 január'!Z23=0, "", '[1]2026 január'!Z23 ) | AD25: =IF('[1]2026 január'!AA23=0, "", '[1]2026 január'!AA23 ) | AE25: =IF('[1]2026 január'!AB$23=0, "", '[1]2026 január'!AB$23 ) | AF25: =IF('[1]2026 január'!AC$23=0, "", '[1]2026 január'!AC$23 ) | AG25: =IF('[1]2026 január'!AD$23=0, "", '[1]2026 január'!AD$23 ) | AH25: =IF('[1]2026 január'!AE23=0, "", '[1]2026 január'!AE23 ) | AI25: =IF('[1]2026 január'!AF23=0, "", '[1]2026 január'!AF23 ) | AJ25: =IF('[1]2026 január'!AG23=0, "", '[1]2026 január'!AG23 ) | AK25: =IF('[1]2026 január'!AH23=0, "", '[1]2026 január'!AH23 )
A26: 46045 | B26: 309170 | C26: 750 | D26: 194725 | F26: 97045 | G26: 8790 | H26: 283730 | I26: 283730 | J26: 1024 | K26: 217863067 | P26: =IF('[1]2026 január'!B$24=0, "", '[1]2026 január'!B$24 ) -> 292520 | Q26: =IF(OR('[1]2026 január'!G24=0, ISBLANK('[1]2026 január'!G24)), "", '[1]2026 január'!G24 ) | R26: ='[1]2026 január'!W24 -> 0 | V26: =IF('[1]2026 január'!S24=0, "", '[1]2026 január'!S24 ) -> 205690 | W26: =IF('[1]2026 január'!T24=0, "", '[1]2026 január'!T24 ) -> 8790 | X26: =IF('[1]2026 január'!U24=0, "", '[1]2026 január'!U24 ) | Y26: =IF('[1]2026 január'!V24=0, "", '[1]2026 január'!V24 ) -> 64015 | Z26: =IF('[1]2026 január'!W24=0, "", '[1]2026 január'!W24 ) | AA26: =IF('[1]2026 január'!X24=0, "", '[1]2026 január'!X24 ) | AB26: =IF('[1]2026 január'!Y24=0, "", '[1]2026 január'!Y24 ) -> 150465 | AC26: =IF('[1]2026 január'!Z24=0, "", '[1]2026 január'!Z24 ) | AD26: =IF('[1]2026 január'!AA24=0, "", '[1]2026 január'!AA24 ) -> Melinda | AE26: =IF('[1]2026 január'!AB$24=0, "", '[1]2026 január'!AB$24 ) | AF26: =IF('[1]2026 január'!AC$24=0, "", '[1]2026 január'!AC$24 ) | AG26: =IF('[1]2026 január'!AD$24=0, "", '[1]2026 január'!AD$24 ) | AH26: =IF('[1]2026 január'!AE24=0, "", '[1]2026 január'!AE24 ) | AI26: =IF('[1]2026 január'!AF24=0, "", '[1]2026 január'!AF24 ) | AJ26: =IF('[1]2026 január'!AG24=0, "", '[1]2026 január'!AG24 ) | AK26: =IF('[1]2026 január'!AH24=0, "", '[1]2026 január'!AH24 )
A27: 46046 | P27: =IF('[1]2026 január'!B$25=0, "", '[1]2026 január'!B$25 ) | Q27: =IF(OR('[1]2026 január'!G25=0, ISBLANK('[1]2026 január'!G25)), "", '[1]2026 január'!G25 ) | R27: ='[1]2026 január'!W25 -> 0 | V27: =IF('[1]2026 január'!S25=0, "", '[1]2026 január'!S25 ) -> 150465 | W27: =IF('[1]2026 január'!T25=0, "", '[1]2026 január'!T25 ) | X27: =IF('[1]2026 január'!U25=0, "", '[1]2026 január'!U25 ) | Y27: =IF('[1]2026 január'!V25=0, "", '[1]2026 január'!V25 ) | Z27: =IF('[1]2026 január'!W25=0, "", '[1]2026 január'!W25 ) | AA27: =IF('[1]2026 január'!X25=0, "", '[1]2026 január'!X25 ) | AB27: =IF('[1]2026 január'!Y25=0, "", '[1]2026 január'!Y25 ) -> 150465 | AC27: =IF('[1]2026 január'!Z25=0, "", '[1]2026 január'!Z25 ) | AD27: =IF('[1]2026 január'!AA25=0, "", '[1]2026 január'!AA25 ) | AE27: =IF('[1]2026 január'!AB$25=0, "", '[1]2026 január'!AB$25 ) | AF27: =IF('[1]2026 január'!AC$25=0, "", '[1]2026 január'!AC$25 ) | AG27: =IF('[1]2026 január'!AD$25=0, "", '[1]2026 január'!AD$25 ) | AH27: =IF('[1]2026 január'!AE25=0, "", '[1]2026 január'!AE25 ) | AI27: =IF('[1]2026 január'!AF25=0, "", '[1]2026 január'!AF25 ) | AJ27: =IF('[1]2026 január'!AG25=0, "", '[1]2026 január'!AG25 ) | AK27: =IF('[1]2026 január'!AH25=0, "", '[1]2026 január'!AH25 )
A28: 46047 | P28: =IF('[1]2026 január'!B$26=0, "", '[1]2026 január'!B$26 ) | Q28: =IF(OR('[1]2026 január'!G26=0, ISBLANK('[1]2026 január'!G26)), "", '[1]2026 január'!G26 ) | R28: ='[1]2026 január'!W26 -> 0 | V28: =IF('[1]2026 január'!S26=0, "", '[1]2026 január'!S26 ) -> 150465 | W28: =IF('[1]2026 január'!T26=0, "", '[1]2026 január'!T26 ) | X28: =IF('[1]2026 január'!U26=0, "", '[1]2026 január'!U26 ) | Y28: =IF('[1]2026 január'!V26=0, "", '[1]2026 január'!V26 ) | Z28: =IF('[1]2026 január'!W26=0, "", '[1]2026 január'!W26 ) | AA28: =IF('[1]2026 január'!X26=0, "", '[1]2026 január'!X26 ) | AB28: =IF('[1]2026 január'!Y26=0, "", '[1]2026 január'!Y26 ) -> 150465 | AC28: =IF('[1]2026 január'!Z26=0, "", '[1]2026 január'!Z26 ) | AD28: =IF('[1]2026 január'!AA26=0, "", '[1]2026 január'!AA26 ) | AE28: =IF('[1]2026 január'!AB$26=0, "", '[1]2026 január'!AB$26 ) | AF28: =IF('[1]2026 január'!AC$26=0, "", '[1]2026 január'!AC$26 ) | AG28: =IF('[1]2026 január'!AD$26=0, "", '[1]2026 január'!AD$26 ) | AH28: =IF('[1]2026 január'!AE26=0, "", '[1]2026 január'!AE26 ) | AI28: =IF('[1]2026 január'!AF26=0, "", '[1]2026 január'!AF26 ) | AJ28: =IF('[1]2026 január'!AG26=0, "", '[1]2026 január'!AG26 ) | AK28: =IF('[1]2026 január'!AH26=0, "", '[1]2026 január'!AH26 )
A29: 46048 | B29: 304025 | C29: 850 | D29: 170825 | F29: 124060 | G29: 20560 | H29: 272830 | I29: 272830 | J29: 1025 | K29: 218158802 | M29: 2340 | P29: =IF('[1]2026 január'!B$27=0, "", '[1]2026 január'!B$27 ) -> 293395 | Q29: =IF(OR('[1]2026 január'!G27=0, ISBLANK('[1]2026 január'!G27)), "", '[1]2026 január'!G27 ) | R29: ='[1]2026 január'!W27 -> 0 | V29: =IF('[1]2026 január'!S27=0, "", '[1]2026 január'!S27 ) -> 150465 | W29: =IF('[1]2026 január'!T27=0, "", '[1]2026 január'!T27 ) -> 20565 | X29: =IF('[1]2026 január'!U27=0, "", '[1]2026 január'!U27 ) | Y29: =IF('[1]2026 január'!V27=0, "", '[1]2026 január'!V27 ) | Z29: =IF('[1]2026 január'!W27=0, "", '[1]2026 január'!W27 ) | AA29: =IF('[1]2026 január'!X27=0, "", '[1]2026 január'!X27 ) | AB29: =IF('[1]2026 január'!Y27=0, "", '[1]2026 január'!Y27 ) -> 171030 | AC29: =IF('[1]2026 január'!Z27=0, "", '[1]2026 január'!Z27 ) | AD29: =IF('[1]2026 január'!AA27=0, "", '[1]2026 január'!AA27 ) | AE29: =IF('[1]2026 január'!AB$27=0, "", '[1]2026 január'!AB$27 ) | AF29: =IF('[1]2026 január'!AC$27=0, "", '[1]2026 január'!AC$27 ) | AG29: =IF('[1]2026 január'!AD$27=0, "", '[1]2026 január'!AD$27 ) | AH29: =IF('[1]2026 január'!AE27=0, "", '[1]2026 január'!AE27 ) | AI29: =IF('[1]2026 január'!AF27=0, "", '[1]2026 január'!AF27 ) | AJ29: =IF('[1]2026 január'!AG27=0, "", '[1]2026 január'!AG27 ) | AK29: =IF('[1]2026 január'!AH27=0, "", '[1]2026 január'!AH27 )
A30: 46049 | B30: 362210 | C30: 800 | D30: 214315 | F30: 135480 | G30: 26430 | H30: 324165 | I30: 324165 | J30: 1026 | K30: 218509397 | P30: =IF('[1]2026 január'!B$28=0, "", '[1]2026 január'!B$28 ) -> 350595 | Q30: =IF(OR('[1]2026 január'!G28=0, ISBLANK('[1]2026 január'!G28)), "", '[1]2026 január'!G28 ) | R30: ='[1]2026 január'!W28 -> 0 | V30: =IF('[1]2026 január'!S28=0, "", '[1]2026 január'!S28 ) -> 171030 | W30: =IF('[1]2026 január'!T28=0, "", '[1]2026 január'!T28 ) -> 26430 | X30: =IF('[1]2026 január'!U28=0, "", '[1]2026 január'!U28 ) | Y30: =IF('[1]2026 január'!V28=0, "", '[1]2026 január'!V28 ) | Z30: =IF('[1]2026 január'!W28=0, "", '[1]2026 január'!W28 ) | AA30: =IF('[1]2026 január'!X28=0, "", '[1]2026 január'!X28 ) | AB30: =IF('[1]2026 január'!Y28=0, "", '[1]2026 január'!Y28 ) -> 197460 | AC30: =IF('[1]2026 január'!Z28=0, "", '[1]2026 január'!Z28 ) | AD30: =IF('[1]2026 január'!AA28=0, "", '[1]2026 január'!AA28 ) | AE30: =IF('[1]2026 január'!AB$28=0, "", '[1]2026 január'!AB$28 ) | AF30: =IF('[1]2026 január'!AC$28=0, "", '[1]2026 január'!AC$28 ) | AG30: =IF('[1]2026 január'!AD$28=0, "", '[1]2026 január'!AD$28 ) | AH30: =IF('[1]2026 január'!AE28=0, "", '[1]2026 január'!AE28 ) | AI30: =IF('[1]2026 január'!AF28=0, "", '[1]2026 január'!AF28 ) | AJ30: =IF('[1]2026 január'!AG28=0, "", '[1]2026 január'!AG28 ) | AK30: =IF('[1]2026 január'!AH28=0, "", '[1]2026 január'!AH28 )
A31: 46050 | B31: 321215 | C31: 1050 | D31: 159435 | F31: 150590 | G31: 27800 | H31: 283275 | I31: 283275 | J31: 1027 | K31: 218820478 | P31: =IF('[1]2026 január'!B$29=0, "", '[1]2026 január'!B$29 ) -> 311075 | Q31: =IF(OR('[1]2026 január'!G29=0, ISBLANK('[1]2026 január'!G29)), "", '[1]2026 január'!G29 ) | R31: ='[1]2026 január'!W29 -> 0 | V31: =IF('[1]2026 január'!S29=0, "", '[1]2026 január'!S29 ) -> 197460 | W31: =IF('[1]2026 január'!T29=0, "", '[1]2026 január'!T29 ) -> 27800 | X31: =IF('[1]2026 január'!U29=0, "", '[1]2026 január'!U29 ) | Y31: =IF('[1]2026 január'!V29=0, "", '[1]2026 január'!V29 ) | Z31: =IF('[1]2026 január'!W29=0, "", '[1]2026 január'!W29 ) | AA31: =IF('[1]2026 január'!X29=0, "", '[1]2026 január'!X29 ) | AB31: =IF('[1]2026 január'!Y29=0, "", '[1]2026 január'!Y29 ) -> 225260 | AC31: =IF('[1]2026 január'!Z29=0, "", '[1]2026 január'!Z29 ) | AD31: =IF('[1]2026 január'!AA29=0, "", '[1]2026 január'!AA29 ) | AE31: =IF('[1]2026 január'!AB$29=0, "", '[1]2026 január'!AB$29 ) | AF31: =IF('[1]2026 január'!AC$29=0, "", '[1]2026 január'!AC$29 ) | AG31: =IF('[1]2026 január'!AD$29=0, "", '[1]2026 január'!AD$29 ) | AH31: =IF('[1]2026 január'!AE29=0, "", '[1]2026 január'!AE29 ) | AI31: =IF('[1]2026 január'!AF29=0, "", '[1]2026 január'!AF29 ) | AJ31: =IF('[1]2026 január'!AG29=0, "", '[1]2026 január'!AG29 ) | AK31: =IF('[1]2026 január'!AH29=0, "", '[1]2026 január'!AH29 )
A32: 46051 | B32: 350505 | C32: 950 | D32: 234076 | F32: 142204 | G32: 26835 | H32: 348405 | I32: 348405 | J32: 1028 | K32: 219197702 | M32: 1990 | P32: =IF('[1]2026 január'!B$30=0, "", '[1]2026 január'!B$30 ) -> 335240 | Q32: =IF(OR('[1]2026 január'!G30=0, ISBLANK('[1]2026 január'!G30)), "", '[1]2026 január'!G30 ) | R32: ='[1]2026 január'!W30 -> 0 | V32: =IF('[1]2026 január'!S30=0, "", '[1]2026 január'!S30 ) -> 225260 | W32: =IF('[1]2026 január'!T30=0, "", '[1]2026 január'!T30 ) -> -13165 | X32: =IF('[1]2026 január'!U30=0, "", '[1]2026 január'!U30 ) -> 40000 | Y32: =IF('[1]2026 január'!V30=0, "", '[1]2026 január'!V30 ) | Z32: =IF('[1]2026 január'!W30=0, "", '[1]2026 január'!W30 ) | AA32: =IF('[1]2026 január'!X30=0, "", '[1]2026 január'!X30 ) | AB32: =IF('[1]2026 január'!Y30=0, "", '[1]2026 január'!Y30 ) -> 252095 | AC32: =IF('[1]2026 január'!Z30=0, "", '[1]2026 január'!Z30 ) | AD32: =IF('[1]2026 január'!AA30=0, "", '[1]2026 január'!AA30 ) -> Vip töltés | AE32: =IF('[1]2026 január'!AB$30=0, "", '[1]2026 január'!AB$30 ) | AF32: =IF('[1]2026 január'!AC$30=0, "", '[1]2026 január'!AC$30 ) | AG32: =IF('[1]2026 január'!AD$30=0, "", '[1]2026 január'!AD$30 ) | AH32: =IF('[1]2026 január'!AE30=0, "", '[1]2026 január'!AE30 ) | AI32: =IF('[1]2026 január'!AF30=0, "", '[1]2026 január'!AF30 ) | AJ32: =IF('[1]2026 január'!AG30=0, "", '[1]2026 január'!AG30 ) | AK32: =IF('[1]2026 január'!AH30=0, "", '[1]2026 január'!AH30 )
A33: 46052 | B33: 330590 | C33: 750 | D33: 217820 | F33: 100025 | G33: 16220 | H33: 302375 | I33: 302375 | J33: 1029 | K33: 219516297 | P33: =IF('[1]2026 január'!B$31=0, "", '[1]2026 január'!B$31 ) -> 318595 | Q33: =IF(OR('[1]2026 január'!G31=0, ISBLANK('[1]2026 január'!G31)), "", '[1]2026 január'!G31 ) | R33: ='[1]2026 január'!W31 -> 0 | V33: =IF('[1]2026 január'!S31=0, "", '[1]2026 január'!S31 ) -> 252095 | W33: =IF('[1]2026 január'!T31=0, "", '[1]2026 január'!T31 ) -> 16220 | X33: =IF('[1]2026 január'!U31=0, "", '[1]2026 január'!U31 ) | Y33: =IF('[1]2026 január'!V31=0, "", '[1]2026 január'!V31 ) -> 64015 | Z33: =IF('[1]2026 január'!W31=0, "", '[1]2026 január'!W31 ) | AA33: =IF('[1]2026 január'!X31=0, "", '[1]2026 január'!X31 ) | AB33: =IF('[1]2026 január'!Y31=0, "", '[1]2026 január'!Y31 ) -> 204300 | AC33: =IF('[1]2026 január'!Z31=0, "", '[1]2026 január'!Z31 ) | AD33: =IF('[1]2026 január'!AA31=0, "", '[1]2026 január'!AA31 ) -> Melinda | AE33: =IF('[1]2026 január'!AB$31=0, "", '[1]2026 január'!AB$31 ) | AF33: =IF('[1]2026 január'!AC$31=0, "", '[1]2026 január'!AC$31 ) | AG33: =IF('[1]2026 január'!AD$31=0, "", '[1]2026 január'!AD$31 ) | AH33: =IF('[1]2026 január'!AE31=0, "", '[1]2026 január'!AE31 ) | AI33: =IF('[1]2026 január'!AF31=0, "", '[1]2026 január'!AF31 ) | AJ33: =IF('[1]2026 január'!AG31=0, "", '[1]2026 január'!AG31 ) | AK33: =IF('[1]2026 január'!AH31=0, "", '[1]2026 január'!AH31 )
A34: 46053 | P34: =IF('[1]2026 január'!B$32=0, "", '[1]2026 január'!B$32 ) | Q34: =IF(OR('[1]2026 január'!G32=0, ISBLANK('[1]2026 január'!G32)), "", '[1]2026 január'!G32 ) | R34: ='[1]2026 január'!W32 -> 0 | V34: =IF('[1]2026 január'!S32=0, "", '[1]2026 január'!S32 ) -> 204300 | W34: =IF('[1]2026 január'!T32=0, "", '[1]2026 január'!T32 ) | X34: =IF('[1]2026 január'!U32=0, "", '[1]2026 január'!U32 ) | Y34: =IF('[1]2026 január'!V32=0, "", '[1]2026 január'!V32 ) | Z34: =IF('[1]2026 január'!W32=0, "", '[1]2026 január'!W32 ) | AA34: =IF('[1]2026 január'!X32=0, "", '[1]2026 január'!X32 ) | AB34: =IF('[1]2026 január'!Y32=0, "", '[1]2026 január'!Y32 ) -> 204300 | AC34: =IF('[1]2026 január'!Z32=0, "", '[1]2026 január'!Z32 ) | AD34: =IF('[1]2026 január'!AA32=0, "", '[1]2026 január'!AA32 ) | AE34: =IF('[1]2026 január'!AB$32=0, "", '[1]2026 január'!AB$32 ) | AF34: =IF('[1]2026 január'!AC$32=0, "", '[1]2026 január'!AC$32 ) | AG34: =IF('[1]2026 január'!AD$32=0, "", '[1]2026 január'!AD$32 ) | AH34: =IF('[1]2026 január'!AE32=0, "", '[1]2026 január'!AE32 ) | AI34: =IF('[1]2026 január'!AF32=0, "", '[1]2026 január'!AF32 ) | AJ34: =IF('[1]2026 január'!AG32=0, "", '[1]2026 január'!AG32 ) | AK34: =IF('[1]2026 január'!AH32=0, "", '[1]2026 január'!AH32 )
A35: Összesen: | C35: =SUM(C1:C34) -> 17250 | D35: =SUM(D1:D34) -> 4328426 | E35: =SUM(E1:E34) -> 0.18 | F35: =SUM(F1:F34) -> 2825575.3 | G35: =SUM(G1:G34) -> 459515 | H35: =SUM(H3:H34) -> 6705640 | I35: =SUM(I3:I34) -> 6746640 | K35: 219216297 | L35: 7171251 | P35: =IF('[1]2026 január'!B$33=0, "", '[1]2026 január'!B$33 ) -> 6975130 | Q35: =IF(OR('[1]2026 január'!G33=0, ISBLANK('[1]2026 január'!G33)), "", '[1]2026 január'!G33 ) | R35: ='[1]2026 január'!W33 -> 0 | V35: =IF('[1]2026 január'!S33=0, "", '[1]2026 január'!S33 ) | W35: =IF('[1]2026 január'!T33=0, "", '[1]2026 január'!T33 ) -> 228420 | X35: =IF('[1]2026 január'!U33=0, "", '[1]2026 január'!U33 ) -> 259985 | Y35: =IF('[1]2026 január'!V33=0, "", '[1]2026 január'!V33 ) | Z35: =IF('[1]2026 január'!W33=0, "", '[1]2026 január'!W33 ) | AA35: =IF('[1]2026 január'!X33=0, "", '[1]2026 január'!X33 ) | AB35: =IF('[1]2026 január'!Y33=0, "", '[1]2026 január'!Y33 ) | AC35: =IF('[1]2026 január'!Z33=0, "", '[1]2026 január'!Z33 ) | AD35: =IF('[1]2026 január'!AA33=0, "", '[1]2026 január'!AA33 ) | AE35: =IF('[1]2026 január'!AB$33=0, "", '[1]2026 január'!AB$33 ) | AF35: =IF('[1]2026 január'!AC$33=0, "", '[1]2026 január'!AC$33 ) | AG35: =IF('[1]2026 január'!AD$33=0, "", '[1]2026 január'!AD$33 ) | AH35: =IF('[1]2026 január'!AE33=0, "", '[1]2026 január'!AE33 ) | AI35: =IF('[1]2026 január'!AF33=0, "", '[1]2026 január'!AF33 ) | AJ35: =IF('[1]2026 január'!AG33=0, "", '[1]2026 január'!AG33 ) | AK35: =IF('[1]2026 január'!AH33=0, "", '[1]2026 január'!AH33 )
C36: =C35+D35+E35+F35 -> 7171251.5 | G36: =G35+H35 -> 7165155
A40: ÜZENŐFAL
A44: Február | P44: ='[1]2026 január'!B42 -> 0 | Q44: ='[1]2026 január'!G42 -> 0 | R44: ='[1]2026 január'!W42 -> 0 | S44: Eredmény | V44: ='[1]2026 január'!S42 -> 0 | W44: ='[1]2026 január'!T42 -> 0 | X44: ='[1]2026 január'!U42 -> 0 | Y44: ='[1]2026 január'!V42 -> 0 | Z44: ='[1]2026 január'!W42 -> 0 | AA44: ='[1]2026 január'!X42 -> 0 | AB44: ='[1]2026 január'!Y42 -> 0 | AC44: ='[1]2026 január'!Z42 -> 0 | ... AG44: ='[1]2026 január'!AD42 -> 0
A45: 46054 | Q45: =IF(OR('[1]2026 február'!G43=0, ISBLANK('[1]2026 február'!G43)), "", '[1]2026 február'!G43 ) | R45: ='[1]2026 február'!W43 -> 0 | S45: =P46-Q45-R45-G45-H45 -> #VALUE! | V45: =IF('[1]2026 február'!S43=0, "", '[1]2026 február'!S43 ) | W45: =IF('[1]2026 február'!T43=0, "", '[1]2026 február'!T43 ) | X45: =IF('[1]2026 február'!U43=0, "", '[1]2026 február'!U43 ) | Y45: =IF('[1]2026 február'!V43=0, "", '[1]2026 február'!V43 ) | Z45: =IF('[1]2026 február'!W43=0, "", '[1]2026 február'!W43 ) | AA45: =IF('[1]2026 február'!X43=0, "", '[1]2026 február'!X43 ) | AB45: =IF('[1]2026 február'!Y43=0, "", '[1]2026 február'!Y43 ) | AC45: =IF('[1]2026 február'!Z43=0, "", '[1]2026 február'!Z43 ) | AD45: =IF('[1]2026 február'!AA43=0, "", '[1]2026 február'!AA43 ) | AE45: =IF('[1]2026 február'!AB$2=0, "", '[1]2026 február'!AB$2 ) | AF45: =IF('[1]2026 február'!AC$2=0, "", '[1]2026 február'!AC$2 ) | AG45: =IF('[1]2026 február'!AD$2=0, "", '[1]2026 február'!AD$2 ) | AH45: =IF('[1]2026 február'!AE43=0, "", '[1]2026 február'!AE43 ) | AI45: =IF('[1]2026 február'!AF43=0, "", '[1]2026 február'!AF43 ) | AJ45: =IF('[1]2026 február'!AG43=0, "", '[1]2026 február'!AG43 ) | AK45: =IF('[1]2026 február'!AH43=0, "", '[1]2026 február'!AH43 )
A46: 46055 | B46: 335525 | C46: 1350 | D46: 299592 | E46: 1750 | F46: 16480 | G46: 28090 | H46: 291082 | I46: 291082 | J46: 1030 | K46: 219835469 | P46: =IF('[1]2026 február'!B$2=0, "", '[1]2026 február'!B$2 ) -> 319570 | Q46: =IF(OR('[1]2026 február'!G44=0, ISBLANK('[1]2026 február'!G44)), "", '[1]2026 február'!G44 ) | R46: ='[1]2026 február'!W44 -> 0 | V46: =IF('[1]2026 február'!S44=0, "", '[1]2026 február'!S44 ) | W46: =IF('[1]2026 február'!T44=0, "", '[1]2026 február'!T44 ) | X46: =IF('[1]2026 február'!U44=0, "", '[1]2026 február'!U44 ) | Y46: =IF('[1]2026 február'!V44=0, "", '[1]2026 február'!V44 ) | Z46: =IF('[1]2026 február'!W44=0, "", '[1]2026 február'!W44 ) | AA46: =IF('[1]2026 február'!X44=0, "", '[1]2026 február'!X44 ) | AB46: =IF('[1]2026 február'!Y44=0, "", '[1]2026 február'!Y44 ) | AC46: =IF('[1]2026 február'!Z44=0, "", '[1]2026 február'!Z44 ) | AD46: =IF('[1]2026 február'!AA44=0, "", '[1]2026 február'!AA44 ) | AE46: =IF('[1]2026 február'!AB$3=0, "", '[1]2026 február'!AB$3 ) | AF46: =IF('[1]2026 február'!AC$3=0, "", '[1]2026 február'!AC$3 ) | AG46: =IF('[1]2026 február'!AD$3=0, "", '[1]2026 február'!AD$3 ) | AH46: =IF('[1]2026 február'!AE44=0, "", '[1]2026 február'!AE44 ) | AI46: =IF('[1]2026 február'!AF44=0, "", '[1]2026 február'!AF44 ) | AJ46: =IF('[1]2026 február'!AG44=0, "", '[1]2026 február'!AG44 ) | AK46: =IF('[1]2026 február'!AH44=0, "", '[1]2026 február'!AH44 )
A47: 46056 | B47: 415350 | C47: 950 | D47: 368665 | E47: 1054 | F47: 5720 | G47: 28000 | H47: 348389 | I47: 348389 | J47: 1031 | K47: 220211858 | P47: =IF('[1]2026 február'!B$3=0, "", '[1]2026 február'!B$3 ) -> 398070 | Q47: =IF(OR('[1]2026 február'!G45=0, ISBLANK('[1]2026 február'!G45)), "", '[1]2026 február'!G45 ) | R47: ='[1]2026 február'!W45 -> 0 | V47: =IF('[1]2026 február'!S45=0, "", '[1]2026 február'!S45 ) | W47: =IF('[1]2026 február'!T45=0, "", '[1]2026 február'!T45 ) | X47: =IF('[1]2026 február'!U45=0, "", '[1]2026 február'!U45 ) | Y47: =IF('[1]2026 február'!V45=0, "", '[1]2026 február'!V45 ) | Z47: =IF('[1]2026 február'!W45=0, "", '[1]2026 február'!W45 ) | AA47: =IF('[1]2026 február'!X45=0, "", '[1]2026 február'!X45 ) | AB47: =IF('[1]2026 február'!Y45=0, "", '[1]2026 február'!Y45 ) | AC47: =IF('[1]2026 február'!Z45=0, "", '[1]2026 február'!Z45 ) | AD47: =IF('[1]2026 február'!AA45=0, "", '[1]2026 február'!AA45 ) | AE47: =IF('[1]2026 február'!AB$4=0, "", '[1]2026 február'!AB$4 ) | AF47: =IF('[1]2026 február'!AC$4=0, "", '[1]2026 február'!AC$4 ) | AG47: =IF('[1]2026 február'!AD$4=0, "", '[1]2026 február'!AD$4 ) | AH47: =IF('[1]2026 február'!AE45=0, "", '[1]2026 február'!AE45 ) | AI47: =IF('[1]2026 február'!AF45=0, "", '[1]2026 február'!AF45 ) | AJ47: =IF('[1]2026 február'!AG45=0, "", '[1]2026 február'!AG45 ) | AK47: =IF('[1]2026 február'!AH45=0, "", '[1]2026 február'!AH45 )
A48: 46057 | B48: 409875 | C48: 850 | D48: 379601 | E48: 700 | F48: 12500 | G48: 16970 | H48: 376681 | I48: 376681 | J48: 1032 | K48: 220606509 | P48: =IF('[1]2026 február'!B$4=0, "", '[1]2026 február'!B$4 ) -> 398925 | Q48: =IF(OR('[1]2026 február'!G46=0, ISBLANK('[1]2026 február'!G46)), "", '[1]2026 február'!G46 ) | R48: ='[1]2026 február'!W46 -> 0 | V48: =IF('[1]2026 február'!S46=0, "", '[1]2026 február'!S46 ) | W48: =IF('[1]2026 február'!T46=0, "", '[1]2026 február'!T46 ) | X48: =IF('[1]2026 február'!U46=0, "", '[1]2026 február'!U46 ) | Y48: =IF('[1]2026 február'!V46=0, "", '[1]2026 február'!V46 ) | Z48: =IF('[1]2026 február'!W46=0, "", '[1]2026 február'!W46 ) | AA48: =IF('[1]2026 február'!X46=0, "", '[1]2026 február'!X46 ) | AB48: =IF('[1]2026 február'!Y46=0, "", '[1]2026 február'!Y46 ) | AC48: =IF('[1]2026 február'!Z46=0, "", '[1]2026 február'!Z46 ) | AD48: =IF('[1]2026 február'!AA46=0, "", '[1]2026 február'!AA46 ) | AE48: =IF('[1]2026 február'!AB$5=0, "", '[1]2026 február'!AB$5 ) | AF48: =IF('[1]2026 február'!AC$5=0, "", '[1]2026 február'!AC$5 ) | AG48: =IF('[1]2026 február'!AD$5=0, "", '[1]2026 február'!AD$5 ) | AH48: =IF('[1]2026 február'!AE46=0, "", '[1]2026 február'!AE46 ) | AI48: =IF('[1]2026 február'!AF46=0, "", '[1]2026 február'!AF46 ) | AJ48: =IF('[1]2026 február'!AG46=0, "", '[1]2026 február'!AG46 ) | AK48: =IF('[1]2026 február'!AH46=0, "", '[1]2026 február'!AH46 )
A49: 46058 | B49: 396615 | C49: 1300 | D49: 173155 | F49: 209850 | G49: 17245 | H49: 367060 | I49: 367060 | J49: 1033 | K49: 220989814 | P49: =IF('[1]2026 február'!B$5=0, "", '[1]2026 február'!B$5 ) -> 384305 | Q49: =IF(OR('[1]2026 február'!G47=0, ISBLANK('[1]2026 február'!G47)), "", '[1]2026 február'!G47 ) | R49: ='[1]2026 február'!W47 -> 0 | V49: =IF('[1]2026 február'!S47=0, "", '[1]2026 február'!S47 ) | W49: =IF('[1]2026 február'!T47=0, "", '[1]2026 február'!T47 ) | X49: =IF('[1]2026 február'!U47=0, "", '[1]2026 február'!U47 ) | Y49: =IF('[1]2026 február'!V47=0, "", '[1]2026 február'!V47 ) | Z49: =IF('[1]2026 február'!W47=0, "", '[1]2026 február'!W47 ) | AA49: =IF('[1]2026 február'!X47=0, "", '[1]2026 február'!X47 ) | AB49: =IF('[1]2026 február'!Y47=0, "", '[1]2026 február'!Y47 ) | AC49: =IF('[1]2026 február'!Z47=0, "", '[1]2026 február'!Z47 ) | AD49: =IF('[1]2026 február'!AA47=0, "", '[1]2026 február'!AA47 ) | AE49: =IF('[1]2026 február'!AB$6=0, "", '[1]2026 február'!AB$6 ) | AF49: =IF('[1]2026 február'!AC$6=0, "", '[1]2026 február'!AC$6 ) | AG49: =IF('[1]2026 február'!AD$6=0, "", '[1]2026 február'!AD$6 ) | AH49: =IF('[1]2026 február'!AE47=0, "", '[1]2026 február'!AE47 ) | AI49: =IF('[1]2026 február'!AF47=0, "", '[1]2026 február'!AF47 ) | AJ49: =IF('[1]2026 február'!AG47=0, "", '[1]2026 február'!AG47 ) | AK49: =IF('[1]2026 február'!AH47=0, "", '[1]2026 február'!AH47 )
A50: 46059 | B50: 333895 | C50: 850 | D50: 205120 | F50: 105805 | G50: 55835 | H50: 255940 | I50: 255940 | J50: 1034 | K50: 221301589 | P50: =IF('[1]2026 február'!B$6=0, "", '[1]2026 február'!B$6 ) -> 311755 | Q50: =IF(OR('[1]2026 február'!G48=0, ISBLANK('[1]2026 február'!G48)), "", '[1]2026 február'!G48 ) | R50: ='[1]2026 február'!W48 -> 0 | V50: =IF('[1]2026 február'!S48=0, "", '[1]2026 február'!S48 ) | W50: =IF('[1]2026 február'!T48=0, "", '[1]2026 február'!T48 ) | X50: =IF('[1]2026 február'!U48=0, "", '[1]2026 február'!U48 ) | Y50: =IF('[1]2026 február'!V48=0, "", '[1]2026 február'!V48 ) | Z50: =IF('[1]2026 február'!W48=0, "", '[1]2026 február'!W48 ) | AA50: =IF('[1]2026 február'!X48=0, "", '[1]2026 február'!X48 ) | AB50: =IF('[1]2026 február'!Y48=0, "", '[1]2026 február'!Y48 ) | AC50: =IF('[1]2026 február'!Z48=0, "", '[1]2026 február'!Z48 ) | AD50: =IF('[1]2026 február'!AA48=0, "", '[1]2026 február'!AA48 ) | AE50: =IF('[1]2026 február'!AB$7=0, "", '[1]2026 február'!AB$7 ) | AF50: =IF('[1]2026 február'!AC$7=0, "", '[1]2026 február'!AC$7 ) | AG50: =IF('[1]2026 február'!AD$7=0, "", '[1]2026 február'!AD$7 ) | AH50: =IF('[1]2026 február'!AE48=0, "", '[1]2026 február'!AE48 ) | AI50: =IF('[1]2026 február'!AF48=0, "", '[1]2026 február'!AF48 ) | AJ50: =IF('[1]2026 február'!AG48=0, "", '[1]2026 február'!AG48 ) | AK50: =IF('[1]2026 február'!AH48=0, "", '[1]2026 február'!AH48 )
A51: 46060 | P51: =IF('[1]2026 február'!B$7=0, "", '[1]2026 február'!B$7 ) | Q51: =IF(OR('[1]2026 február'!G49=0, ISBLANK('[1]2026 február'!G49)), "", '[1]2026 február'!G49 ) | R51: ='[1]2026 február'!W49 -> 0 | V51: =IF('[1]2026 február'!S49=0, "", '[1]2026 február'!S49 ) | W51: =IF('[1]2026 február'!T49=0, "", '[1]2026 február'!T49 ) | X51: =IF('[1]2026 február'!U49=0, "", '[1]2026 február'!U49 ) | Y51: =IF('[1]2026 február'!V49=0, "", '[1]2026 február'!V49 ) | Z51: =IF('[1]2026 február'!W49=0, "", '[1]2026 február'!W49 ) | AA51: =IF('[1]2026 február'!X49=0, "", '[1]2026 február'!X49 ) | AB51: =IF('[1]2026 február'!Y49=0, "", '[1]2026 február'!Y49 ) | AC51: =IF('[1]2026 február'!Z49=0, "", '[1]2026 február'!Z49 ) | AD51: =IF('[1]2026 február'!AA49=0, "", '[1]2026 február'!AA49 ) | AE51: =IF('[1]2026 február'!AB$8=0, "", '[1]2026 február'!AB$8 ) | AF51: =IF('[1]2026 február'!AC$8=0, "", '[1]2026 február'!AC$8 ) | AG51: =IF('[1]2026 február'!AD$8=0, "", '[1]2026 február'!AD$8 ) | AH51: =IF('[1]2026 február'!AE49=0, "", '[1]2026 február'!AE49 ) | AI51: =IF('[1]2026 február'!AF49=0, "", '[1]2026 február'!AF49 ) | AJ51: =IF('[1]2026 február'!AG49=0, "", '[1]2026 február'!AG49 ) | AK51: =IF('[1]2026 február'!AH49=0, "", '[1]2026 február'!AH49 )
A52: 46061 | P52: =IF('[1]2026 február'!B$8=0, "", '[1]2026 február'!B$8 ) | Q52: =IF(OR('[1]2026 február'!G50=0, ISBLANK('[1]2026 február'!G50)), "", '[1]2026 február'!G50 ) | R52: ='[1]2026 február'!W50 -> 0 | V52: =IF('[1]2026 február'!S50=0, "", '[1]2026 február'!S50 ) | W52: =IF('[1]2026 február'!T50=0, "", '[1]2026 február'!T50 ) | X52: =IF('[1]2026 február'!U50=0, "", '[1]2026 február'!U50 ) | Y52: =IF('[1]2026 február'!V50=0, "", '[1]2026 február'!V50 ) | Z52: =IF('[1]2026 február'!W50=0, "", '[1]2026 február'!W50 ) | AA52: =IF('[1]2026 február'!X50=0, "", '[1]2026 február'!X50 ) | AB52: =IF('[1]2026 február'!Y50=0, "", '[1]2026 február'!Y50 ) | AC52: =IF('[1]2026 február'!Z50=0, "", '[1]2026 február'!Z50 ) | AD52: =IF('[1]2026 február'!AA50=0, "", '[1]2026 február'!AA50 ) | AE52: =IF('[1]2026 február'!AB$9=0, "", '[1]2026 február'!AB$9 ) | AF52: =IF('[1]2026 február'!AC$9=0, "", '[1]2026 február'!AC$9 ) | AG52: =IF('[1]2026 február'!AD$9=0, "", '[1]2026 február'!AD$9 ) | AH52: =IF('[1]2026 február'!AE50=0, "", '[1]2026 február'!AE50 ) | AI52: =IF('[1]2026 február'!AF50=0, "", '[1]2026 február'!AF50 ) | AJ52: =IF('[1]2026 február'!AG50=0, "", '[1]2026 február'!AG50 ) | AK52: =IF('[1]2026 február'!AH50=0, "", '[1]2026 február'!AH50 )
A53: 46062 | P53: =IF('[1]2026 február'!B$9=0, "", '[1]2026 február'!B$9 ) | Q53: =IF(OR('[1]2026 február'!G51=0, ISBLANK('[1]2026 február'!G51)), "", '[1]2026 február'!G51 ) | R53: ='[1]2026 február'!W51 -> 0 | V53: =IF('[1]2026 február'!S51=0, "", '[1]2026 február'!S51 ) | W53: =IF('[1]2026 február'!T51=0, "", '[1]2026 február'!T51 ) | X53: =IF('[1]2026 február'!U51=0, "", '[1]2026 február'!U51 ) | Y53: =IF('[1]2026 február'!V51=0, "", '[1]2026 február'!V51 ) | Z53: =IF('[1]2026 február'!W51=0, "", '[1]2026 február'!W51 ) | AA53: =IF('[1]2026 február'!X51=0, "", '[1]2026 február'!X51 ) | AB53: =IF('[1]2026 február'!Y51=0, "", '[1]2026 február'!Y51 ) | AC53: =IF('[1]2026 február'!Z51=0, "", '[1]2026 február'!Z51 ) | AD53: =IF('[1]2026 február'!AA51=0, "", '[1]2026 február'!AA51 ) | AE53: =IF('[1]2026 február'!AB$10=0, "", '[1]2026 február'!AB$10 ) | AF53: =IF('[1]2026 február'!AC$10=0, "", '[1]2026 február'!AC$10 ) | AG53: =IF('[1]2026 február'!AD$10=0, "", '[1]2026 február'!AD$10 ) | AH53: =IF('[1]2026 február'!AE51=0, "", '[1]2026 február'!AE51 ) | AI53: =IF('[1]2026 február'!AF51=0, "", '[1]2026 február'!AF51 ) | AJ53: =IF('[1]2026 február'!AG51=0, "", '[1]2026 február'!AG51 ) | AK53: =IF('[1]2026 február'!AH51=0, "", '[1]2026 február'!AH51 )
A54: 46063 | P54: =IF('[1]2026 február'!B$10=0, "", '[1]2026 február'!B$10 ) | Q54: =IF(OR('[1]2026 február'!G52=0, ISBLANK('[1]2026 február'!G52)), "", '[1]2026 február'!G52 ) | R54: ='[1]2026 február'!W52 -> 0 | V54: =IF('[1]2026 február'!S52=0, "", '[1]2026 február'!S52 ) | W54: =IF('[1]2026 február'!T52=0, "", '[1]2026 február'!T52 ) | X54: =IF('[1]2026 február'!U52=0, "", '[1]2026 február'!U52 ) | Y54: =IF('[1]2026 február'!V52=0, "", '[1]2026 február'!V52 ) | Z54: =IF('[1]2026 február'!W52=0, "", '[1]2026 február'!W52 ) | AA54: =IF('[1]2026 február'!X52=0, "", '[1]2026 február'!X52 ) | AB54: =IF('[1]2026 február'!Y52=0, "", '[1]2026 február'!Y52 ) | AC54: =IF('[1]2026 február'!Z52=0, "", '[1]2026 február'!Z52 ) | AD54: =IF('[1]2026 február'!AA52=0, "", '[1]2026 február'!AA52 ) | AE54: =IF('[1]2026 február'!AB$11=0, "", '[1]2026 február'!AB$11 ) | AF54: =IF('[1]2026 február'!AC$11=0, "", '[1]2026 február'!AC$11 ) | AG54: =IF('[1]2026 február'!AD$11=0, "", '[1]2026 február'!AD$11 ) | AH54: =IF('[1]2026 február'!AE52=0, "", '[1]2026 február'!AE52 ) | AI54: =IF('[1]2026 február'!AF52=0, "", '[1]2026 február'!AF52 ) | AJ54: =IF('[1]2026 február'!AG52=0, "", '[1]2026 február'!AG52 ) | AK54: =IF('[1]2026 február'!AH52=0, "", '[1]2026 február'!AH52 )
A55: 46064 | P55: =IF('[1]2026 február'!B$11=0, "", '[1]2026 február'!B$11 ) | Q55: =IF(OR('[1]2026 február'!G53=0, ISBLANK('[1]2026 február'!G53)), "", '[1]2026 február'!G53 ) | R55: ='[1]2026 február'!W53 -> 0 | V55: =IF('[1]2026 február'!S53=0, "", '[1]2026 február'!S53 ) | W55: =IF('[1]2026 február'!T53=0, "", '[1]2026 február'!T53 ) | X55: =IF('[1]2026 február'!U53=0, "", '[1]2026 február'!U53 ) | Y55: =IF('[1]2026 február'!V53=0, "", '[1]2026 február'!V53 ) | Z55: =IF('[1]2026 február'!W53=0, "", '[1]2026 február'!W53 ) | AA55: =IF('[1]2026 február'!X53=0, "", '[1]2026 február'!X53 ) | AB55: =IF('[1]2026 február'!Y53=0, "", '[1]2026 február'!Y53 ) | AC55: =IF('[1]2026 február'!Z53=0, "", '[1]2026 február'!Z53 ) | AD55: =IF('[1]2026 február'!AA53=0, "", '[1]2026 február'!AA53 ) | AE55: =IF('[1]2026 február'!AB$12=0, "", '[1]2026 február'!AB$12 ) | AF55: =IF('[1]2026 február'!AC$12=0, "", '[1]2026 február'!AC$12 ) | AG55: =IF('[1]2026 február'!AD$12=0, "", '[1]2026 február'!AD$12 ) | AH55: =IF('[1]2026 február'!AE53=0, "", '[1]2026 február'!AE53 ) | AI55: =IF('[1]2026 február'!AF53=0, "", '[1]2026 február'!AF53 ) | AJ55: =IF('[1]2026 február'!AG53=0, "", '[1]2026 február'!AG53 ) | AK55: =IF('[1]2026 február'!AH53=0, "", '[1]2026 február'!AH53 )
A56: 46065 | P56: =IF('[1]2026 február'!B$12=0, "", '[1]2026 február'!B$12 ) | Q56: =IF(OR('[1]2026 február'!G54=0, ISBLANK('[1]2026 február'!G54)), "", '[1]2026 február'!G54 ) | R56: ='[1]2026 február'!W54 -> 0 | V56: =IF('[1]2026 február'!S54=0, "", '[1]2026 február'!S54 ) | W56: =IF('[1]2026 február'!T54=0, "", '[1]2026 február'!T54 ) | X56: =IF('[1]2026 február'!U54=0, "", '[1]2026 február'!U54 ) | Y56: =IF('[1]2026 február'!V54=0, "", '[1]2026 február'!V54 ) | Z56: =IF('[1]2026 február'!W54=0, "", '[1]2026 február'!W54 ) | AA56: =IF('[1]2026 február'!X54=0, "", '[1]2026 február'!X54 ) | AB56: =IF('[1]2026 február'!Y54=0, "", '[1]2026 február'!Y54 ) | AC56: =IF('[1]2026 február'!Z54=0, "", '[1]2026 február'!Z54 ) | AD56: =IF('[1]2026 február'!AA54=0, "", '[1]2026 február'!AA54 ) | AE56: =IF('[1]2026 február'!AB$13=0, "", '[1]2026 február'!AB$13 ) | AF56: =IF('[1]2026 február'!AC$13=0, "", '[1]2026 február'!AC$13 ) | AG56: =IF('[1]2026 február'!AD$13=0, "", '[1]2026 február'!AD$13 ) | AH56: =IF('[1]2026 február'!AE54=0, "", '[1]2026 február'!AE54 ) | AI56: =IF('[1]2026 február'!AF54=0, "", '[1]2026 február'!AF54 ) | AJ56: =IF('[1]2026 február'!AG54=0, "", '[1]2026 február'!AG54 ) | AK56: =IF('[1]2026 február'!AH54=0, "", '[1]2026 február'!AH54 )
A57: 46066 | P57: =IF('[1]2026 február'!B$13=0, "", '[1]2026 február'!B$13 ) | Q57: =IF(OR('[1]2026 február'!G55=0, ISBLANK('[1]2026 február'!G55)), "", '[1]2026 február'!G55 ) | R57: ='[1]2026 február'!W55 -> 0 | V57: =IF('[1]2026 február'!S55=0, "", '[1]2026 február'!S55 ) | W57: =IF('[1]2026 február'!T55=0, "", '[1]2026 február'!T55 ) | X57: =IF('[1]2026 február'!U55=0, "", '[1]2026 február'!U55 ) | Y57: =IF('[1]2026 február'!V55=0, "", '[1]2026 február'!V55 ) | Z57: =IF('[1]2026 február'!W55=0, "", '[1]2026 február'!W55 ) | AA57: =IF('[1]2026 február'!X55=0, "", '[1]2026 február'!X55 ) | AB57: =IF('[1]2026 február'!Y55=0, "", '[1]2026 február'!Y55 ) | AC57: =IF('[1]2026 február'!Z55=0, "", '[1]2026 február'!Z55 ) | AD57: =IF('[1]2026 február'!AA55=0, "", '[1]2026 február'!AA55 ) | AE57: =IF('[1]2026 február'!AB$14=0, "", '[1]2026 február'!AB$14 ) | AF57: =IF('[1]2026 február'!AC$14=0, "", '[1]2026 február'!AC$14 ) | AG57: =IF('[1]2026 február'!AD$14=0, "", '[1]2026 február'!AD$14 ) | AH57: =IF('[1]2026 február'!AE55=0, "", '[1]2026 február'!AE55 ) | AI57: =IF('[1]2026 február'!AF55=0, "", '[1]2026 február'!AF55 ) | AJ57: =IF('[1]2026 február'!AG55=0, "", '[1]2026 február'!AG55 ) | AK57: =IF('[1]2026 február'!AH55=0, "", '[1]2026 február'!AH55 )
A58: 46067 | P58: =IF('[1]2026 február'!B$14=0, "", '[1]2026 február'!B$14 ) | Q58: =IF(OR('[1]2026 február'!G56=0, ISBLANK('[1]2026 február'!G56)), "", '[1]2026 február'!G56 ) | R58: ='[1]2026 február'!W56 -> 0 | V58: =IF('[1]2026 február'!S56=0, "", '[1]2026 február'!S56 ) | W58: =IF('[1]2026 február'!T56=0, "", '[1]2026 február'!T56 ) | X58: =IF('[1]2026 február'!U56=0, "", '[1]2026 február'!U56 ) | Y58: =IF('[1]2026 február'!V56=0, "", '[1]2026 február'!V56 ) | Z58: =IF('[1]2026 február'!W56=0, "", '[1]2026 február'!W56 ) | AA58: =IF('[1]2026 február'!X56=0, "", '[1]2026 február'!X56 ) | AB58: =IF('[1]2026 február'!Y56=0, "", '[1]2026 február'!Y56 ) | AC58: =IF('[1]2026 február'!Z56=0, "", '[1]2026 február'!Z56 ) | AD58: =IF('[1]2026 február'!AA56=0, "", '[1]2026 február'!AA56 ) | AE58: =IF('[1]2026 február'!AB$15=0, "", '[1]2026 február'!AB$15 ) | AF58: =IF('[1]2026 február'!AC$15=0, "", '[1]2026 február'!AC$15 ) | AG58: =IF('[1]2026 február'!AD$15=0, "", '[1]2026 február'!AD$15 ) | AH58: =IF('[1]2026 február'!AE56=0, "", '[1]2026 február'!AE56 ) | AI58: =IF('[1]2026 február'!AF56=0, "", '[1]2026 február'!AF56 ) | AJ58: =IF('[1]2026 február'!AG56=0, "", '[1]2026 február'!AG56 ) | AK58: =IF('[1]2026 február'!AH56=0, "", '[1]2026 február'!AH56 )
A59: 46068 | P59: =IF('[1]2026 február'!B$15=0, "", '[1]2026 február'!B$15 ) | Q59: =IF(OR('[1]2026 február'!G57=0, ISBLANK('[1]2026 február'!G57)), "", '[1]2026 február'!G57 ) | R59: ='[1]2026 február'!W57 -> 0 | V59: =IF('[1]2026 február'!S57=0, "", '[1]2026 február'!S57 ) | W59: =IF('[1]2026 február'!T57=0, "", '[1]2026 február'!T57 ) | X59: =IF('[1]2026 február'!U57=0, "", '[1]2026 február'!U57 ) | Y59: =IF('[1]2026 február'!V57=0, "", '[1]2026 február'!V57 ) | Z59: =IF('[1]2026 február'!W57=0, "", '[1]2026 február'!W57 ) | AA59: =IF('[1]2026 február'!X57=0, "", '[1]2026 február'!X57 ) | AB59: =IF('[1]2026 február'!Y57=0, "", '[1]2026 február'!Y57 ) | AC59: =IF('[1]2026 február'!Z57=0, "", '[1]2026 február'!Z57 ) | AD59: =IF('[1]2026 február'!AA57=0, "", '[1]2026 február'!AA57 ) | AE59: =IF('[1]2026 február'!AB$16=0, "", '[1]2026 február'!AB$16 ) | AF59: =IF('[1]2026 február'!AC$16=0, "", '[1]2026 február'!AC$16 ) | AG59: =IF('[1]2026 február'!AD$16=0, "", '[1]2026 február'!AD$16 ) | AH59: =IF('[1]2026 február'!AE57=0, "", '[1]2026 február'!AE57 ) | AI59: =IF('[1]2026 február'!AF57=0, "", '[1]2026 február'!AF57 ) | AJ59: =IF('[1]2026 február'!AG57=0, "", '[1]2026 február'!AG57 ) | AK59: =IF('[1]2026 február'!AH57=0, "", '[1]2026 február'!AH57 )
A60: 46069 | P60: =IF('[1]2026 február'!B$16=0, "", '[1]2026 február'!B$16 ) | Q60: =IF(OR('[1]2026 február'!G58=0, ISBLANK('[1]2026 február'!G58)), "", '[1]2026 február'!G58 ) | R60: ='[1]2026 február'!W58 -> 0 | V60: =IF('[1]2026 február'!S58=0, "", '[1]2026 február'!S58 ) | W60: =IF('[1]2026 február'!T58=0, "", '[1]2026 február'!T58 ) | X60: =IF('[1]2026 február'!U58=0, "", '[1]2026 február'!U58 ) | Y60: =IF('[1]2026 február'!V58=0, "", '[1]2026 február'!V58 ) | Z60: =IF('[1]2026 február'!W58=0, "", '[1]2026 február'!W58 ) | AA60: =IF('[1]2026 február'!X58=0, "", '[1]2026 február'!X58 ) | AB60: =IF('[1]2026 február'!Y58=0, "", '[1]2026 február'!Y58 ) | AC60: =IF('[1]2026 február'!Z58=0, "", '[1]2026 február'!Z58 ) | AD60: =IF('[1]2026 február'!AA58=0, "", '[1]2026 február'!AA58 ) | AE60: =IF('[1]2026 február'!AB$17=0, "", '[1]2026 február'!AB$17 ) | AF60: =IF('[1]2026 február'!AC$17=0, "", '[1]2026 február'!AC$17 ) | AG60: =IF('[1]2026 február'!AD$17=0, "", '[1]2026 február'!AD$17 ) | AH60: =IF('[1]2026 február'!AE58=0, "", '[1]2026 február'!AE58 ) | AI60: =IF('[1]2026 február'!AF58=0, "", '[1]2026 február'!AF58 ) | AJ60: =IF('[1]2026 február'!AG58=0, "", '[1]2026 február'!AG58 ) | AK60: =IF('[1]2026 február'!AH58=0, "", '[1]2026 február'!AH58 )
A61: 46070 | P61: =IF('[1]2026 február'!B$17=0, "", '[1]2026 február'!B$17 ) | Q61: =IF(OR('[1]2026 február'!G59=0, ISBLANK('[1]2026 február'!G59)), "", '[1]2026 február'!G59 ) | R61: ='[1]2026 február'!W59 -> 0 | V61: =IF('[1]2026 február'!S59=0, "", '[1]2026 február'!S59 ) | W61: =IF('[1]2026 február'!T59=0, "", '[1]2026 február'!T59 ) | X61: =IF('[1]2026 február'!U59=0, "", '[1]2026 február'!U59 ) | Y61: =IF('[1]2026 február'!V59=0, "", '[1]2026 február'!V59 ) | Z61: =IF('[1]2026 február'!W59=0, "", '[1]2026 február'!W59 ) | AA61: =IF('[1]2026 február'!X59=0, "", '[1]2026 február'!X59 ) | AB61: =IF('[1]2026 február'!Y59=0, "", '[1]2026 február'!Y59 ) | AC61: =IF('[1]2026 február'!Z59=0, "", '[1]2026 február'!Z59 ) | AD61: =IF('[1]2026 február'!AA59=0, "", '[1]2026 február'!AA59 ) | AE61: =IF('[1]2026 február'!AB$18=0, "", '[1]2026 február'!AB$18 ) | AF61: =IF('[1]2026 február'!AC$18=0, "", '[1]2026 február'!AC$18 ) | AG61: =IF('[1]2026 február'!AD$18=0, "", '[1]2026 február'!AD$18 ) | AH61: =IF('[1]2026 február'!AE59=0, "", '[1]2026 február'!AE59 ) | AI61: =IF('[1]2026 február'!AF59=0, "", '[1]2026 február'!AF59 ) | AJ61: =IF('[1]2026 február'!AG59=0, "", '[1]2026 február'!AG59 ) | AK61: =IF('[1]2026 február'!AH59=0, "", '[1]2026 február'!AH59 )
A62: 46071 | P62: =IF('[1]2026 február'!B$18=0, "", '[1]2026 február'!B$18 ) | Q62: =IF(OR('[1]2026 február'!G60=0, ISBLANK('[1]2026 február'!G60)), "", '[1]2026 február'!G60 ) | R62: ='[1]2026 február'!W60 -> 0 | V62: =IF('[1]2026 február'!S60=0, "", '[1]2026 február'!S60 ) | W62: =IF('[1]2026 február'!T60=0, "", '[1]2026 február'!T60 ) | X62: =IF('[1]2026 február'!U60=0, "", '[1]2026 február'!U60 ) | Y62: =IF('[1]2026 február'!V60=0, "", '[1]2026 február'!V60 ) | Z62: =IF('[1]2026 február'!W60=0, "", '[1]2026 február'!W60 ) | AA62: =IF('[1]2026 február'!X60=0, "", '[1]2026 február'!X60 ) | AB62: =IF('[1]2026 február'!Y60=0, "", '[1]2026 február'!Y60 ) | AC62: =IF('[1]2026 február'!Z60=0, "", '[1]2026 február'!Z60 ) | AD62: =IF('[1]2026 február'!AA60=0, "", '[1]2026 február'!AA60 ) | AE62: =IF('[1]2026 február'!AB$19=0, "", '[1]2026 február'!AB$19 ) | AF62: =IF('[1]2026 február'!AC$19=0, "", '[1]2026 február'!AC$19 ) | AG62: =IF('[1]2026 február'!AD$19=0, "", '[1]2026 február'!AD$19 ) | AH62: =IF('[1]2026 február'!AE60=0, "", '[1]2026 február'!AE60 ) | AI62: =IF('[1]2026 február'!AF60=0, "", '[1]2026 február'!AF60 ) | AJ62: =IF('[1]2026 február'!AG60=0, "", '[1]2026 február'!AG60 ) | AK62: =IF('[1]2026 február'!AH60=0, "", '[1]2026 február'!AH60 )
A63: 46072 | P63: =IF('[1]2026 február'!B$19=0, "", '[1]2026 február'!B$19 ) | Q63: =IF(OR('[1]2026 február'!G61=0, ISBLANK('[1]2026 február'!G61)), "", '[1]2026 február'!G61 ) | R63: ='[1]2026 február'!W61 -> 0 | V63: =IF('[1]2026 február'!S61=0, "", '[1]2026 február'!S61 ) | W63: =IF('[1]2026 február'!T61=0, "", '[1]2026 február'!T61 ) | X63: =IF('[1]2026 február'!U61=0, "", '[1]2026 február'!U61 ) | Y63: =IF('[1]2026 február'!V61=0, "", '[1]2026 február'!V61 ) | Z63: =IF('[1]2026 február'!W61=0, "", '[1]2026 február'!W61 ) | AA63: =IF('[1]2026 február'!X61=0, "", '[1]2026 február'!X61 ) | AB63: =IF('[1]2026 február'!Y61=0, "", '[1]2026 február'!Y61 ) | AC63: =IF('[1]2026 február'!Z61=0, "", '[1]2026 február'!Z61 ) | AD63: =IF('[1]2026 február'!AA61=0, "", '[1]2026 február'!AA61 ) | AE63: =IF('[1]2026 február'!AB$20=0, "", '[1]2026 február'!AB$20 ) | AF63: =IF('[1]2026 február'!AC$20=0, "", '[1]2026 február'!AC$20 ) | AG63: =IF('[1]2026 február'!AD$20=0, "", '[1]2026 február'!AD$20 ) | AH63: =IF('[1]2026 február'!AE61=0, "", '[1]2026 február'!AE61 ) | AI63: =IF('[1]2026 február'!AF61=0, "", '[1]2026 február'!AF61 ) | AJ63: =IF('[1]2026 február'!AG61=0, "", '[1]2026 február'!AG61 ) | AK63: =IF('[1]2026 február'!AH61=0, "", '[1]2026 február'!AH61 )
A64: 46073 | P64: =IF('[1]2026 február'!B$20=0, "", '[1]2026 február'!B$20 ) | Q64: =IF(OR('[1]2026 február'!G62=0, ISBLANK('[1]2026 február'!G62)), "", '[1]2026 február'!G62 ) | R64: ='[1]2026 február'!W62 -> 0 | V64: =IF('[1]2026 február'!S62=0, "", '[1]2026 február'!S62 ) | W64: =IF('[1]2026 február'!T62=0, "", '[1]2026 február'!T62 ) | X64: =IF('[1]2026 február'!U62=0, "", '[1]2026 február'!U62 ) | Y64: =IF('[1]2026 február'!V62=0, "", '[1]2026 február'!V62 ) | Z64: =IF('[1]2026 február'!W62=0, "", '[1]2026 február'!W62 ) | AA64: =IF('[1]2026 február'!X62=0, "", '[1]2026 február'!X62 ) | AB64: =IF('[1]2026 február'!Y62=0, "", '[1]2026 február'!Y62 ) | AC64: =IF('[1]2026 február'!Z62=0, "", '[1]2026 február'!Z62 ) | AD64: =IF('[1]2026 február'!AA62=0, "", '[1]2026 február'!AA62 ) | AE64: =IF('[1]2026 február'!AB$21=0, "", '[1]2026 február'!AB$21 ) | AF64: =IF('[1]2026 február'!AC$21=0, "", '[1]2026 február'!AC$21 ) | AG64: =IF('[1]2026 február'!AD$21=0, "", '[1]2026 február'!AD$21 ) | AH64: =IF('[1]2026 február'!AE62=0, "", '[1]2026 február'!AE62 ) | AI64: =IF('[1]2026 február'!AF62=0, "", '[1]2026 február'!AF62 ) | AJ64: =IF('[1]2026 február'!AG62=0, "", '[1]2026 február'!AG62 ) | AK64: =IF('[1]2026 február'!AH62=0, "", '[1]2026 február'!AH62 )
A65: 46074 | P65: =IF('[1]2026 február'!B$21=0, "", '[1]2026 február'!B$21 ) | Q65: =IF(OR('[1]2026 február'!G63=0, ISBLANK('[1]2026 február'!G63)), "", '[1]2026 február'!G63 ) | R65: ='[1]2026 február'!W63 -> 0 | V65: =IF('[1]2026 február'!S63=0, "", '[1]2026 február'!S63 ) | W65: =IF('[1]2026 február'!T63=0, "", '[1]2026 február'!T63 ) | X65: =IF('[1]2026 február'!U63=0, "", '[1]2026 február'!U63 ) | Y65: =IF('[1]2026 február'!V63=0, "", '[1]2026 február'!V63 ) | Z65: =IF('[1]2026 február'!W63=0, "", '[1]2026 február'!W63 ) | AA65: =IF('[1]2026 február'!X63=0, "", '[1]2026 február'!X63 ) | AB65: =IF('[1]2026 február'!Y63=0, "", '[1]2026 február'!Y63 ) | AC65: =IF('[1]2026 február'!Z63=0, "", '[1]2026 február'!Z63 ) | AD65: =IF('[1]2026 február'!AA63=0, "", '[1]2026 február'!AA63 ) | AE65: =IF('[1]2026 február'!AB$22=0, "", '[1]2026 február'!AB$22 ) | AF65: =IF('[1]2026 február'!AC$22=0, "", '[1]2026 február'!AC$22 ) | AG65: =IF('[1]2026 február'!AD$22=0, "", '[1]2026 február'!AD$22 ) | AH65: =IF('[1]2026 február'!AE63=0, "", '[1]2026 február'!AE63 ) | AI65: =IF('[1]2026 február'!AF63=0, "", '[1]2026 február'!AF63 ) | AJ65: =IF('[1]2026 február'!AG63=0, "", '[1]2026 február'!AG63 ) | AK65: =IF('[1]2026 február'!AH63=0, "", '[1]2026 február'!AH63 )
A66: 46075 | P66: =IF('[1]2026 február'!B$22=0, "", '[1]2026 február'!B$22 ) | Q66: =IF(OR('[1]2026 február'!G64=0, ISBLANK('[1]2026 február'!G64)), "", '[1]2026 február'!G64 ) | R66: ='[1]2026 február'!W64 -> 0 | V66: =IF('[1]2026 február'!S64=0, "", '[1]2026 február'!S64 ) | W66: =IF('[1]2026 február'!T64=0, "", '[1]2026 február'!T64 ) | X66: =IF('[1]2026 február'!U64=0, "", '[1]2026 február'!U64 ) | Y66: =IF('[1]2026 február'!V64=0, "", '[1]2026 február'!V64 ) | Z66: =IF('[1]2026 február'!W64=0, "", '[1]2026 február'!W64 ) | AA66: =IF('[1]2026 február'!X64=0, "", '[1]2026 február'!X64 ) | AB66: =IF('[1]2026 február'!Y64=0, "", '[1]2026 február'!Y64 ) | AC66: =IF('[1]2026 február'!Z64=0, "", '[1]2026 február'!Z64 ) | AD66: =IF('[1]2026 február'!AA64=0, "", '[1]2026 február'!AA64 ) | AE66: =IF('[1]2026 február'!AB$23=0, "", '[1]2026 február'!AB$23 ) | AF66: =IF('[1]2026 február'!AC$23=0, "", '[1]2026 február'!AC$23 ) | AG66: =IF('[1]2026 február'!AD$23=0, "", '[1]2026 február'!AD$23 ) | AH66: =IF('[1]2026 február'!AE64=0, "", '[1]2026 február'!AE64 ) | AI66: =IF('[1]2026 február'!AF64=0, "", '[1]2026 február'!AF64 ) | AJ66: =IF('[1]2026 február'!AG64=0, "", '[1]2026 február'!AG64 ) | AK66: =IF('[1]2026 február'!AH64=0, "", '[1]2026 február'!AH64 )
A67: 46076 | P67: =IF('[1]2026 február'!B$23=0, "", '[1]2026 február'!B$23 ) | Q67: =IF(OR('[1]2026 február'!G65=0, ISBLANK('[1]2026 február'!G65)), "", '[1]2026 február'!G65 ) | R67: ='[1]2026 február'!W65 -> 0 | V67: =IF('[1]2026 február'!S65=0, "", '[1]2026 február'!S65 ) | W67: =IF('[1]2026 február'!T65=0, "", '[1]2026 február'!T65 ) | X67: =IF('[1]2026 február'!U65=0, "", '[1]2026 február'!U65 ) | Y67: =IF('[1]2026 február'!V65=0, "", '[1]2026 február'!V65 ) | Z67: =IF('[1]2026 február'!W65=0, "", '[1]2026 február'!W65 ) | AA67: =IF('[1]2026 február'!X65=0, "", '[1]2026 február'!X65 ) | AB67: =IF('[1]2026 február'!Y65=0, "", '[1]2026 február'!Y65 ) | AC67: =IF('[1]2026 február'!Z65=0, "", '[1]2026 február'!Z65 ) | AD67: =IF('[1]2026 február'!AA65=0, "", '[1]2026 február'!AA65 ) | AE67: =IF('[1]2026 február'!AB$24=0, "", '[1]2026 február'!AB$24 ) | AF67: =IF('[1]2026 február'!AC$24=0, "", '[1]2026 február'!AC$24 ) | AG67: =IF('[1]2026 február'!AD$24=0, "", '[1]2026 február'!AD$24 ) | AH67: =IF('[1]2026 február'!AE65=0, "", '[1]2026 február'!AE65 ) | AI67: =IF('[1]2026 február'!AF65=0, "", '[1]2026 február'!AF65 ) | AJ67: =IF('[1]2026 február'!AG65=0, "", '[1]2026 február'!AG65 ) | AK67: =IF('[1]2026 február'!AH65=0, "", '[1]2026 február'!AH65 )
A68: 46077 | P68: =IF('[1]2026 február'!B$24=0, "", '[1]2026 február'!B$24 ) | Q68: =IF(OR('[1]2026 február'!G66=0, ISBLANK('[1]2026 február'!G66)), "", '[1]2026 február'!G66 ) | R68: ='[1]2026 február'!W66 -> 0 | V68: =IF('[1]2026 február'!S66=0, "", '[1]2026 február'!S66 ) | W68: =IF('[1]2026 február'!T66=0, "", '[1]2026 február'!T66 ) | X68: =IF('[1]2026 február'!U66=0, "", '[1]2026 február'!U66 ) | Y68: =IF('[1]2026 február'!V66=0, "", '[1]2026 február'!V66 ) | Z68: =IF('[1]2026 február'!W66=0, "", '[1]2026 február'!W66 ) | AA68: =IF('[1]2026 február'!X66=0, "", '[1]2026 február'!X66 ) | AB68: =IF('[1]2026 február'!Y66=0, "", '[1]2026 február'!Y66 ) | AC68: =IF('[1]2026 február'!Z66=0, "", '[1]2026 február'!Z66 ) | AD68: =IF('[1]2026 február'!AA66=0, "", '[1]2026 február'!AA66 ) | AE68: =IF('[1]2026 február'!AB$25=0, "", '[1]2026 február'!AB$25 ) | AF68: =IF('[1]2026 február'!AC$25=0, "", '[1]2026 február'!AC$25 ) | AG68: =IF('[1]2026 február'!AD$25=0, "", '[1]2026 február'!AD$25 ) | AH68: =IF('[1]2026 február'!AE66=0, "", '[1]2026 február'!AE66 ) | AI68: =IF('[1]2026 február'!AF66=0, "", '[1]2026 február'!AF66 ) | AJ68: =IF('[1]2026 február'!AG66=0, "", '[1]2026 február'!AG66 ) | AK68: =IF('[1]2026 február'!AH66=0, "", '[1]2026 február'!AH66 )
A69: 46078 | P69: =IF('[1]2026 február'!B$25=0, "", '[1]2026 február'!B$25 ) | Q69: =IF(OR('[1]2026 február'!G67=0, ISBLANK('[1]2026 február'!G67)), "", '[1]2026 február'!G67 ) | R69: ='[1]2026 február'!W67 -> 0 | V69: =IF('[1]2026 február'!S67=0, "", '[1]2026 február'!S67 ) | W69: =IF('[1]2026 február'!T67=0, "", '[1]2026 február'!T67 ) | X69: =IF('[1]2026 február'!U67=0, "", '[1]2026 február'!U67 ) | Y69: =IF('[1]2026 február'!V67=0, "", '[1]2026 február'!V67 ) | Z69: =IF('[1]2026 február'!W67=0, "", '[1]2026 február'!W67 ) | AA69: =IF('[1]2026 február'!X67=0, "", '[1]2026 február'!X67 ) | AB69: =IF('[1]2026 február'!Y67=0, "", '[1]2026 február'!Y67 ) | AC69: =IF('[1]2026 február'!Z67=0, "", '[1]2026 február'!Z67 ) | AD69: =IF('[1]2026 február'!AA67=0, "", '[1]2026 február'!AA67 ) | AE69: =IF('[1]2026 február'!AB$26=0, "", '[1]2026 február'!AB$26 ) | AF69: =IF('[1]2026 február'!AC$26=0, "", '[1]2026 február'!AC$26 ) | AG69: =IF('[1]2026 február'!AD$26=0, "", '[1]2026 február'!AD$26 ) | AH69: =IF('[1]2026 február'!AE67=0, "", '[1]2026 február'!AE67 ) | AI69: =IF('[1]2026 február'!AF67=0, "", '[1]2026 február'!AF67 ) | AJ69: =IF('[1]2026 február'!AG67=0, "", '[1]2026 február'!AG67 ) | AK69: =IF('[1]2026 február'!AH67=0, "", '[1]2026 február'!AH67 )
A70: 46079 | P70: =IF('[1]2026 február'!B$26=0, "", '[1]2026 február'!B$26 ) | Q70: =IF(OR('[1]2026 február'!G68=0, ISBLANK('[1]2026 február'!G68)), "", '[1]2026 február'!G68 ) | R70: ='[1]2026 február'!W68 -> 0 | V70: =IF('[1]2026 február'!S68=0, "", '[1]2026 február'!S68 ) | W70: =IF('[1]2026 február'!T68=0, "", '[1]2026 február'!T68 ) | X70: =IF('[1]2026 február'!U68=0, "", '[1]2026 február'!U68 ) | Y70: =IF('[1]2026 február'!V68=0, "", '[1]2026 február'!V68 ) | Z70: =IF('[1]2026 február'!W68=0, "", '[1]2026 február'!W68 ) | AA70: =IF('[1]2026 február'!X68=0, "", '[1]2026 február'!X68 ) | AB70: =IF('[1]2026 február'!Y68=0, "", '[1]2026 február'!Y68 ) | AC70: =IF('[1]2026 február'!Z68=0, "", '[1]2026 február'!Z68 ) | AD70: =IF('[1]2026 február'!AA68=0, "", '[1]2026 február'!AA68 ) | AE70: =IF('[1]2026 február'!AB$27=0, "", '[1]2026 február'!AB$27 ) | AF70: =IF('[1]2026 február'!AC$27=0, "", '[1]2026 február'!AC$27 ) | AG70: =IF('[1]2026 február'!AD$27=0, "", '[1]2026 február'!AD$27 ) | AH70: =IF('[1]2026 február'!AE68=0, "", '[1]2026 február'!AE68 ) | AI70: =IF('[1]2026 február'!AF68=0, "", '[1]2026 február'!AF68 ) | AJ70: =IF('[1]2026 február'!AG68=0, "", '[1]2026 február'!AG68 ) | AK70: =IF('[1]2026 február'!AH68=0, "", '[1]2026 február'!AH68 )
A71: 46080 | P71: =IF('[1]2026 február'!B$27=0, "", '[1]2026 február'!B$27 ) | Q71: =IF(OR('[1]2026 február'!G69=0, ISBLANK('[1]2026 február'!G69)), "", '[1]2026 február'!G69 ) | R71: ='[1]2026 február'!W69 -> 0 | V71: =IF('[1]2026 február'!S69=0, "", '[1]2026 február'!S69 ) | W71: =IF('[1]2026 február'!T69=0, "", '[1]2026 február'!T69 ) | X71: =IF('[1]2026 február'!U69=0, "", '[1]2026 február'!U69 ) | Y71: =IF('[1]2026 február'!V69=0, "", '[1]2026 február'!V69 ) | Z71: =IF('[1]2026 február'!W69=0, "", '[1]2026 február'!W69 ) | AA71: =IF('[1]2026 február'!X69=0, "", '[1]2026 február'!X69 ) | AB71: =IF('[1]2026 február'!Y69=0, "", '[1]2026 február'!Y69 ) | AC71: =IF('[1]2026 február'!Z69=0, "", '[1]2026 február'!Z69 ) | AD71: =IF('[1]2026 február'!AA69=0, "", '[1]2026 február'!AA69 ) | AE71: =IF('[1]2026 február'!AB$28=0, "", '[1]2026 február'!AB$28 ) | AF71: =IF('[1]2026 február'!AC$28=0, "", '[1]2026 február'!AC$28 ) | AG71: =IF('[1]2026 február'!AD$28=0, "", '[1]2026 február'!AD$28 ) | AH71: =IF('[1]2026 február'!AE69=0, "", '[1]2026 február'!AE69 ) | AI71: =IF('[1]2026 február'!AF69=0, "", '[1]2026 február'!AF69 ) | AJ71: =IF('[1]2026 február'!AG69=0, "", '[1]2026 február'!AG69 ) | AK71: =IF('[1]2026 február'!AH69=0, "", '[1]2026 február'!AH69 )
A72: 46081 | P72: =IF('[1]2026 február'!B$28=0, "", '[1]2026 február'!B$28 ) | Q72: =IF(OR('[1]2026 február'!G70=0, ISBLANK('[1]2026 február'!G70)), "", '[1]2026 február'!G70 ) | R72: ='[1]2026 február'!W70 -> 0 | V72: =IF('[1]2026 február'!S70=0, "", '[1]2026 február'!S70 ) | W72: =IF('[1]2026 február'!T70=0, "", '[1]2026 február'!T70 ) | X72: =IF('[1]2026 február'!U70=0, "", '[1]2026 február'!U70 ) | Y72: =IF('[1]2026 február'!V70=0, "", '[1]2026 február'!V70 ) | Z72: =IF('[1]2026 február'!W70=0, "", '[1]2026 február'!W70 ) | AA72: =IF('[1]2026 február'!X70=0, "", '[1]2026 február'!X70 ) | AB72: =IF('[1]2026 február'!Y70=0, "", '[1]2026 február'!Y70 ) | AC72: =IF('[1]2026 február'!Z70=0, "", '[1]2026 február'!Z70 ) | AD72: =IF('[1]2026 február'!AA70=0, "", '[1]2026 február'!AA70 ) | AE72: =IF('[1]2026 február'!AB$29=0, "", '[1]2026 február'!AB$29 ) | AF72: =IF('[1]2026 február'!AC$29=0, "", '[1]2026 február'!AC$29 ) | AG72: =IF('[1]2026 február'!AD$29=0, "", '[1]2026 február'!AD$29 ) | AH72: =IF('[1]2026 február'!AE70=0, "", '[1]2026 február'!AE70 ) | AI72: =IF('[1]2026 február'!AF70=0, "", '[1]2026 február'!AF70 ) | AJ72: =IF('[1]2026 február'!AG70=0, "", '[1]2026 február'!AG70 ) | AK72: =IF('[1]2026 február'!AH70=0, "", '[1]2026 február'!AH70 )
P73: =IF('[1]2026 február'!B$29=0, "", '[1]2026 február'!B$29 ) | Q73: =IF(OR('[1]2026 február'!G71=0, ISBLANK('[1]2026 február'!G71)), "", '[1]2026 február'!G71 ) | R73: ='[1]2026 február'!W71 -> 0 | V73: =IF('[1]2026 február'!S71=0, "", '[1]2026 február'!S71 ) | W73: =IF('[1]2026 február'!T71=0, "", '[1]2026 február'!T71 ) | X73: =IF('[1]2026 február'!U71=0, "", '[1]2026 február'!U71 ) | Y73: =IF('[1]2026 február'!V71=0, "", '[1]2026 február'!V71 ) | Z73: =IF('[1]2026 február'!W71=0, "", '[1]2026 február'!W71 ) | AA73: =IF('[1]2026 február'!X71=0, "", '[1]2026 február'!X71 ) | AB73: =IF('[1]2026 február'!Y71=0, "", '[1]2026 február'!Y71 ) | AC73: =IF('[1]2026 február'!Z71=0, "", '[1]2026 február'!Z71 ) | AD73: =IF('[1]2026 február'!AA71=0, "", '[1]2026 február'!AA71 ) | AE73: =IF('[1]2026 február'!AB$30=0, "", '[1]2026 február'!AB$30 ) | AF73: =IF('[1]2026 február'!AC$30=0, "", '[1]2026 február'!AC$30 ) | AG73: =IF('[1]2026 február'!AD$30=0, "", '[1]2026 február'!AD$30 ) | AH73: =IF('[1]2026 február'!AE71=0, "", '[1]2026 február'!AE71 ) | AI73: =IF('[1]2026 február'!AF71=0, "", '[1]2026 február'!AF71 ) | AJ73: =IF('[1]2026 február'!AG71=0, "", '[1]2026 február'!AG71 ) | AK73: =IF('[1]2026 február'!AH71=0, "", '[1]2026 február'!AH71 )
P74: =IF('[1]2026 február'!B$30=0, "", '[1]2026 február'!B$30 ) | Q74: =IF(OR('[1]2026 február'!G72=0, ISBLANK('[1]2026 február'!G72)), "", '[1]2026 február'!G72 ) | R74: ='[1]2026 február'!W72 -> 0 | V74: =IF('[1]2026 február'!S72=0, "", '[1]2026 február'!S72 ) | W74: =IF('[1]2026 február'!T72=0, "", '[1]2026 február'!T72 ) | X74: =IF('[1]2026 február'!U72=0, "", '[1]2026 február'!U72 ) | Y74: =IF('[1]2026 február'!V72=0, "", '[1]2026 február'!V72 ) | Z74: =IF('[1]2026 február'!W72=0, "", '[1]2026 február'!W72 ) | AA74: =IF('[1]2026 február'!X72=0, "", '[1]2026 február'!X72 ) | AB74: =IF('[1]2026 február'!Y72=0, "", '[1]2026 február'!Y72 ) | AC74: =IF('[1]2026 február'!Z72=0, "", '[1]2026 február'!Z72 ) | AD74: =IF('[1]2026 február'!AA72=0, "", '[1]2026 február'!AA72 ) | AE74: =IF('[1]2026 február'!AB$31=0, "", '[1]2026 február'!AB$31 ) | AF74: =IF('[1]2026 február'!AC$31=0, "", '[1]2026 február'!AC$31 ) | AG74: =IF('[1]2026 február'!AD$31=0, "", '[1]2026 február'!AD$31 ) | AH74: =IF('[1]2026 február'!AE72=0, "", '[1]2026 február'!AE72 ) | AI74: =IF('[1]2026 február'!AF72=0, "", '[1]2026 február'!AF72 ) | AJ74: =IF('[1]2026 február'!AG72=0, "", '[1]2026 február'!AG72 ) | AK74: =IF('[1]2026 február'!AH72=0, "", '[1]2026 február'!AH72 )
P75: =IF('[1]2026 február'!B$31=0, "", '[1]2026 február'!B$31 ) | Q75: =IF(OR('[1]2026 február'!G73=0, ISBLANK('[1]2026 február'!G73)), "", '[1]2026 február'!G73 ) | R75: ='[1]2026 február'!W73 -> 0 | V75: =IF('[1]2026 február'!S73=0, "", '[1]2026 február'!S73 ) | W75: =IF('[1]2026 február'!T73=0, "", '[1]2026 február'!T73 ) | X75: =IF('[1]2026 február'!U73=0, "", '[1]2026 február'!U73 ) | Y75: =IF('[1]2026 február'!V73=0, "", '[1]2026 február'!V73 ) | Z75: =IF('[1]2026 február'!W73=0, "", '[1]2026 február'!W73 ) | AA75: =IF('[1]2026 február'!X73=0, "", '[1]2026 február'!X73 ) | AB75: =IF('[1]2026 február'!Y73=0, "", '[1]2026 február'!Y73 ) | AC75: =IF('[1]2026 február'!Z73=0, "", '[1]2026 február'!Z73 ) | AD75: =IF('[1]2026 február'!AA73=0, "", '[1]2026 február'!AA73 ) | AE75: =IF('[1]2026 február'!AB$32=0, "", '[1]2026 február'!AB$32 ) | AF75: =IF('[1]2026 február'!AC$32=0, "", '[1]2026 február'!AC$32 ) | AG75: =IF('[1]2026 február'!AD$32=0, "", '[1]2026 február'!AD$32 ) | AH75: =IF('[1]2026 február'!AE73=0, "", '[1]2026 február'!AE73 ) | AI75: =IF('[1]2026 február'!AF73=0, "", '[1]2026 február'!AF73 ) | AJ75: =IF('[1]2026 február'!AG73=0, "", '[1]2026 február'!AG73 ) | AK75: =IF('[1]2026 február'!AH73=0, "", '[1]2026 február'!AH73 )
A76: Összesen: | C76: =SUM(C43:C75) -> 5300 | D76: =SUM(D43:D75) -> 1426133 | E76: =SUM(E43:E75) -> 3504 | F76: =SUM(F43:F75) -> 350355 | G76: =SUM(G43:G75) -> 146140 | H76: =SUM(H45:H75) -> 1639152 | P76: =IF('[1]2026 február'!B$32=0, "", '[1]2026 február'!B$32 ) | Q76: =IF(OR('[1]2026 február'!G74=0, ISBLANK('[1]2026 február'!G74)), "", '[1]2026 február'!G74 ) | R76: ='[1]2026 február'!W74 -> 0 | V76: =IF('[1]2026 február'!S74=0, "", '[1]2026 február'!S74 ) | W76: =IF('[1]2026 február'!T74=0, "", '[1]2026 február'!T74 ) | X76: =IF('[1]2026 február'!U74=0, "", '[1]2026 február'!U74 ) | Y76: =IF('[1]2026 február'!V74=0, "", '[1]2026 február'!V74 ) | Z76: =IF('[1]2026 február'!W74=0, "", '[1]2026 február'!W74 ) | AA76: =IF('[1]2026 február'!X74=0, "", '[1]2026 február'!X74 ) | AB76: =IF('[1]2026 február'!Y74=0, "", '[1]2026 február'!Y74 ) | AC76: =IF('[1]2026 február'!Z74=0, "", '[1]2026 február'!Z74 ) | AD76: =IF('[1]2026 február'!AA74=0, "", '[1]2026 február'!AA74 ) | AE76: =IF('[1]2026 február'!AB$33=0, "", '[1]2026 február'!AB$33 ) | AF76: =IF('[1]2026 február'!AC$33=0, "", '[1]2026 február'!AC$33 ) | AG76: =IF('[1]2026 február'!AD$33=0, "", '[1]2026 február'!AD$33 ) | AH76: =IF('[1]2026 február'!AE74=0, "", '[1]2026 február'!AE74 ) | AI76: =IF('[1]2026 február'!AF74=0, "", '[1]2026 február'!AF74 ) | AJ76: =IF('[1]2026 február'!AG74=0, "", '[1]2026 február'!AG74 ) | AK76: =IF('[1]2026 február'!AH74=0, "", '[1]2026 február'!AH74 )
C77: =C76+D76+E76+F76 -> 1785292 | G77: =G76+H76 -> 1785292 | P77: =IF('[1]2026 február'!B$33=0, "", '[1]2026 február'!B$33 ) -> 1812625
A81: ÜZENŐFAL

Sheet Knorr105
A1: AP A09111376 | B1: Novohost | C1: 0 | D1: 0.05 | E1: 0.18 | F1: 0.27 | G1: készpénz | H1: kártya | I1: terminál sz. bankkártya | J1: Borravaló | K1: zárás ssz | L1: göngyölt e. | M1: időszaki össz: | N1: EUR | O1: jegyzőkönyv | Q1: AP A24010154 | R1: Novohost | S1: 0 | T1: 0.05 | U1: 0.18 | V1: 0.27 | W1: készpénz | X1: kártya | Y1: terminál sz. bankkártya | Z1: Borravaló | AA1: zárás ssz | AB1: göngyölt e. | AC1: időszaki össz: | AD1: EUR | AE1: jegyzőkönyv | AG1: AP A13609805 | AH1: Novohost | AI1: 0 | AJ1: 0.05 | AK1: 0.18 | AL1: 0.27 | AM1: készpénz | AN1: kártya | AO1: terminál sz. bankkártya | AP1: Borravaló | AQ1: zárás ssz | AR1: göngyölt e. | AS1: időszaki össz: | AT1: EUR | AU1: AP A24004860 | AV1: 0 | AW1: 0 | AX1: 0 | AY1: 0 | AZ1: 0 | BA1: 0 | BB1: terminál sz. bankkártya | BC1: 0 | BD1: 0 | BE1: időszaki össz: | BG1: jegyzőkönyv | BI1: AP A09110892 | BJ1: Novohost | BK1: 0 | BL1: 0.05 | BM1: 0.18 | BN1: 0.27 | BO1: készpénz | BP1: kártya | BQ1: terminál sz. bankkártya | BR1: Borravaló | BS1: zárás sz. | BT1: göngyölt | BU1: időszaki össz: | BV1: EUR | BW1: jegyzőkönyv | BY1: ='[2]2026 január'!B$1 -> Novohost
A2: Január | Q2: Január | AG2: Január | AU2: Január | BI2: Január | BY2: ='[2]2026 január'!B$1 -> Novohost | BZ2: ='[2]2026 január'!G1 -> Tartalék Kiadás | CA2: ='[2]2026 január'!W1 -> Kivét | CB2: Eredmény | CE2: ='[2]2026 január'!S1 -> Pénztár nyitó | CF2: ='[2]2026 január'!T1 -> Pénztár kp bevétel | CG2: ='[2]2026 január'!U1 -> Egyéb bevétel | CH2: ='[2]2026 január'!V1 -> Költött | CI2: ='[2]2026 január'!W1 -> Kivét | CJ2: ='[2]2026 január'!X1 -> Eltérés | CK2: ='[2]2026 január'!Y1 -> Záró | CL2: ='[2]2026 január'!Z1 -> Megjegyzések | ... CP2: ='[2]2026 január'!AD1 -> Egyéb kiadás
A3: 46023 | Q3: 46023 | AG3: 46023 | AU3: 45658 | BI3: 46023 | BY3: =IF('[2]2026 január'!B$2=0, "", '[2]2026 január'!B$2 ) | BZ3: =IF(OR('[2]2026 január'!G2=0, ISBLANK('[2]2026 január'!G2)), "", '[2]2026 január'!G2 ) | CA3: ='[2]2026 január'!W2 -> 0 | CB3: =P3-Q3-S3-G3-H3 -> -46023 | CE3: =IF('[2]2026 január'!S2=0, "", '[2]2026 január'!S2 ) | CF3: =IF('[2]2026 január'!T2=0, "", '[2]2026 január'!T2 ) | CG3: =IF('[2]2026 január'!U2=0, "", '[2]2026 január'!U2 ) | CH3: =IF('[2]2026 január'!V2=0, "", '[2]2026 január'!V2 ) | CI3: =IF('[2]2026 január'!W2=0, "", '[2]2026 január'!W2 ) | CJ3: =IF('[2]2026 január'!X2=0, "", '[2]2026 január'!X2 ) | CK3: =IF('[2]2026 január'!Y2=0, "", '[2]2026 január'!Y2 ) | CL3: =IF('[2]2026 január'!Z2=0, "", '[2]2026 január'!Z2 ) | ... CP3: =IF('[2]2026 január'!AD2=0, "", '[2]2026 január'!AD2 ) | CQ3: =IF('[2]2026 január'!AE$2=0, "", '[2]2026 január'!AE$2 ) | CR3: =IF('[2]2026 január'!AF2=0, "", '[2]2026 január'!AF2 ) | CS3: =IF('[2]2026 január'!AG2=0, "", '[2]2026 január'!AG2 ) | CT3: =IF('[2]2026 január'!AH2=0, "", '[2]2026 január'!AH2 )
A4: 46024 | Q4: 46024 | AG4: 46024 | AU4: 45659 | AV4: 500 | AW4: 108085 | BA4: 108585 | BB4: 108585 | BC4: 751 | BD4: 252809421 | BI4: 46024 | BY4: =IF('[2]2026 január'!B$3=0, "", '[2]2026 január'!B$3 ) | BZ4: =IF(OR('[2]2026 január'!G3=0, ISBLANK('[2]2026 január'!G3)), "", '[2]2026 január'!G3 ) | CA4: ='[2]2026 január'!W3 -> 0 | CE4: =IF('[2]2026 január'!S3=0, "", '[2]2026 január'!S3 ) | CF4: =IF('[2]2026 január'!T3=0, "", '[2]2026 január'!T3 ) | CG4: =IF('[2]2026 január'!U3=0, "", '[2]2026 január'!U3 ) | CH4: =IF('[2]2026 január'!V3=0, "", '[2]2026 január'!V3 ) | CI4: =IF('[2]2026 január'!W3=0, "", '[2]2026 január'!W3 ) | CJ4: =IF('[2]2026 január'!X3=0, "", '[2]2026 január'!X3 ) | CK4: =IF('[2]2026 január'!Y3=0, "", '[2]2026 január'!Y3 ) | CL4: =IF('[2]2026 január'!Z3=0, "", '[2]2026 január'!Z3 ) | ... CP4: =IF('[2]2026 január'!AD3=0, "", '[2]2026 január'!AD3 ) | CQ4: =IF('[2]2026 január'!AE$3=0, "", '[2]2026 január'!AE$3 ) | CR4: =IF('[2]2026 január'!AF3=0, "", '[2]2026 január'!AF3 ) | CS4: =IF('[2]2026 január'!AG3=0, "", '[2]2026 január'!AG3 ) | CT4: =IF('[2]2026 január'!AH3=0, "", '[2]2026 január'!AH3 )
A5: 46025 | Q5: 46025 | AG5: 46025 | AU5: 45660 | AV5: 850 | AW5: 133854 | AY5: 3050 | BA5: 137754 | BB5: 137754 | BC5: 752 | BD5: 252947175 | BI5: 46025 | BY5: =IF('[2]2026 január'!B$4=0, "", '[2]2026 január'!B$4 ) | BZ5: =IF(OR('[2]2026 január'!G4=0, ISBLANK('[2]2026 január'!G4)), "", '[2]2026 január'!G4 ) | CA5: ='[2]2026 január'!W4 -> 0 | CE5: =IF('[2]2026 január'!S4=0, "", '[2]2026 január'!S4 ) -> 143114 | CF5: =IF('[2]2026 január'!T4=0, "", '[2]2026 január'!T4 ) | CG5: =IF('[2]2026 január'!U4=0, "", '[2]2026 január'!U4 ) | CH5: =IF('[2]2026 január'!V4=0, "", '[2]2026 január'!V4 ) -> 40000 | CI5: =IF('[2]2026 január'!W4=0, "", '[2]2026 január'!W4 ) | CJ5: =IF('[2]2026 január'!X4=0, "", '[2]2026 január'!X4 ) | CK5: =IF('[2]2026 január'!Y4=0, "", '[2]2026 január'!Y4 ) -> 103114 | CL5: =IF('[2]2026 január'!Z4=0, "", '[2]2026 január'!Z4 ) | ... CP5: =IF('[2]2026 január'!AD4=0, "", '[2]2026 január'!AD4 ) | CQ5: =IF('[2]2026 január'!AE$4=0, "", '[2]2026 január'!AE$4 ) | CR5: =IF('[2]2026 január'!AF4=0, "", '[2]2026 január'!AF4 ) | CS5: =IF('[2]2026 január'!AG4=0, "", '[2]2026 január'!AG4 ) | CT5: =IF('[2]2026 január'!AH4=0, "", '[2]2026 január'!AH4 )
A6: 46026 | Q6: 46026 | AG6: 46026 | AU6: 45661 | AV6: 700 | AW6: 123630 | AY6: 2435 | BC6: 753 | BD6: 253073940 | BE6: 373104 | BI6: 46026 | BY6: =IF('[2]2026 január'!B$5=0, "", '[2]2026 január'!B$5 ) | BZ6: =IF(OR('[2]2026 január'!G5=0, ISBLANK('[2]2026 január'!G5)), "", '[2]2026 január'!G5 ) | CA6: ='[2]2026 január'!W5 -> 0 | CE6: =IF('[2]2026 január'!S5=0, "", '[2]2026 január'!S5 ) | CF6: =IF('[2]2026 január'!T5=0, "", '[2]2026 január'!T5 ) | CG6: =IF('[2]2026 január'!U5=0, "", '[2]2026 január'!U5 ) | CH6: =IF('[2]2026 január'!V5=0, "", '[2]2026 január'!V5 ) | CI6: =IF('[2]2026 január'!W5=0, "", '[2]2026 január'!W5 ) | CJ6: =IF('[2]2026 január'!X5=0, "", '[2]2026 január'!X5 ) | CK6: =IF('[2]2026 január'!Y5=0, "", '[2]2026 január'!Y5 ) | CL6: =IF('[2]2026 január'!Z5=0, "", '[2]2026 január'!Z5 ) | ... CP6: =IF('[2]2026 január'!AD5=0, "", '[2]2026 január'!AD5 ) | CQ6: =IF('[2]2026 január'!AE$5=0, "", '[2]2026 január'!AE$5 ) | CR6: =IF('[2]2026 január'!AF5=0, "", '[2]2026 január'!AF5 ) | CS6: =IF('[2]2026 január'!AG5=0, "", '[2]2026 január'!AG5 ) | CT6: =IF('[2]2026 január'!AH5=0, "", '[2]2026 január'!AH5 )
A7: 46027 | B7: 301355 | C7: 1200 | D7: 276328 | E7: 50 | H7: 277578 | I7: 277578 | J7: 1648 | K7: 428 | L7: 125380688 | Q7: 46027 | R7: 432480 | S7: 1550 | T7: 401645 | W7: 4225 | X7: 398970 | Y7: 398970 | Z7: -110 | AA7: 384 | AB7: 153394877 | AG7: 46027 | AH7: 433425 | AI7: 2800 | AJ7: 396078 | AN7: 398878 | AO7: 398878 | AP7: -1557 | AQ7: 1239 | AR7: 296884456 | AU7: 45662 | BI7: 46027 | BJ7: 174765 | BK7: 850 | BL7: 160925 | BP7: 161775 | BQ7: 161775 | BR7: 1850 | BS7: 990 | BT7: 166202988 | BY7: =IF('[2]2026 január'!B$6=0, "", '[2]2026 január'!B$6 ) -> 1342025 | BZ7: =IF(OR('[2]2026 január'!G6=0, ISBLANK('[2]2026 január'!G6)), "", '[2]2026 január'!G6 ) | CA7: ='[2]2026 január'!W6 -> 0 | CE7: =IF('[2]2026 január'!S6=0, "", '[2]2026 január'!S6 ) -> 103114 | CF7: =IF('[2]2026 január'!T6=0, "", '[2]2026 január'!T6 ) -> 104824 | CG7: =IF('[2]2026 január'!U6=0, "", '[2]2026 január'!U6 ) | CH7: =IF('[2]2026 január'!V6=0, "", '[2]2026 január'!V6 ) -> 14500 | CI7: =IF('[2]2026 január'!W6=0, "", '[2]2026 január'!W6 ) | CJ7: =IF('[2]2026 január'!X6=0, "", '[2]2026 január'!X6 ) | CK7: =IF('[2]2026 január'!Y6=0, "", '[2]2026 január'!Y6 ) -> 193438 | CL7: =IF('[2]2026 január'!Z6=0, "", '[2]2026 január'!Z6 ) | ... CP7: =IF('[2]2026 január'!AD6=0, "", '[2]2026 január'!AD6 ) | CQ7: =IF('[2]2026 január'!AE$6=0, "", '[2]2026 január'!AE$6 ) | CR7: =IF('[2]2026 január'!AF6=0, "", '[2]2026 január'!AF6 ) | CS7: =IF('[2]2026 január'!AG6=0, "", '[2]2026 január'!AG6 ) | CT7: =IF('[2]2026 január'!AH6=0, "", '[2]2026 január'!AH6 )
A8: 46028 | B8: 426795 | C8: 700 | D8: 388405 | H8: 389105 | I8: 389105 | J8: 1810 | K8: 429 | L8: 125769793 | Q8: 46028 | R8: 466820 | S8: 2600 | T8: 431856 | X8: 434456 | Y8: 434456 | Z8: 1006 | AA8: 385 | AB8: 153829333 | AG8: 46028 | AH8: 325960 | AI8: 1600 | AJ8: 302295 | AN8: 303895 | AO8: 303895 | AP8: 995 | AQ8: 1240 | AR8: 297188351 | AU8: 45663 | BB8: 334480 | BI8: 46028 | BJ8: 237295 | BK8: 600 | BL8: 221531 | BP8: 222131 | BQ8: 221011 | BR8: -1584 | BS8: 991 | BT8: 166425119 | BY8: =IF('[2]2026 január'!B$7=0, "", '[2]2026 január'!B$7 ) -> 1456870 | BZ8: =IF(OR('[2]2026 január'!G7=0, ISBLANK('[2]2026 január'!G7)), "", '[2]2026 január'!G7 ) | CA8: ='[2]2026 január'!W7 -> 0 | CE8: =IF('[2]2026 január'!S7=0, "", '[2]2026 január'!S7 ) -> 193438 | CF8: =IF('[2]2026 január'!T7=0, "", '[2]2026 január'!T7 ) -> 108403 | CG8: =IF('[2]2026 január'!U7=0, "", '[2]2026 január'!U7 ) | CH8: =IF('[2]2026 január'!V7=0, "", '[2]2026 január'!V7 ) -> 34500 | CI8: =IF('[2]2026 január'!W7=0, "", '[2]2026 január'!W7 ) | CJ8: =IF('[2]2026 január'!X7=0, "", '[2]2026 január'!X7 ) | CK8: =IF('[2]2026 január'!Y7=0, "", '[2]2026 január'!Y7 ) -> 267341 | CL8: =IF('[2]2026 január'!Z7=0, "", '[2]2026 január'!Z7 ) | ... CP8: =IF('[2]2026 január'!AD7=0, "", '[2]2026 január'!AD7 ) | CQ8: =IF('[2]2026 január'!AE$7=0, "", '[2]2026 január'!AE$7 ) | CR8: =IF('[2]2026 január'!AF7=0, "", '[2]2026 január'!AF7 ) | CS8: =IF('[2]2026 január'!AG7=0, "", '[2]2026 január'!AG7 ) | CT8: =IF('[2]2026 január'!AH7=0, "", '[2]2026 január'!AH7 )
A9: 46029 | B9: 362685 | C9: 550 | D9: 353505 | H9: 354055 | I9: 354055 | J9: 1465 | K9: 430 | L9: 126123848 | Q9: 46029 | R9: 619580 | S9: 3200 | T9: 564410 | X9: 567610 | Y9: 564310 | Z9: -125 | AA9: 386 | AB9: 154396943 | AG9: 46029 | AH9: 401285 | AI9: 1740 | AJ9: 381785 | AN9: 383525 | AO9: 383525 | AP9: 0 | AQ9: 1241 | AR9: 297571876 | BI9: 46029 | BJ9: 167730 | BK9: 500 | BL9: 165375 | BP9: 165875 | BQ9: 165875 | BR9: -200 | BS9: 992 | BT9: 166590994 | BY9: =IF('[2]2026 január'!B$8=0, "", '[2]2026 január'!B$8 ) -> 1551280 | BZ9: =IF(OR('[2]2026 január'!G8=0, ISBLANK('[2]2026 január'!G8)), "", '[2]2026 január'!G8 ) | CA9: ='[2]2026 január'!W8 -> 0 | CE9: =IF('[2]2026 január'!S8=0, "", '[2]2026 január'!S8 ) -> 267341 | CF9: =IF('[2]2026 január'!T8=0, "", '[2]2026 január'!T8 ) -> 83515 | CG9: =IF('[2]2026 január'!U8=0, "", '[2]2026 január'!U8 ) | CH9: =IF('[2]2026 január'!V8=0, "", '[2]2026 január'!V8 ) -> 167500 | CI9: =IF('[2]2026 január'!W8=0, "", '[2]2026 január'!W8 ) | CJ9: =IF('[2]2026 január'!X8=0, "", '[2]2026 január'!X8 ) | CK9: =IF('[2]2026 január'!Y8=0, "", '[2]2026 január'!Y8 ) -> 183356 | CL9: =IF('[2]2026 január'!Z8=0, "", '[2]2026 január'!Z8 ) | ... CP9: =IF('[2]2026 január'!AD8=0, "", '[2]2026 január'!AD8 ) | CQ9: =IF('[2]2026 január'!AE$8=0, "", '[2]2026 január'!AE$8 ) | CR9: =IF('[2]2026 január'!AF8=0, "", '[2]2026 január'!AF8 ) | CS9: =IF('[2]2026 január'!AG8=0, "", '[2]2026 január'!AG8 ) | CT9: =IF('[2]2026 január'!AH8=0, "", '[2]2026 január'!AH8 )
A10: 46030 | B10: 449045 | C10: 1000 | D10: 418293 | H10: 419293 | I10: 419293 | J10: 1548 | K10: 431 | L10: 126543141 | Q10: 46030 | R10: 599650 | S10: 2550 | T10: 556930 | X10: 559480 | Y10: 559480 | Z10: 140 | AA10: 387 | AB10: 154956423 | AG10: 46030 | AH10: 339615 | AI10: 1000 | AJ10: 312300 | AN10: 313300 | AO10: 313300 | AP10: -775 | AQ10: 1242 | AR10: 297885176 | BI10: 46030 | BJ10: 274035 | BK10: 1700 | BL10: 264665 | BP10: 266365 | BQ10: 266365 | BR10: -1045 | BS10: 993 | BT10: 166857359 | BY10: =IF('[2]2026 január'!B$9=0, "", '[2]2026 január'!B$9 ) -> 1662345 | BZ10: =IF(OR('[2]2026 január'!G9=0, ISBLANK('[2]2026 január'!G9)), "", '[2]2026 január'!G9 ) | CA10: ='[2]2026 január'!W9 -> 50000 | CE10: =IF('[2]2026 január'!S9=0, "", '[2]2026 január'!S9 ) -> 183356 | CF10: =IF('[2]2026 január'!T9=0, "", '[2]2026 január'!T9 ) -> 103907 | CG10: =IF('[2]2026 január'!U9=0, "", '[2]2026 január'!U9 ) | CH10: =IF('[2]2026 január'!V9=0, "", '[2]2026 január'!V9 ) -> 68000 | CI10: =IF('[2]2026 január'!W9=0, "", '[2]2026 január'!W9 ) -> 50000 | CJ10: =IF('[2]2026 január'!X9=0, "", '[2]2026 január'!X9 ) | CK10: =IF('[2]2026 január'!Y9=0, "", '[2]2026 január'!Y9 ) -> 169263 | CL10: =IF('[2]2026 január'!Z9=0, "", '[2]2026 január'!Z9 ) | ... CP10: =IF('[2]2026 január'!AD9=0, "", '[2]2026 január'!AD9 ) | CQ10: =IF('[2]2026 január'!AE$9=0, "", '[2]2026 január'!AE$9 ) | CR10: =IF('[2]2026 január'!AF9=0, "", '[2]2026 január'!AF9 ) | CS10: =IF('[2]2026 január'!AG9=0, "", '[2]2026 január'!AG9 ) | CT10: =IF('[2]2026 január'!AH9=0, "", '[2]2026 január'!AH9 )
A11: 46031 | B11: 398750 | C11: 900 | D11: 376820 | H11: 377720 | I11: 377720 | J11: 1740 | K11: 432 | L11: 126920861 | Q11: 46031 | R11: 583625 | S11: 3000 | T11: 547935 | X11: 550935 | Y11: 554235 | Z11: 480 | AA11: 388 | AB11: 155507358 | AG11: 46031 | AH11: 303390 | AI11: 1600 | AJ11: 285333 | AN11: 286933 | AO11: 286933 | AP11: -602 | AQ11: 1243 | AR11: 298172109 | BI11: 46031 | BJ11: 184070 | BK11: 950 | BL11: 171500 | BP11: 172450 | BQ11: 173570 | BR11: 1970 | BS11: 994 | BT11: 167029809 | BY11: =IF('[2]2026 január'!B$10=0, "", '[2]2026 január'!B$10 ) -> 1469835 | BZ11: =IF(OR('[2]2026 január'!G10=0, ISBLANK('[2]2026 január'!G10)), "", '[2]2026 január'!G10 ) | CA11: ='[2]2026 január'!W10 -> 0 | CE11: =IF('[2]2026 január'!S10=0, "", '[2]2026 január'!S10 ) -> 169263 | CF11: =IF('[2]2026 január'!T10=0, "", '[2]2026 január'!T10 ) -> 77377 | CG11: =IF('[2]2026 január'!U10=0, "", '[2]2026 január'!U10 ) | CH11: =IF('[2]2026 január'!V10=0, "", '[2]2026 január'!V10 ) -> 33000 | CI11: =IF('[2]2026 január'!W10=0, "", '[2]2026 január'!W10 ) | CJ11: =IF('[2]2026 január'!X10=0, "", '[2]2026 január'!X10 ) | CK11: =IF('[2]2026 január'!Y10=0, "", '[2]2026 január'!Y10 ) -> 213640 | CL11: =IF('[2]2026 január'!Z10=0, "", '[2]2026 január'!Z10 ) | ... CP11: =IF('[2]2026 január'!AD10=0, "", '[2]2026 január'!AD10 ) | CQ11: =IF('[2]2026 január'!AE$10=0, "", '[2]2026 január'!AE$10 ) | CR11: =IF('[2]2026 január'!AF10=0, "", '[2]2026 január'!AF10 ) | CS11: =IF('[2]2026 január'!AG10=0, "", '[2]2026 január'!AG10 ) | CT11: =IF('[2]2026 január'!AH10=0, "", '[2]2026 január'!AH10 )
A12: 46032 | B12: 398665 | C12: 650 | D12: 368303 | H12: 368953 | I12: 368953 | J12: 588 | K12: 433 | L12: 127289814 | Q12: 46032 | R12: 459755 | S12: 1705 | T12: 439270 | X12: 440975 | Y12: 440975 | Z12: -1145 | AA12: 389 | AB12: 155948333 | AG12: 46032 | AH12: 284235 | AI12: 1000 | AJ12: 273915 | AN12: 274915 | AO12: 274915 | AP12: -820 | AQ12: 1244 | AR12: 298447024 | BI12: 46032 | BJ12: 246665 | BK12: 1100 | BL12: 234385 | BP12: 235535 | BQ12: 235535 | BR12: -1965 | BS12: 995 | BT12: 167029809 | BY12: =IF('[2]2026 január'!B$11=0, "", '[2]2026 január'!B$11 ) -> 1389320 | BZ12: =IF(OR('[2]2026 január'!G11=0, ISBLANK('[2]2026 január'!G11)), "", '[2]2026 január'!G11 ) | CA12: ='[2]2026 január'!W11 -> 0 | CE12: =IF('[2]2026 január'!S11=0, "", '[2]2026 január'!S11 ) -> 213640 | CF12: =IF('[2]2026 január'!T11=0, "", '[2]2026 január'!T11 ) -> 68942 | CG12: =IF('[2]2026 január'!U11=0, "", '[2]2026 január'!U11 ) -> 100000 | CH12: =IF('[2]2026 január'!V11=0, "", '[2]2026 január'!V11 ) -> 110000 | CI12: =IF('[2]2026 január'!W11=0, "", '[2]2026 január'!W11 ) | CJ12: =IF('[2]2026 január'!X11=0, "", '[2]2026 január'!X11 ) | CK12: =IF('[2]2026 január'!Y11=0, "", '[2]2026 január'!Y11 ) -> 272582 | CL12: =IF('[2]2026 január'!Z11=0, "", '[2]2026 január'!Z11 ) | ... CP12: =IF('[2]2026 január'!AD11=0, "", '[2]2026 január'!AD11 ) | CQ12: =IF('[2]2026 január'!AE$11=0, "", '[2]2026 január'!AE$11 ) | CR12: =IF('[2]2026 január'!AF11=0, "", '[2]2026 január'!AF11 ) | CS12: =IF('[2]2026 január'!AG11=0, "", '[2]2026 január'!AG11 ) | CT12: =IF('[2]2026 január'!AH11=0, "", '[2]2026 január'!AH11 )
A13: 46033 | Q13: 46033 | AG13: 46033 | BI13: 46033 | BY13: =IF('[2]2026 január'!B$12=0, "", '[2]2026 január'!B$12 ) | BZ13: =IF(OR('[2]2026 január'!G12=0, ISBLANK('[2]2026 január'!G12)), "", '[2]2026 január'!G12 ) | CA13: ='[2]2026 január'!W12 -> 0 | CE13: =IF('[2]2026 január'!S12=0, "", '[2]2026 január'!S12 ) | CF13: =IF('[2]2026 január'!T12=0, "", '[2]2026 január'!T12 ) | CG13: =IF('[2]2026 január'!U12=0, "", '[2]2026 január'!U12 ) | CH13: =IF('[2]2026 január'!V12=0, "", '[2]2026 január'!V12 ) | CI13: =IF('[2]2026 január'!W12=0, "", '[2]2026 január'!W12 ) | CJ13: =IF('[2]2026 január'!X12=0, "", '[2]2026 január'!X12 ) | CK13: =IF('[2]2026 január'!Y12=0, "", '[2]2026 január'!Y12 ) | CL13: =IF('[2]2026 január'!Z12=0, "", '[2]2026 január'!Z12 ) | ... CP13: =IF('[2]2026 január'!AD12=0, "", '[2]2026 január'!AD12 ) | CQ13: =IF('[2]2026 január'!AE$12=0, "", '[2]2026 január'!AE$12 ) | CR13: =IF('[2]2026 január'!AF12=0, "", '[2]2026 január'!AF12 ) | CS13: =IF('[2]2026 január'!AG12=0, "", '[2]2026 január'!AG12 ) | CT13: =IF('[2]2026 január'!AH12=0, "", '[2]2026 január'!AH12 )
Q14: 46034 | S14: 0 | T14: 0 | X14: 0 | Y14: 0 | AA14: 390 | AB14: 155948333
A15: 46034 | B15: 394565 | C15: 550 | D15: 373110 | H15: 373660 | I15: 372253 | J15: -277 | K15: 434 | L15: 127663474 | Q15: 46034 | R15: 558870 | S15: 1900 | T15: 526970 | X15: 528870 | Y15: 528870 | Z15: -1155 | AA15: 391 | AB15: 156477203 | AG15: 46034 | AH15: 369810 | AI15: 1650 | AJ15: 350010 | AN15: 351660 | AO15: 351660 | AP15: 7050 | AQ15: 1245 | AR15: 298798684 | BI15: 46034 | BJ15: 178010 | BK15: 950 | BL15: 161135 | BP15: 162135 | BQ15: 160220 | BR15: -3345 | BS15: 996 | BT15: 167427479 | BY15: =IF('[2]2026 január'!B$13=0, "", '[2]2026 január'!B$13 ) -> 1501255 | BZ15: =IF(OR('[2]2026 január'!G13=0, ISBLANK('[2]2026 január'!G13)), "", '[2]2026 január'!G13 ) | CA15: ='[2]2026 január'!W13 -> 0 | CE15: =IF('[2]2026 január'!S13=0, "", '[2]2026 január'!S13 ) -> 272582 | CF15: =IF('[2]2026 január'!T13=0, "", '[2]2026 január'!T13 ) -> 88252 | CG15: =IF('[2]2026 január'!U13=0, "", '[2]2026 január'!U13 ) | CH15: =IF('[2]2026 január'!V13=0, "", '[2]2026 január'!V13 ) -> 60500 | CI15: =IF('[2]2026 január'!W13=0, "", '[2]2026 január'!W13 ) | CJ15: =IF('[2]2026 január'!X13=0, "", '[2]2026 január'!X13 ) | CK15: =IF('[2]2026 január'!Y13=0, "", '[2]2026 január'!Y13 ) -> 300334 | CL15: =IF('[2]2026 január'!Z13=0, "", '[2]2026 január'!Z13 ) | ... CP15: =IF('[2]2026 január'!AD13=0, "", '[2]2026 január'!AD13 ) | CQ15: =IF('[2]2026 január'!AE$13=0, "", '[2]2026 január'!AE$13 ) | CR15: =IF('[2]2026 január'!AF13=0, "", '[2]2026 január'!AF13 ) | CS15: =IF('[2]2026 január'!AG13=0, "", '[2]2026 január'!AG13 ) | CT15: =IF('[2]2026 január'!AH13=0, "", '[2]2026 január'!AH13 )
A16: 46035 | B16: 413175 | C16: 550 | D16: 384723 | H16: 385273 | I16: 386680 | J16: 2340 | K16: 435 | L16: 128048747 | Q16: 46035 | R16: 623695 | S16: 2950 | T16: 599985 | X16: 602935 | Y16: 602935 | Z16: 1205 | AA16: 392 | AB16: 157080138 | AG16: 46035 | AH16: 400220 | AI16: 1700 | AJ16: 381235 | AN16: 382935 | AO16: 382935 | AP16: 390 | AQ16: 1246 | AR16: 299181619 | BI16: 46035 | BJ16: 252225 | BK16: 950 | BL16: 240130 | BM16: 380 | BP16: 241460 | BQ16: 243375 | BR16: 610 | BS16: 997 | BT16: 167668939 | BY16: =IF('[2]2026 január'!B$14=0, "", '[2]2026 január'!B$14 ) -> 1689315 | BZ16: =IF(OR('[2]2026 január'!G14=0, ISBLANK('[2]2026 január'!G14)), "", '[2]2026 január'!G14 ) | CA16: ='[2]2026 január'!W14 -> 0 | CE16: =IF('[2]2026 január'!S14=0, "", '[2]2026 január'!S14 ) -> 300334 | CF16: =IF('[2]2026 január'!T14=0, "", '[2]2026 január'!T14 ) -> 73390 | CG16: =IF('[2]2026 január'!U14=0, "", '[2]2026 január'!U14 ) | CH16: =IF('[2]2026 január'!V14=0, "", '[2]2026 január'!V14 ) -> 54500 | CI16: =IF('[2]2026 január'!W14=0, "", '[2]2026 január'!W14 ) | CJ16: =IF('[2]2026 január'!X14=0, "", '[2]2026 január'!X14 ) | CK16: =IF('[2]2026 január'!Y14=0, "", '[2]2026 január'!Y14 ) -> 319224 | CL16: =IF('[2]2026 január'!Z14=0, "", '[2]2026 január'!Z14 ) | ... CP16: =IF('[2]2026 január'!AD14=0, "", '[2]2026 január'!AD14 ) | CQ16: =IF('[2]2026 január'!AE$14=0, "", '[2]2026 január'!AE$14 ) | CR16: =IF('[2]2026 január'!AF14=0, "", '[2]2026 január'!AF14 ) | CS16: =IF('[2]2026 január'!AG14=0, "", '[2]2026 január'!AG14 ) | CT16: =IF('[2]2026 január'!AH14=0, "", '[2]2026 január'!AH14 )
A17: 46036 | B17: 492795 | C17: 1150 | D17: 459990 | H17: 461140 | I17: 461140 | J17: 1310 | K17: 436 | L17: 128509887 | Q17: 46036 | R17: 558560 | S17: 2350 | T17: 514315 | X17: 516665 | Y17: 516665 | Z17: -2675 | AA17: 393 | AB17: 157596803 | AG17: 46036 | AH17: 390510 | AI17: 1650 | AJ17: 377690 | AN17: 379340 | AO17: 379340 | AP17: 1195 | AQ17: 1247 | AR17: 299560959 | BI17: 46036 | BJ17: 267365 | BK17: 1650 | BL17: 258515 | BP17: 260165 | BQ17: 260165 | BR17: -1135 | BS17: 998 | BT17: 167929104 | BY17: =IF('[2]2026 január'!B$15=0, "", '[2]2026 január'!B$15 ) -> 1709230 | BZ17: =IF(OR('[2]2026 január'!G15=0, ISBLANK('[2]2026 január'!G15)), "", '[2]2026 január'!G15 ) | CA17: ='[2]2026 január'!W15 -> 0 | CE17: =IF('[2]2026 január'!S15=0, "", '[2]2026 január'!S15 ) -> 319224 | CF17: =IF('[2]2026 január'!T15=0, "", '[2]2026 január'!T15 ) -> 91920 | CG17: =IF('[2]2026 január'!U15=0, "", '[2]2026 január'!U15 ) | CH17: =IF('[2]2026 január'!V15=0, "", '[2]2026 január'!V15 ) -> 22500 | CI17: =IF('[2]2026 január'!W15=0, "", '[2]2026 január'!W15 ) | CJ17: =IF('[2]2026 január'!X15=0, "", '[2]2026 január'!X15 ) | CK17: =IF('[2]2026 január'!Y15=0, "", '[2]2026 január'!Y15 ) -> 388644 | CL17: =IF('[2]2026 január'!Z15=0, "", '[2]2026 január'!Z15 ) | ... CP17: =IF('[2]2026 január'!AD15=0, "", '[2]2026 január'!AD15 ) | CQ17: =IF('[2]2026 január'!AE$15=0, "", '[2]2026 január'!AE$15 ) | CR17: =IF('[2]2026 január'!AF15=0, "", '[2]2026 január'!AF15 ) | CS17: =IF('[2]2026 január'!AG15=0, "", '[2]2026 január'!AG15 ) | CT17: =IF('[2]2026 január'!AH15=0, "", '[2]2026 január'!AH15 )
A18: 46037 | B18: 506640 | C18: 800 | D18: 471890 | H18: 472690 | I18: 472690 | J18: 1050 | K18: 437 | L18: 128982577 | Q18: 46037 | R18: 593185 | S18: 2900 | T18: 569828 | X18: 572728 | Y18: 572728 | Z18: -1172 | AA18: 394 | AB18: 158169531 | AG18: 46037 | AH18: 383700 | AI18: 1650 | AJ18: 360855 | AN18: 362505 | AO18: 362505 | AP18: -580 | AQ18: 1248 | AR18: 299923464 | BI18: 46037 | BJ18: 203395 | BK18: 1050 | BL18: 193068 | BP18: 194118 | BQ18: 194118 | BR18: -7 | BS18: 999 | BT18: 168123222 | BY18: =IF('[2]2026 január'!B$16=0, "", '[2]2026 január'!B$16 ) -> 1686920 | BZ18: =IF(OR('[2]2026 január'!G16=0, ISBLANK('[2]2026 január'!G16)), "", '[2]2026 január'!G16 ) | CA18: ='[2]2026 január'!W16 -> 0 | CE18: =IF('[2]2026 január'!S16=0, "", '[2]2026 január'!S16 ) -> 388644 | CF18: =IF('[2]2026 január'!T16=0, "", '[2]2026 január'!T16 ) -> 84879 | CG18: =IF('[2]2026 január'!U16=0, "", '[2]2026 január'!U16 ) | CH18: =IF('[2]2026 január'!V16=0, "", '[2]2026 január'!V16 ) -> 128500 | CI18: =IF('[2]2026 január'!W16=0, "", '[2]2026 január'!W16 ) | CJ18: =IF('[2]2026 január'!X16=0, "", '[2]2026 január'!X16 ) | CK18: =IF('[2]2026 január'!Y16=0, "", '[2]2026 január'!Y16 ) -> 345023 | CL18: =IF('[2]2026 január'!Z16=0, "", '[2]2026 január'!Z16 ) | ... CP18: =IF('[2]2026 január'!AD16=0, "", '[2]2026 január'!AD16 ) | CQ18: =IF('[2]2026 január'!AE$16=0, "", '[2]2026 január'!AE$16 ) | CR18: =IF('[2]2026 január'!AF16=0, "", '[2]2026 január'!AF16 ) | CS18: =IF('[2]2026 január'!AG16=0, "", '[2]2026 január'!AG16 ) | CT18: =IF('[2]2026 január'!AH16=0, "", '[2]2026 január'!AH16 )
A19: 46038 | B19: 425305 | C19: 600 | D19: 396425 | H19: 397025 | I19: 397025 | J19: 925 | K19: 438 | L19: 129379602 | Q19: 46038 | R19: 529675 | S19: 2550 | T19: 497855 | X19: 500405 | Y19: 500405 | Z19: 1160 | AA19: 395 | AB19: 158669936 | AG19: 46038 | AH19: 302895 | AI19: 1500 | AJ19: 286605 | AN19: 288105 | AO19: 288105 | AP19: 2595 | AQ19: 1249 | AR19: 300211569 | BI19: 46038 | BJ19: 180045 | BK19: 700 | BL19: 173835 | BP19: 174535 | BQ19: 174535 | BR19: 2260 | BS19: 1000 | BT19: 168297757 | BY19: =IF('[2]2026 január'!B$17=0, "", '[2]2026 január'!B$17 ) -> 1437920 | BZ19: =IF(OR('[2]2026 január'!G17=0, ISBLANK('[2]2026 január'!G17)), "", '[2]2026 január'!G17 ) | CA19: ='[2]2026 január'!W17 -> 0 | CE19: =IF('[2]2026 január'!S17=0, "", '[2]2026 január'!S17 ) -> 345023 | CF19: =IF('[2]2026 január'!T17=0, "", '[2]2026 január'!T17 ) -> 77850 | CG19: =IF('[2]2026 január'!U17=0, "", '[2]2026 január'!U17 ) | CH19: =IF('[2]2026 január'!V17=0, "", '[2]2026 január'!V17 ) -> 359500 | CI19: =IF('[2]2026 január'!W17=0, "", '[2]2026 január'!W17 ) | CJ19: =IF('[2]2026 január'!X17=0, "", '[2]2026 január'!X17 ) | CK19: =IF('[2]2026 január'!Y17=0, "", '[2]2026 január'!Y17 ) -> 63373 | CL19: =IF('[2]2026 január'!Z17=0, "", '[2]2026 január'!Z17 ) | ... CP19: =IF('[2]2026 január'!AD17=0, "", '[2]2026 január'!AD17 ) | CQ19: =IF('[2]2026 január'!AE$17=0, "", '[2]2026 január'!AE$17 ) | CR19: =IF('[2]2026 január'!AF17=0, "", '[2]2026 január'!AF17 ) | CS19: =IF('[2]2026 január'!AG17=0, "", '[2]2026 január'!AG17 ) | CT19: =IF('[2]2026 január'!AH17=0, "", '[2]2026 január'!AH17 )
A20: 46039 | Q20: 46039 | AG20: 46039 | BI20: 46039 | BY20: =IF('[2]2026 január'!B$18=0, "", '[2]2026 január'!B$18 ) | BZ20: =IF(OR('[2]2026 január'!G18=0, ISBLANK('[2]2026 január'!G18)), "", '[2]2026 január'!G18 ) | CA20: ='[2]2026 január'!W18 -> 0 | CE20: =IF('[2]2026 január'!S18=0, "", '[2]2026 január'!S18 ) | CF20: =IF('[2]2026 január'!T18=0, "", '[2]2026 január'!T18 ) | CG20: =IF('[2]2026 január'!U18=0, "", '[2]2026 január'!U18 ) | CH20: =IF('[2]2026 január'!V18=0, "", '[2]2026 január'!V18 ) | CI20: =IF('[2]2026 január'!W18=0, "", '[2]2026 január'!W18 ) | CJ20: =IF('[2]2026 január'!X18=0, "", '[2]2026 január'!X18 ) | CK20: =IF('[2]2026 január'!Y18=0, "", '[2]2026 január'!Y18 ) | CL20: =IF('[2]2026 január'!Z18=0, "", '[2]2026 január'!Z18 ) | ... CP20: =IF('[2]2026 január'!AD18=0, "", '[2]2026 január'!AD18 ) | CQ20: =IF('[2]2026 január'!AE$18=0, "", '[2]2026 január'!AE$18 ) | CR20: =IF('[2]2026 január'!AF18=0, "", '[2]2026 január'!AF18 ) | CS20: =IF('[2]2026 január'!AG18=0, "", '[2]2026 január'!AG18 ) | CT20: =IF('[2]2026 január'!AH18=0, "", '[2]2026 január'!AH18 )
A21: 46040 | Q21: 46040 | AG21: 46040 | BI21: 46040 | BY21: =IF('[2]2026 január'!B$19=0, "", '[2]2026 január'!B$19 ) | BZ21: =IF(OR('[2]2026 január'!G19=0, ISBLANK('[2]2026 január'!G19)), "", '[2]2026 január'!G19 ) | CA21: ='[2]2026 január'!W19 -> 0 | CE21: =IF('[2]2026 január'!S19=0, "", '[2]2026 január'!S19 ) | CF21: =IF('[2]2026 január'!T19=0, "", '[2]2026 január'!T19 ) | CG21: =IF('[2]2026 január'!U19=0, "", '[2]2026 január'!U19 ) | CH21: =IF('[2]2026 január'!V19=0, "", '[2]2026 január'!V19 ) | CI21: =IF('[2]2026 január'!W19=0, "", '[2]2026 január'!W19 ) | CJ21: =IF('[2]2026 január'!X19=0, "", '[2]2026 január'!X19 ) | CK21: =IF('[2]2026 január'!Y19=0, "", '[2]2026 január'!Y19 ) | CL21: =IF('[2]2026 január'!Z19=0, "", '[2]2026 január'!Z19 ) | ... CP21: =IF('[2]2026 január'!AD19=0, "", '[2]2026 január'!AD19 ) | CQ21: =IF('[2]2026 január'!AE$19=0, "", '[2]2026 január'!AE$19 ) | CR21: =IF('[2]2026 január'!AF19=0, "", '[2]2026 január'!AF19 ) | CS21: =IF('[2]2026 január'!AG19=0, "", '[2]2026 január'!AG19 ) | CT21: =IF('[2]2026 január'!AH19=0, "", '[2]2026 január'!AH19 )
A22: 46041 | B22: 443395 | C22: 800 | D22: 419486 | H22: 420286 | I22: 420286 | J22: 1026 | K22: 439 | L22: 129799888 | Q22: 46041 | R22: 551135 | S22: 2850 | T22: 504778 | X22: 507628 | Y22: 507628 | Z22: -2007 | AA22: 396 | AB22: 159177564 | AG22: 46041 | AH22: 319405 | AI22: 800 | AJ22: 303310 | AN22: 304110 | AO22: 304110 | AP22: 165 | AQ22: 1250 | AR22: 300515679 | BI22: 46041 | BJ22: 192505 | BK22: 950 | BL22: 185135 | BP22: 186085 | BQ22: 186085 | BR22: -1130 | BS22: 1001 | BT22: 168493842 | BY22: =IF('[2]2026 január'!B$20=0, "", '[2]2026 január'!B$20 ) -> 1506440 | BZ22: =IF(OR('[2]2026 január'!G20=0, ISBLANK('[2]2026 január'!G20)), "", '[2]2026 január'!G20 ) | CA22: ='[2]2026 január'!W20 -> 0 | CE22: =IF('[2]2026 január'!S20=0, "", '[2]2026 január'!S20 ) -> 63373 | CF22: =IF('[2]2026 január'!T20=0, "", '[2]2026 január'!T20 ) -> 88331 | CG22: =IF('[2]2026 január'!U20=0, "", '[2]2026 január'!U20 ) | CH22: =IF('[2]2026 január'!V20=0, "", '[2]2026 január'!V20 ) -> 34000 | CI22: =IF('[2]2026 január'!W20=0, "", '[2]2026 január'!W20 ) | CJ22: =IF('[2]2026 január'!X20=0, "", '[2]2026 január'!X20 ) | CK22: =IF('[2]2026 január'!Y20=0, "", '[2]2026 január'!Y20 ) -> 117704 | CL22: =IF('[2]2026 január'!Z20=0, "", '[2]2026 január'!Z20 ) | ... CP22: =IF('[2]2026 január'!AD20=0, "", '[2]2026 január'!AD20 ) | CQ22: =IF('[2]2026 január'!AE$20=0, "", '[2]2026 január'!AE$20 ) | CR22: =IF('[2]2026 január'!AF20=0, "", '[2]2026 január'!AF20 ) | CS22: =IF('[2]2026 január'!AG20=0, "", '[2]2026 január'!AG20 ) | CT22: =IF('[2]2026 január'!AH20=0, "", '[2]2026 január'!AH20 )
A23: 46042 | B23: 506330 | C23: 500 | D23: 468010 | H23: 468510 | I23: 468510 | J23: 70 | K23: 440 | L23: 130268398 | Q23: 46042 | R23: 687335 | S23: 3100 | T23: 655371 | X23: 658471 | Y23: 658471 | Z23: -949 | AA23: 397 | AB23: 159836035 | AG23: 46042 | AH23: 384740 | AI23: 1450 | AJ23: 349850 | AN23: 351300 | AO23: 351300 | AP23: -630 | AQ23: 1251 | AR23: 300866979 | BI23: 46042 | BJ23: 235835 | BK23: 1050 | BL23: 226595 | BP23: 227645 | BQ23: 227645 | BR23: 400 | BS23: 1002 | BT23: 168711487 | BY23: =IF('[2]2026 január'!B$21=0, "", '[2]2026 január'!B$21 ) -> 1814240 | BZ23: =IF(OR('[2]2026 január'!G21=0, ISBLANK('[2]2026 január'!G21)), "", '[2]2026 január'!G21 ) | CA23: ='[2]2026 január'!W21 -> 0 | CE23: =IF('[2]2026 január'!S21=0, "", '[2]2026 január'!S21 ) -> 117704 | CF23: =IF('[2]2026 január'!T21=0, "", '[2]2026 január'!T21 ) -> 108314 | CG23: =IF('[2]2026 január'!U21=0, "", '[2]2026 január'!U21 ) | CH23: =IF('[2]2026 január'!V21=0, "", '[2]2026 január'!V21 ) -> 36500 | CI23: =IF('[2]2026 január'!W21=0, "", '[2]2026 január'!W21 ) | CJ23: =IF('[2]2026 január'!X21=0, "", '[2]2026 január'!X21 ) | CK23: =IF('[2]2026 január'!Y21=0, "", '[2]2026 január'!Y21 ) -> 189518 | CL23: =IF('[2]2026 január'!Z21=0, "", '[2]2026 január'!Z21 ) | ... CP23: =IF('[2]2026 január'!AD21=0, "", '[2]2026 január'!AD21 ) | CQ23: =IF('[2]2026 január'!AE$21=0, "", '[2]2026 január'!AE$21 ) | CR23: =IF('[2]2026 január'!AF21=0, "", '[2]2026 január'!AF21 ) | CS23: =IF('[2]2026 január'!AG21=0, "", '[2]2026 január'!AG21 ) | CT23: =IF('[2]2026 január'!AH21=0, "", '[2]2026 január'!AH21 )
A24: 46043 | B24: 524005 | C24: 700 | D24: 501635 | E24: 100 | H24: 502435 | I24: 502435 | J24: 1430 | K24: 441 | L24: 130770833 | Q24: 46043 | R24: 725460 | S24: 3320 | T24: 679971 | X24: 683291 | Y24: 683291 | Z24: -1099 | AA24: 398 | AB24: 160519326 | AG24: 46043 | AH24: 436590 | AI24: 2100 | AJ24: 394290 | AN24: 396390 | AO24: 396390 | AP24: -2200 | AQ24: 1252 | AR24: 301263369 | BI24: 46043 | BJ24: 221235 | BK24: 1000 | BL24: 218719 | BP24: 219719 | BQ24: 219719 | BR24: -956 | BS24: 1003 | BT24: 168931206 | BY24: =IF('[2]2026 január'!B$22=0, "", '[2]2026 január'!B$22 ) -> 1907290 | BZ24: =IF(OR('[2]2026 január'!G22=0, ISBLANK('[2]2026 január'!G22)), "", '[2]2026 január'!G22 ) | CA24: ='[2]2026 január'!W22 -> 0 | CE24: =IF('[2]2026 január'!S22=0, "", '[2]2026 január'!S22 ) -> 189518 | CF24: =IF('[2]2026 január'!T22=0, "", '[2]2026 január'!T22 ) -> 105455 | CG24: =IF('[2]2026 január'!U22=0, "", '[2]2026 január'!U22 ) | CH24: =IF('[2]2026 január'!V22=0, "", '[2]2026 január'!V22 ) -> 27600 | CI24: =IF('[2]2026 január'!W22=0, "", '[2]2026 január'!W22 ) | CJ24: =IF('[2]2026 január'!X22=0, "", '[2]2026 január'!X22 ) | CK24: =IF('[2]2026 január'!Y22=0, "", '[2]2026 január'!Y22 ) -> 267373 | CL24: =IF('[2]2026 január'!Z22=0, "", '[2]2026 január'!Z22 ) | ... CP24: =IF('[2]2026 január'!AD22=0, "", '[2]2026 január'!AD22 ) | CQ24: =IF('[2]2026 január'!AE$22=0, "", '[2]2026 január'!AE$22 ) | CR24: =IF('[2]2026 január'!AF22=0, "", '[2]2026 január'!AF22 ) | CS24: =IF('[2]2026 január'!AG22=0, "", '[2]2026 január'!AG22 ) | CT24: =IF('[2]2026 január'!AH22=0, "", '[2]2026 január'!AH22 )
A25: 46044 | B25: 480720 | C25: 900 | D25: 435150 | H25: 436050 | I25: 436050 | J25: 2105 | K25: 442 | L25: 131206883 | Q25: 46044 | R25: 660910 | S25: 3650 | T25: 612194 | X25: 615844 | Y25: 615844 | Z25: -151 | AA25: 399 | AB25: 161135170 | AG25: 46044 | AH25: 429155 | AI25: 1900 | AJ25: 388891 | AL25: 50 | AN25: 390841 | AO25: 390841 | AP25: 2436 | AQ25: 1253 | AR25: 301654210 | BI25: 46044 | BJ25: 204505 | BK25: 750 | BL25: 196350 | BP25: 197100 | BQ25: 197100 | BR25: 95 | BS25: 1004 | BT25: 169128306 | BY25: =IF('[2]2026 január'!B$23=0, "", '[2]2026 január'!B$23 ) -> 1775290 | BZ25: =IF(OR('[2]2026 január'!G23=0, ISBLANK('[2]2026 január'!G23)), "", '[2]2026 január'!G23 ) | CA25: ='[2]2026 január'!W23 -> 0 | CE25: =IF('[2]2026 január'!S23=0, "", '[2]2026 január'!S23 ) -> 267373 | CF25: =IF('[2]2026 január'!T23=0, "", '[2]2026 január'!T23 ) -> 135455 | CG25: =IF('[2]2026 január'!U23=0, "", '[2]2026 január'!U23 ) | CH25: =IF('[2]2026 január'!V23=0, "", '[2]2026 január'!V23 ) -> 39500 | CI25: =IF('[2]2026 január'!W23=0, "", '[2]2026 január'!W23 ) | CJ25: =IF('[2]2026 január'!X23=0, "", '[2]2026 január'!X23 ) | CK25: =IF('[2]2026 január'!Y23=0, "", '[2]2026 január'!Y23 ) -> 363328 | CL25: =IF('[2]2026 január'!Z23=0, "", '[2]2026 január'!Z23 ) | ... CP25: =IF('[2]2026 január'!AD23=0, "", '[2]2026 január'!AD23 ) | CQ25: =IF('[2]2026 január'!AE$23=0, "", '[2]2026 január'!AE$23 ) | CR25: =IF('[2]2026 január'!AF23=0, "", '[2]2026 január'!AF23 ) | CS25: =IF('[2]2026 január'!AG23=0, "", '[2]2026 január'!AG23 ) | CT25: =IF('[2]2026 január'!AH23=0, "", '[2]2026 január'!AH23 )
A26: 46045 | B26: 419985 | C26: 1400 | D26: 383825 | H26: 385275 | I26: 385275 | J26: 1695 | K26: 443 | L26: 131592158 | Q26: 46045 | R26: 495970 | S26: 1900 | T26: 439255 | X26: 441155 | Y26: 441155 | Z26: 1185 | AA26: 400 | AB26: 161576325 | AG26: 46045 | AH26: 302405 | AI26: 1350 | AJ26: 267751 | AN26: 269101 | AO26: 282100 | AP26: 1105 | AQ26: 1254 | AR26: 301923311 | BI26: 46045 | BJ26: 186780 | BK26: 1150 | BL26: 167775 | BP26: 168925 | BQ26: 168925 | BR26: -385 | BS26: 1005 | BT26: 169297231 | BY26: =IF('[2]2026 január'!B$24=0, "", '[2]2026 január'!B$24 ) -> 1405140 | BZ26: =IF(OR('[2]2026 január'!G24=0, ISBLANK('[2]2026 január'!G24)), "", '[2]2026 január'!G24 ) | CA26: ='[2]2026 január'!W24 -> 0 | CE26: =IF('[2]2026 január'!S24=0, "", '[2]2026 január'!S24 ) -> 363328 | CF26: =IF('[2]2026 január'!T24=0, "", '[2]2026 január'!T24 ) -> 127685 | CG26: =IF('[2]2026 január'!U24=0, "", '[2]2026 január'!U24 ) | CH26: =IF('[2]2026 január'!V24=0, "", '[2]2026 január'!V24 ) -> 158000 | CI26: =IF('[2]2026 január'!W24=0, "", '[2]2026 január'!W24 ) | CJ26: =IF('[2]2026 január'!X24=0, "", '[2]2026 január'!X24 ) | CK26: =IF('[2]2026 január'!Y24=0, "", '[2]2026 január'!Y24 ) -> 333013 | CL26: =IF('[2]2026 január'!Z24=0, "", '[2]2026 január'!Z24 ) | ... CP26: =IF('[2]2026 január'!AD24=0, "", '[2]2026 január'!AD24 ) | CQ26: =IF('[2]2026 január'!AE$24=0, "", '[2]2026 január'!AE$24 ) | CR26: =IF('[2]2026 január'!AF24=0, "", '[2]2026 január'!AF24 ) | CS26: =IF('[2]2026 január'!AG24=0, "", '[2]2026 január'!AG24 ) | CT26: =IF('[2]2026 január'!AH24=0, "", '[2]2026 január'!AH24 )
A27: 46046 | Q27: 46046 | AG27: 46046 | BI27: 46046 | BY27: =IF('[2]2026 január'!B$25=0, "", '[2]2026 január'!B$25 ) | BZ27: =IF(OR('[2]2026 január'!G25=0, ISBLANK('[2]2026 január'!G25)), "", '[2]2026 január'!G25 ) | CA27: ='[2]2026 január'!W25 -> 0 | CE27: =IF('[2]2026 január'!S25=0, "", '[2]2026 január'!S25 ) | CF27: =IF('[2]2026 január'!T25=0, "", '[2]2026 január'!T25 ) | CG27: =IF('[2]2026 január'!U25=0, "", '[2]2026 január'!U25 ) | CH27: =IF('[2]2026 január'!V25=0, "", '[2]2026 január'!V25 ) | CI27: =IF('[2]2026 január'!W25=0, "", '[2]2026 január'!W25 ) | CJ27: =IF('[2]2026 január'!X25=0, "", '[2]2026 január'!X25 ) | CK27: =IF('[2]2026 január'!Y25=0, "", '[2]2026 január'!Y25 ) | CL27: =IF('[2]2026 január'!Z25=0, "", '[2]2026 január'!Z25 ) | ... CP27: =IF('[2]2026 január'!AD25=0, "", '[2]2026 január'!AD25 ) | CQ27: =IF('[2]2026 január'!AE$25=0, "", '[2]2026 január'!AE$25 ) | CR27: =IF('[2]2026 január'!AF25=0, "", '[2]2026 január'!AF25 ) | CS27: =IF('[2]2026 január'!AG25=0, "", '[2]2026 január'!AG25 ) | CT27: =IF('[2]2026 január'!AH25=0, "", '[2]2026 január'!AH25 )
A28: 46047 | Q28: 46047 | AG28: 46047 | BI28: 46047 | BY28: =IF('[2]2026 január'!B$26=0, "", '[2]2026 január'!B$26 ) | BZ28: =IF(OR('[2]2026 január'!G26=0, ISBLANK('[2]2026 január'!G26)), "", '[2]2026 január'!G26 ) | CA28: ='[2]2026 január'!W26 -> 0 | CE28: =IF('[2]2026 január'!S26=0, "", '[2]2026 január'!S26 ) | CF28: =IF('[2]2026 január'!T26=0, "", '[2]2026 január'!T26 ) | CG28: =IF('[2]2026 január'!U26=0, "", '[2]2026 január'!U26 ) | CH28: =IF('[2]2026 január'!V26=0, "", '[2]2026 január'!V26 ) | CI28: =IF('[2]2026 január'!W26=0, "", '[2]2026 január'!W26 ) | CJ28: =IF('[2]2026 január'!X26=0, "", '[2]2026 január'!X26 ) | CK28: =IF('[2]2026 január'!Y26=0, "", '[2]2026 január'!Y26 ) | CL28: =IF('[2]2026 január'!Z26=0, "", '[2]2026 január'!Z26 ) | ... CP28: =IF('[2]2026 január'!AD26=0, "", '[2]2026 január'!AD26 ) | CQ28: =IF('[2]2026 január'!AE$26=0, "", '[2]2026 január'!AE$26 ) | CR28: =IF('[2]2026 január'!AF26=0, "", '[2]2026 január'!AF26 ) | CS28: =IF('[2]2026 január'!AG26=0, "", '[2]2026 január'!AG26 ) | CT28: =IF('[2]2026 január'!AH26=0, "", '[2]2026 január'!AH26 )
A29: 46048 | B29: 394475 | C29: 1100 | D29: 368395 | H29: 369495 | I29: 369495 | J29: 2220 | K29: 444 | L29: 131961653 | Q29: 46048 | R29: 577145 | S29: 3450 | T29: 529868 | X29: 533318 | Y29: 533318 | Z29: 1273 | AA29: 401 | AB29: 162109643 | AG29: 46048 | AH29: 326360 | AI29: 1500 | AJ29: 315929 | AN29: 317429 | AO29: 317429 | AP29: 260 | AQ29: 1255 | AR29: 302240740 | BI29: 46048 | BJ29: 296955 | BK29: 1430 | BL29: 268875 | BP29: 270305 | BQ29: 270305 | BR29: -2760 | BS29: 1006 | BT29: 169567536 | BY29: =IF('[2]2026 január'!B$27=0, "", '[2]2026 január'!B$27 ) -> 1594935 | BZ29: =IF(OR('[2]2026 január'!G27=0, ISBLANK('[2]2026 január'!G27)), "", '[2]2026 január'!G27 ) | CA29: ='[2]2026 január'!W27 -> 0 | CE29: =IF('[2]2026 január'!S27=0, "", '[2]2026 január'!S27 ) -> 333013 | CF29: =IF('[2]2026 január'!T27=0, "", '[2]2026 január'!T27 ) -> 117387 | CG29: =IF('[2]2026 január'!U27=0, "", '[2]2026 január'!U27 ) | CH29: =IF('[2]2026 január'!V27=0, "", '[2]2026 január'!V27 ) -> 14500 | CI29: =IF('[2]2026 január'!W27=0, "", '[2]2026 január'!W27 ) | CJ29: =IF('[2]2026 január'!X27=0, "", '[2]2026 január'!X27 ) | CK29: =IF('[2]2026 január'!Y27=0, "", '[2]2026 január'!Y27 ) -> 435900 | CL29: =IF('[2]2026 január'!Z27=0, "", '[2]2026 január'!Z27 ) | ... CP29: =IF('[2]2026 január'!AD27=0, "", '[2]2026 január'!AD27 ) | CQ29: =IF('[2]2026 január'!AE$27=0, "", '[2]2026 január'!AE$27 ) | CR29: =IF('[2]2026 január'!AF27=0, "", '[2]2026 január'!AF27 ) | CS29: =IF('[2]2026 január'!AG27=0, "", '[2]2026 január'!AG27 ) | CT29: =IF('[2]2026 január'!AH27=0, "", '[2]2026 január'!AH27 )
A30: 46049 | B30: 532645 | C30: 1500 | D30: 498978 | H30: 500478 | I30: 500478 | J30: 1883 | K30: 445 | L30: 132462131 | Q30: 46049 | R30: 636105 | S30: 3000 | T30: 603125 | X30: 606125 | Y30: 606125 | Z30: -1140 | AA30: 402 | AB30: 162715768 | AG30: 46049 | AH30: 408575 | AI30: 1850 | AJ30: 386675 | AN30: 388525 | AO30: 388525 | AP30: 1290 | AQ30: 1256 | AR30: 302629265 | BI30: 46049 | BJ30: 223085 | BK30: 1050 | BL30: 210865 | BP30: 211915 | BQ30: 211915 | BR30: 1830 | BS30: 1007 | BT30: 169779451 | BY30: 1800410 | BZ30: =IF(OR('[2]2026 január'!G28=0, ISBLANK('[2]2026 január'!G28)), "", '[2]2026 január'!G28 ) | CA30: ='[2]2026 január'!W28 -> 0 | CE30: =IF('[2]2026 január'!S28=0, "", '[2]2026 január'!S28 ) -> 435900 | CF30: =IF('[2]2026 január'!T28=0, "", '[2]2026 január'!T28 ) -> 93367 | CG30: =IF('[2]2026 január'!U28=0, "", '[2]2026 január'!U28 ) | CH30: =IF('[2]2026 január'!V28=0, "", '[2]2026 január'!V28 ) -> 34500 | CI30: =IF('[2]2026 január'!W28=0, "", '[2]2026 január'!W28 ) | CJ30: =IF('[2]2026 január'!X28=0, "", '[2]2026 január'!X28 ) | CK30: =IF('[2]2026 január'!Y28=0, "", '[2]2026 január'!Y28 ) -> 494767 | CL30: =IF('[2]2026 január'!Z28=0, "", '[2]2026 január'!Z28 ) | ... CP30: =IF('[2]2026 január'!AD28=0, "", '[2]2026 január'!AD28 ) | CQ30: =IF('[2]2026 január'!AE$28=0, "", '[2]2026 január'!AE$28 ) | CR30: =IF('[2]2026 január'!AF28=0, "", '[2]2026 január'!AF28 ) | CS30: =IF('[2]2026 január'!AG28=0, "", '[2]2026 január'!AG28 ) | CT30: =IF('[2]2026 január'!AH28=0, "", '[2]2026 január'!AH28 )
A31: 46050 | B31: 415645 | C31: 1550 | D31: 382745 | G31: 7190 | H31: 377105 | I31: 377105 | J31: 1830 | K31: 446 | L31: 132846426 | N31: 7190 | Q31: 46050 | R31: 641270 | S31: 3450 | T31: 579261 | X31: 582711 | Y31: 582711 | Z31: 811 | AA31: 403 | AB31: 163298479 | AG31: 46050 | AH31: 380875 | AI31: 1650 | AJ31: 356048 | AN31: 357698 | AO31: 357698 | AP31: 523 | AQ31: 1257 | AR31: 302986963 | BI31: 46050 | BJ31: 245165 | BK31: 1150 | BL31: 233373 | BP31: 234071 | BQ31: 234523 | BR31: -3214 | BS31: 1008 | BT31: 170013974 | BY31: =IF('[2]2026 január'!B$29=0, "", '[2]2026 január'!B$29 ) -> 1682955 | BZ31: =IF(OR('[2]2026 január'!G29=0, ISBLANK('[2]2026 január'!G29)), "", '[2]2026 január'!G29 ) | CA31: ='[2]2026 január'!W29 -> 0 | CE31: =IF('[2]2026 január'!S29=0, "", '[2]2026 január'!S29 ) -> 494767 | CF31: =IF('[2]2026 január'!T29=0, "", '[2]2026 január'!T29 ) -> 131370 | CG31: =IF('[2]2026 január'!U29=0, "", '[2]2026 január'!U29 ) | CH31: =IF('[2]2026 január'!V29=0, "", '[2]2026 január'!V29 ) -> 9155 | CI31: =IF('[2]2026 január'!W29=0, "", '[2]2026 január'!W29 ) | CJ31: =IF('[2]2026 január'!X29=0, "", '[2]2026 január'!X29 ) | CK31: =IF('[2]2026 január'!Y29=0, "", '[2]2026 január'!Y29 ) -> 616982 | CL31: =IF('[2]2026 január'!Z29=0, "", '[2]2026 január'!Z29 ) | ... CP31: =IF('[2]2026 január'!AD29=0, "", '[2]2026 január'!AD29 ) | CQ31: =IF('[2]2026 január'!AE$29=0, "", '[2]2026 január'!AE$29 ) | CR31: =IF('[2]2026 január'!AF29=0, "", '[2]2026 január'!AF29 ) | CS31: =IF('[2]2026 január'!AG29=0, "", '[2]2026 január'!AG29 ) | CT31: =IF('[2]2026 január'!AH29=0, "", '[2]2026 január'!AH29 )
A32: 46051 | B32: 500690 | C32: 1550 | D32: 438355 | H32: 439905 | I32: 439905 | J32: 1340 | K32: 447 | L32: 133286331 | Q32: 46051 | R32: 606960 | S32: 3550 | T32: 542348 | X32: 545898 | Y32: 545898 | Z32: 1938 | AA32: 404 | AB32: 163844377 | AG32: 46051 | AH32: 392950 | AI32: 2000 | AJ32: 382318 | AN32: 384318 | AO32: 384318 | AP32: -132 | AQ32: 1258 | AR32: 303371281 | BI32: 46051 | BJ32: 170975 | BK32: 800 | BL32: 155785 | BP32: 156585 | BQ32: 156585 | BR32: -4785 | BS32: 1009 | BT32: 170170559 | BY32: 1671575 | BZ32: =IF(OR('[2]2026 január'!G30=0, ISBLANK('[2]2026 január'!G30)), "", '[2]2026 január'!G30 ) | CA32: ='[2]2026 január'!W30 -> 0 | CE32: =IF('[2]2026 január'!S30=0, "", '[2]2026 január'!S30 ) -> 616982 | CF32: =IF('[2]2026 január'!T30=0, "", '[2]2026 január'!T30 ) -> 144869 | CG32: =IF('[2]2026 január'!U30=0, "", '[2]2026 január'!U30 ) | CH32: =IF('[2]2026 január'!V30=0, "", '[2]2026 január'!V30 ) -> 14500 | CI32: =IF('[2]2026 január'!W30=0, "", '[2]2026 január'!W30 ) | CJ32: =IF('[2]2026 január'!X30=0, "", '[2]2026 január'!X30 ) | CK32: =IF('[2]2026 január'!Y30=0, "", '[2]2026 január'!Y30 ) -> 747351 | CL32: =IF('[2]2026 január'!Z30=0, "", '[2]2026 január'!Z30 ) | ... CP32: =IF('[2]2026 január'!AD30=0, "", '[2]2026 január'!AD30 ) | CQ32: =IF('[2]2026 január'!AE$30=0, "", '[2]2026 január'!AE$30 ) | CR32: =IF('[2]2026 január'!AF30=0, "", '[2]2026 január'!AF30 ) | CS32: =IF('[2]2026 január'!AG30=0, "", '[2]2026 január'!AG30 ) | CT32: =IF('[2]2026 január'!AH30=0, "", '[2]2026 január'!AH30 )
A33: 46052 | B33: 350410 | C33: 600 | D33: 323495 | H33: 324095 | I33: 324095 | J33: 1685 | K33: 448 | L33: 133610426 | Q33: 46052 | R33: 507220 | S33: 2150 | T33: 436423 | X33: 438573 | Y33: 438573 | Z33: 983 | AA33: 405 | AB33: 164282950 | AG33: 46052 | AH33: 435850 | AI33: 1450 | AJ33: 396136 | AN33: 397586 | AO33: 397586 | AP33: 96 | AQ33: 1259 | AR33: 303768867 | BI33: 46052 | BJ33: 140015 | BK33: 1251 | BL33: 120602 | BP33: 121853 | BQ33: 122305 | BR33: 2835 | BS33: 1010 | BT33: 170292412 | BY33: =IF('[2]2026 január'!B$31=0, "", '[2]2026 január'!B$31 ) -> 1433495 | BZ33: =IF(OR('[2]2026 január'!G31=0, ISBLANK('[2]2026 január'!G31)), "", '[2]2026 január'!G31 ) | CA33: ='[2]2026 január'!W31 -> 0 | CE33: =IF('[2]2026 január'!S31=0, "", '[2]2026 január'!S31 ) -> 747351 | CF33: =IF('[2]2026 január'!T31=0, "", '[2]2026 január'!T31 ) -> 150936 | CG33: =IF('[2]2026 január'!U31=0, "", '[2]2026 január'!U31 ) | CH33: =IF('[2]2026 január'!V31=0, "", '[2]2026 január'!V31 ) -> 342500 | CI33: =IF('[2]2026 január'!W31=0, "", '[2]2026 január'!W31 ) | CJ33: =IF('[2]2026 január'!X31=0, "", '[2]2026 január'!X31 ) | CK33: =IF('[2]2026 január'!Y31=0, "", '[2]2026 január'!Y31 ) -> 555787 | CL33: =IF('[2]2026 január'!Z31=0, "", '[2]2026 január'!Z31 ) | ... CP33: =IF('[2]2026 január'!AD31=0, "", '[2]2026 január'!AD31 ) | CQ33: =IF('[2]2026 január'!AE$31=0, "", '[2]2026 január'!AE$31 ) | CR33: =IF('[2]2026 január'!AF31=0, "", '[2]2026 január'!AF31 ) | CS33: =IF('[2]2026 január'!AG31=0, "", '[2]2026 január'!AG31 ) | CT33: =IF('[2]2026 január'!AH31=0, "", '[2]2026 január'!AH31 )
A34: 46053 | Q34: 46053 | AG34: 46053 | BI34: 46053 | BY34: =IF('[2]2026 január'!B$32=0, "", '[2]2026 január'!B$32 ) | BZ34: =IF(OR('[2]2026 január'!G32=0, ISBLANK('[2]2026 január'!G32)), "", '[2]2026 január'!G32 ) | CA34: ='[2]2026 január'!W32 -> 0 | CE34: =IF('[2]2026 január'!S32=0, "", '[2]2026 január'!S32 ) | CF34: =IF('[2]2026 január'!T32=0, "", '[2]2026 január'!T32 ) | CG34: =IF('[2]2026 január'!U32=0, "", '[2]2026 január'!U32 ) | CH34: =IF('[2]2026 január'!V32=0, "", '[2]2026 január'!V32 ) | CI34: =IF('[2]2026 január'!W32=0, "", '[2]2026 január'!W32 ) | CJ34: =IF('[2]2026 január'!X32=0, "", '[2]2026 január'!X32 ) | CK34: =IF('[2]2026 január'!Y32=0, "", '[2]2026 január'!Y32 ) | CL34: =IF('[2]2026 január'!Z32=0, "", '[2]2026 január'!Z32 ) | ... CP34: =IF('[2]2026 január'!AD32=0, "", '[2]2026 január'!AD32 ) | CQ34: =IF('[2]2026 január'!AE$32=0, "", '[2]2026 január'!AE$32 ) | CR34: =IF('[2]2026 január'!AF32=0, "", '[2]2026 január'!AF32 ) | CS34: =IF('[2]2026 január'!AG32=0, "", '[2]2026 január'!AG32 ) | CT34: =IF('[2]2026 január'!AH32=0, "", '[2]2026 január'!AH32 )
A35: Összesen: | C35: =SUM(C2:C34) -> 19250 | D35: =SUM(D2:D34) -> 8487866 | E35: =SUM(E2:E34) -> 150 | F35: =SUM(F2:F34) -> 0 | G35: =SUM(G3:G34) -> 7190 | H35: =SUM(H3:H34) -> 8500126 | Q35: Összesen: | S35: =SUM(S1:S34) -> 57675 | T35: =SUM(T1:T36) -> 0.05 | U35: =SUM(U1:U36) -> 0.18 | V35: =SUM(V1:V36) -> 0.27 | W35: =SUM(W3:W36) -> 0 | X35: =SUM(X3:X36) -> 0 | AG35: Összesen: | AI35: =SUM(AI1:AI34) -> 33940 | AJ35: =SUM(AJ1:AJ34) -> 7249299 | AK35: =SUM(AK1:AK34) -> 0.18 | AL35: =SUM(AL1:AL34) -> 50.27 | AM35: =SUM(AM3:AM34) -> 0 | AN35: =SUM(AN3:AN34) -> 7283289 | BI35: Összesen: | BK35: =SUM(BK1:BK34) -> 21581 | BL35: =SUM(BL1:BL34) -> 4229138 | BM35: =SUM(BM1:BM34) -> 380.18 | BN35: =SUM(BN1:BN34) -> 0.27 | BO35: =SUM(BO3:BO34) -> 0 | BP35: =SUM(BP3:BP34) -> 4250747 | BQ35: =SUM(BQ3:BQ34) -> 4251651 | BY35: =IF('[2]2026 január'!B$33=0, "", '[2]2026 január'!B$33 ) -> 33488085 | BZ35: =IF(OR('[2]2026 január'!G33=0, ISBLANK('[2]2026 január'!G33)), "", '[2]2026 január'!G33 ) | CA35: ='[2]2026 január'!W33 -> 0 | CE35: =IF('[2]2026 január'!S33=0, "", '[2]2026 január'!S33 ) | CF35: =IF('[2]2026 január'!T33=0, "", '[2]2026 január'!T33 ) -> 2166428 | CG35: =IF('[2]2026 január'!U33=0, "", '[2]2026 január'!U33 ) -> 100000 | CH35: =IF('[2]2026 január'!V33=0, "", '[2]2026 január'!V33 ) | CI35: =IF('[2]2026 január'!W33=0, "", '[2]2026 január'!W33 ) | CJ35: =IF('[2]2026 január'!X33=0, "", '[2]2026 január'!X33 ) | CK35: =IF('[2]2026 január'!Y33=0, "", '[2]2026 január'!Y33 ) | CL35: =IF('[2]2026 január'!Z33=0, "", '[2]2026 január'!Z33 ) | ... CP35: =IF('[2]2026 január'!AD33=0, "", '[2]2026 január'!AD33 ) | CQ35: =IF('[2]2026 január'!AE$33=0, "", '[2]2026 január'!AE$33 ) | CR35: =IF('[2]2026 január'!AF33=0, "", '[2]2026 január'!AF33 ) | CS35: =IF('[2]2026 január'!AG33=0, "", '[2]2026 január'!AG33 ) | CT35: =IF('[2]2026 január'!AH33=0, "", '[2]2026 január'!AH33 )
C36: =C35+D35+E35+F35 -> 8507266 | G36: =G35+H35 -> 8507316 | S36: =S35+T35+U35+V35 -> 0.5 | W36: =W35+X35 -> 0 | AI36: =AI35+AJ35+AK35+AL35 -> 7283289.5 | AM36: =AM35+AN35 -> 7283289 | BK36: =BK35+BL35+BM35+BN35 -> 4251099.5 | BP36: =BQ35-BP35 -> 904 | BY36: =IF('[2]2026 január'!B$35=0, "", '[2]2026 január'!B$35 )
A40: ÜZENŐFAL | Q40: ÜZENŐFAL | AG40: ÜZENŐFAL | AU40: Kérlek ez a 3 sor legyen minden táblázatnál kihagyva | BI40: ÜZENŐFAL
A41: Sziasztok | Q41: Sziasztok | BI41: Sziasztok
A42: Kérlek az elütésekről tudnátok írni jegyzőkönyvet? Sajnos a bk terminál, NAV gépes elütésekről is kell | Q42: Kérlek az elütésekről tudnátok írni jegyzőkönyvet? Sajnos a bk terminál, NAV gépes elütésekről is kell | BI42: Kérlek az elütésekről tudnátok írni jegyzőkönyvet? Sajnos a bk terminál, NAV gépes elütésekről is kell
A44: Február | Q44: Február | AG44: Február | BI44: Február | BY44: ='[2]2026 január'!B$1 -> Novohost
A45: 46054 | Q45: 46054 | AG45: 46054 | BI45: 46054 | BY45: =IF('[2]2026 február'!B$2=0, "", '[2]2026 február'!B$2 )
A46: 46055 | B46: 325540 | C46: 1200 | D46: 313890 | H46: 315090 | I46: 315090 | J46: 1595 | K46: 449 | L46: 133925516 | Q46: 46055 | R46: 601530 | S46: 2800 | T46: 553488 | X46: 556288 | Y46: 556288 | AA46: 406 | AB46: 164839238 | AG46: 46055 | AH46: 492825 | AI46: 2750 | AJ46: 444361 | AN46: 447111 | AO46: 447111 | AP46: -517 | AQ46: 1260 | AR46: 304215978 | BI46: 46055 | BJ46: 9540 | BK46: 0 | BL46: 9540 | BP46: 9540 | BQ46: 9540 | BR46: 0 | BS46: 1011 | BT46: 170301952 | BY46: =IF('[2]2026 február'!B$3=0, "", '[2]2026 február'!B$3 ) -> 1429435
A47: 46056 | B47: 437815 | C47: 650 | D47: 400140 | H47: 400790 | I47: 400790 | J47: 475 | K47: 450 | L47: 134326306 | Q47: 46056 | R47: 726820 | S47: 2700 | T47: 671425 | W47: 17725 | X47: 656400 | Y47: 674125 | Z47: 2310 | AA47: 407 | AB47: 165513363 | AG47: 46056 | AH47: 452660 | AI47: 1950 | AJ47: 431586 | AN47: 433536 | AO47: 433536 | AP47: -994 | AQ47: 1261 | AR47: 304649514 | BI47: 46056 | BJ47: 41765 | BK47: 200 | BL47: 38935 | BP47: 39135 | BQ47: 39135 | BR47: -930 | BS47: 1012 | BT47: 170341087 | BY47: 1659060
A48: 46057 | B48: 414670 | C48: 650 | D48: 399620 | H48: 400270 | I48: 400270 | J48: 1500 | K48: 451 | L48: 134726576 | Q48: 46057 | R48: 622185 | S48: 2800 | T48: 596795 | X48: 599595 | Y48: 581870 | Z48: -8 | AA48: 408 | AB48: 166112958 | AG48: 46057 | AH48: 517700 | AI48: 1850 | AJ48: 491346 | AN48: 493196 | AO48: 493196 | AP48: 3716 | AQ48: 1262 | AR48: 305142710 | BI48: 46057 | BJ48: 239535 | BK48: 750 | BL48: 221195 | BP48: 221945 | BQ48: 221945 | BR48: 910 | BS48: 1013 | BT48: 170563032 | BY48: =IF('[2]2026 február'!B$5=0, "", '[2]2026 február'!B$5 ) -> 1794090
A49: 46058 | B49: 400795 | C49: 700 | D49: 366788 | H49: 367488 | I49: 367488 | J49: -1107 | K49: 452 | L49: 135094064 | Q49: 46058 | R49: 652575 | S49: 2600 | T49: 589918 | X49: 592518 | Y49: 592518 | Z49: -1542 | AA49: 409 | AB49: 166705476 | AG49: 46058 | AH49: 496720 | AI49: 2350 | AJ49: 468711 | AN49: 471061 | AO49: 471061 | AP49: -49 | AQ49: 1263 | AR49: 305613771 | BI49: 46058 | BJ49: 212105 | BK49: 850 | BL49: 196305 | BP49: 197155 | BQ49: 197155 | BR49: -1530 | BS49: 1014 | BT49: 170760187 | BY49: 1762195
A50: 46059 | B50: 333655 | C50: 500 | D50: 289575 | H50: 290075 | I50: 290075 | J50: 3260 | K50: 453 | L50: 135384139 | Q50: 46059 | R50: 527045 | S50: 2900 | T50: 489104 | X50: 492004 | Y50: 492004 | Z50: -506 | AA50: 410 | AB50: 167197480 | AG50: 46059 | AH50: 416740 | AI50: 2150 | AJ50: 388105 | AN50: 390255 | AO50: 390255 | AP50: -2110 | AQ50: 1264 | AR50: 306004026 | BI50: 46059 | BJ50: 198400 | BK50: 700 | BL50: 191690 | BP50: 192390 | BQ50: 192390 | BR50: 580 | BS50: 1015 | BT50: 170952577 | BY50: =IF('[2]2026 február'!B$7=0, "", '[2]2026 február'!B$7 ) -> 1475840
A51: 46060 | Q51: 46060 | AG51: 46060 | BI51: 46060 | BY51: =IF('[2]2026 február'!B$8=0, "", '[2]2026 február'!B$8 )
A52: 46061 | Q52: 46061 | AG52: 46061 | BI52: 46061 | BY52: =IF('[2]2026 február'!B$9=0, "", '[2]2026 február'!B$9 )
A53: 46062 | Q53: 46062 | AG53: 46062 | BI53: 46062 | BY53: =IF('[2]2026 február'!B$10=0, "", '[2]2026 február'!B$10 )
A54: 46063 | Q54: 46063 | AG54: 46063 | BI54: 46063 | BY54: =IF('[2]2026 február'!B$11=0, "", '[2]2026 február'!B$11 )
A55: 46064 | Q55: 46064 | AG55: 46064 | BI55: 46064 | BY55: =IF('[2]2026 február'!B$12=0, "", '[2]2026 február'!B$12 )
A56: 46065 | Q56: 46065 | AG56: 46065 | BI56: 46065 | BY56: =IF('[2]2026 február'!B$13=0, "", '[2]2026 február'!B$13 )
A57: 46066 | Q57: 46066 | AG57: 46066 | BI57: 46066 | BY57: =IF('[2]2026 február'!B$14=0, "", '[2]2026 február'!B$14 )
A58: 46067 | Q58: 46067 | AG58: 46067 | BI58: 46067 | BY58: =IF('[2]2026 február'!B$15=0, "", '[2]2026 február'!B$15 )
A59: 46068 | Q59: 46068 | AG59: 46068 | BI59: 46068 | BY59: =IF('[2]2026 február'!B$16=0, "", '[2]2026 február'!B$16 )
A60: 46069 | Q60: 46069 | AG60: 46069 | BI60: 46069 | BY60: =IF('[2]2026 február'!B$17=0, "", '[2]2026 február'!B$17 )
A61: 46070 | Q61: 46070 | AG61: 46070 | BI61: 46070 | BY61: =IF('[2]2026 február'!B$18=0, "", '[2]2026 február'!B$18 )
A62: 46071 | Q62: 46071 | AG62: 46071 | BI62: 46071 | BY62: =IF('[2]2026 február'!B$19=0, "", '[2]2026 február'!B$19 )
A63: 46072 | Q63: 46072 | AG63: 46072 | BI63: 46072 | BY63: =IF('[2]2026 február'!B$20=0, "", '[2]2026 február'!B$20 )
A64: 46073 | Q64: 46073 | AG64: 46073 | BI64: 46073 | BY64: =IF('[2]2026 február'!B$21=0, "", '[2]2026 február'!B$21 )
A65: 46074 | Q65: 46074 | AG65: 46074 | BI65: 46074 | BY65: =IF('[2]2026 február'!B$22=0, "", '[2]2026 február'!B$22 )
A66: 46075 | Q66: 46075 | AG66: 46075 | BI66: 46075 | BY66: =IF('[2]2026 február'!B$23=0, "", '[2]2026 február'!B$23 )
A67: 46076 | Q67: 46076 | AG67: 46076 | BI67: 46076 | BY67: =IF('[2]2026 február'!B$24=0, "", '[2]2026 február'!B$24 )
A68: 46077 | Q68: 46077 | AG68: 46077 | BI68: 46077 | BY68: =IF('[2]2026 február'!B$25=0, "", '[2]2026 február'!B$25 )
A69: 46078 | Q69: 46078 | AG69: 46078 | BI69: 46078 | BY69: =IF('[2]2026 február'!B$26=0, "", '[2]2026 február'!B$26 )
A70: 46079 | Q70: 46079 | AG70: 46079 | BI70: 46079 | BY70: =IF('[2]2026 február'!B$27=0, "", '[2]2026 február'!B$27 )
A71: 46080 | Q71: 46080 | AG71: 46080 | BI71: 46080 | BY71: =IF('[2]2026 február'!B$28=0, "", '[2]2026 február'!B$28 )
A72: 46081 | Q72: 46081 | AG72: 46081 | BI72: 46081 | BY72: =IF('[2]2026 február'!B$29=0, "", '[2]2026 február'!B$29 )
BY73: =IF('[2]2026 február'!B$30=0, "", '[2]2026 február'!B$30 )
BY74: =IF('[2]2026 február'!B$31=0, "", '[2]2026 február'!B$31 )
BY75: =IF('[2]2026 február'!B$32=0, "", '[2]2026 február'!B$32 )
A76: Összesen: | C76: =SUM(C43:C75) -> 3700 | D76: =SUM(D43:D75) -> 1770013 | E76: =SUM(E43:E75) -> 0 | F76: =SUM(F43:F75) -> 0 | G76: =SUM(G43:G75) -> 0 | H76: =SUM(H45:H75) -> 1773713 | Q76: Összesen: | S76: =SUM(S43:S75) -> 13800 | T76: =SUM(T43:T75) -> 2900730 | U76: =SUM(U43:U75) -> 0 | V76: =SUM(V43:V75) -> 0 | W76: =SUM(W43:W75) -> 17725 | X76: =SUM(X45:X75) -> 2896805 | AG76: Összesen: | AI76: =SUM(AI43:AI75) -> 11050 | AJ76: =SUM(AJ43:AJ75) -> 2224109 | AK76: =SUM(AK43:AK75) -> 0 | AL76: =SUM(AL43:AL75) -> 0 | AM76: =SUM(AM43:AM75) -> 0 | AN76: =SUM(AN45:AN75) -> 2235159 | BI76: Összesen: | BK76: =SUM(BK43:BK75) -> 2500 | BL76: =SUM(BL43:BL75) -> 657665 | BM76: =SUM(BM43:BM75) -> 0 | BN76: =SUM(BN43:BN75) -> 0 | BO76: =SUM(BO43:BO75) -> 0 | BP76: =SUM(BP45:BP75) -> 660165 | BY76: =IF('[2]2026 február'!B$33=0, "", '[2]2026 február'!B$33 ) -> 8120620
C77: =C76+D76+E76+F76 -> 1773713 | G77: =G76+H76 -> 1773713 | S77: =S76+T76+U76+V76 -> 2914530 | W77: =W76+X76 -> 2914530 | AI77: =AI76+AJ76+AK76+AL76 -> 2235159 | AM77: =AM76+AN76 -> 2235159 | BK77: =BK76+BL76+BM76+BN76 -> 660165 | BO77: =BO76+BP76 -> 660165 | BY77: =IF('[2]2026 február'!B$34=0, "", '[2]2026 február'!B$34 )
BY78: =IF('[2]2026 január'!B$35=0, "", '[2]2026 január'!B$35 )
A79: ÜZENŐFAL | Q79: ÜZENŐFAL | AG79: ÜZENŐFAL | BI79: ÜZENŐFAL

Sheet KTI
A1: AP A13607773 | B1: Novohost | C1: 0 | D1: 0.05 | E1: 0.18 | F1: 0.27 | G1: készpénz | H1: kártya | I1: terminál sz. bankkártya | J1: zárás ssz | K1: göngyölt e. | L1: időszaki össz: | M1: EUR | N1: jegyzőkönyv | P1: Novohost | Q1: Tartalék kiadás | R1: Kivét | S1: Eredmény
A2: Január | P2: ='[3]2026 január'!B$1 -> Novohost | Q2: ='[3]2026 január'!G1 -> Tartalék kiadás | R2: ='[3]2026 január'!W1 -> Kivét | S2: Eredmény | V2: ='[3]2026 január'!S1 -> Pénztár nyitó | W2: ='[3]2026 január'!T1 -> pénztár kp bevétel | X2: ='[3]2026 január'!U1 -> Egyéb bevétel | Y2: ='[3]2026 január'!V1 -> Költött | Z2: ='[3]2026 január'!W1 -> Kivét | AA2: ='[3]2026 január'!X1 -> Eltérés | AB2: ='[3]2026 január'!Y1 -> Záró | AC2: ='[3]2026 január'!Z1 -> Megjegyzések | ... AG2: ='[3]2026 január'!AD1 -> Egyéb kiadás
A3: 46023 | P3: =IF('[3]2026 január'!B$2=0, "", '[3]2026 január'!B$2 ) | Q3: =IF(OR('[3]2026 január'!G2=0, ISBLANK('[3]2026 január'!G2)), "", '[3]2026 január'!G2 ) | R3: ='[3]2026 január'!W2 -> 0 | S3: =P3-Q3-R3-G3-H3 -> #VALUE! | V3: =IF('[3]2026 január'!S2=0, "", '[3]2026 január'!S2 ) -> -6793 | W3: =IF('[3]2026 január'!T2=0, "", '[3]2026 január'!T2 ) | X3: =IF('[3]2026 január'!U2=0, "", '[3]2026 január'!U2 ) | Y3: =IF('[3]2026 január'!V2=0, "", '[3]2026 január'!V2 ) | Z3: =IF('[3]2026 január'!W2=0, "", '[3]2026 január'!W2 ) | AA3: =IF('[3]2026 január'!X2=0, "", '[3]2026 január'!X2 ) | AB3: =IF('[3]2026 január'!Y2=0, "", '[3]2026 január'!Y2 ) -> -6793 | AC3: =IF('[3]2026 január'!Z2=0, "", '[3]2026 január'!Z2 ) | ... AG3: =IF('[3]2026 január'!AD2=0, "", '[3]2026 január'!AD2 ) | AH3: =IF('[3]2026 január'!AE$2=0, "", '[3]2026 január'!AE$2 ) | AI3: =IF('[3]2026 január'!AF2=0, "", '[3]2026 január'!AF2 ) | AJ3: =IF('[3]2026 január'!AG2=0, "", '[3]2026 január'!AG2 ) | AK3: =IF('[3]2026 január'!AH2=0, "", '[3]2026 január'!AH2 )
A4: 46024 | P4: =IF('[3]2026 január'!B$3=0, "", '[3]2026 január'!B$3 ) | Q4: =IF(OR('[3]2026 január'!G3=0, ISBLANK('[3]2026 január'!G3)), "", '[3]2026 január'!G3 ) | R4: ='[3]2026 január'!W3 -> 0 | V4: =IF('[3]2026 január'!S3=0, "", '[3]2026 január'!S3 ) -> -6793 | W4: =IF('[3]2026 január'!T3=0, "", '[3]2026 január'!T3 ) | X4: =IF('[3]2026 január'!U3=0, "", '[3]2026 január'!U3 ) | Y4: =IF('[3]2026 január'!V3=0, "", '[3]2026 január'!V3 ) | Z4: =IF('[3]2026 január'!W3=0, "", '[3]2026 január'!W3 ) | AA4: =IF('[3]2026 január'!X3=0, "", '[3]2026 január'!X3 ) | AB4: =IF('[3]2026 január'!Y3=0, "", '[3]2026 január'!Y3 ) -> -6793 | AC4: =IF('[3]2026 január'!Z3=0, "", '[3]2026 január'!Z3 ) | ... AG4: =IF('[3]2026 január'!AD3=0, "", '[3]2026 január'!AD3 ) | AH4: =IF('[3]2026 január'!AE$3=0, "", '[3]2026 január'!AE$3 ) | AI4: =IF('[3]2026 január'!AF3=0, "", '[3]2026 január'!AF3 ) | AJ4: =IF('[3]2026 január'!AG3=0, "", '[3]2026 január'!AG3 ) | AK4: =IF('[3]2026 január'!AH3=0, "", '[3]2026 január'!AH3 )
A5: 46025 | P5: =IF('[3]2026 január'!B$4=0, "", '[3]2026 január'!B$4 ) | Q5: =IF(OR('[3]2026 január'!G4=0, ISBLANK('[3]2026 január'!G4)), "", '[3]2026 január'!G4 ) | R5: ='[3]2026 január'!W4 -> 0 | V5: =IF('[3]2026 január'!S4=0, "", '[3]2026 január'!S4 ) -> -6793 | W5: =IF('[3]2026 január'!T4=0, "", '[3]2026 január'!T4 ) | X5: =IF('[3]2026 január'!U4=0, "", '[3]2026 január'!U4 ) | Y5: =IF('[3]2026 január'!V4=0, "", '[3]2026 január'!V4 ) | Z5: =IF('[3]2026 január'!W4=0, "", '[3]2026 január'!W4 ) | AA5: =IF('[3]2026 január'!X4=0, "", '[3]2026 január'!X4 ) | AB5: =IF('[3]2026 január'!Y4=0, "", '[3]2026 január'!Y4 ) -> -6793 | AC5: =IF('[3]2026 január'!Z4=0, "", '[3]2026 január'!Z4 ) | ... AG5: =IF('[3]2026 január'!AD4=0, "", '[3]2026 január'!AD4 ) | AH5: =IF('[3]2026 január'!AE$4=0, "", '[3]2026 január'!AE$4 ) | AI5: =IF('[3]2026 január'!AF4=0, "", '[3]2026 január'!AF4 ) | AJ5: =IF('[3]2026 január'!AG4=0, "", '[3]2026 január'!AG4 ) | AK5: =IF('[3]2026 január'!AH4=0, "", '[3]2026 január'!AH4 )
A6: 46026 | P6: =IF('[3]2026 január'!B$5=0, "", '[3]2026 január'!B$5 ) | Q6: =IF(OR('[3]2026 január'!G5=0, ISBLANK('[3]2026 január'!G5)), "", '[3]2026 január'!G5 ) | R6: ='[3]2026 január'!W5 -> 0 | V6: =IF('[3]2026 január'!S5=0, "", '[3]2026 január'!S5 ) -> -6793 | W6: =IF('[3]2026 január'!T5=0, "", '[3]2026 január'!T5 ) | X6: =IF('[3]2026 január'!U5=0, "", '[3]2026 január'!U5 ) | Y6: =IF('[3]2026 január'!V5=0, "", '[3]2026 január'!V5 ) | Z6: =IF('[3]2026 január'!W5=0, "", '[3]2026 január'!W5 ) | AA6: =IF('[3]2026 január'!X5=0, "", '[3]2026 január'!X5 ) | AB6: =IF('[3]2026 január'!Y5=0, "", '[3]2026 január'!Y5 ) -> -6793 | AC6: =IF('[3]2026 január'!Z5=0, "", '[3]2026 január'!Z5 ) | ... AG6: =IF('[3]2026 január'!AD5=0, "", '[3]2026 január'!AD5 ) | AH6: =IF('[3]2026 január'!AE$5=0, "", '[3]2026 január'!AE$5 ) | AI6: =IF('[3]2026 január'!AF5=0, "", '[3]2026 január'!AF5 ) | AJ6: =IF('[3]2026 január'!AG5=0, "", '[3]2026 január'!AG5 ) | AK6: =IF('[3]2026 január'!AH5=0, "", '[3]2026 január'!AH5 )
A7: 46027 | B7: 85880 | C7: 50 | D7: 72430 | E7: 2290 | F7: 6030 | G7: 2100 | H7: 78700 | I7: 78700 | J7: 1747 | K7: 203428540 | P7: =IF('[3]2026 január'!B$6=0, "", '[3]2026 január'!B$6 ) -> 85880 | Q7: =IF(OR('[3]2026 január'!G6=0, ISBLANK('[3]2026 január'!G6)), "", '[3]2026 január'!G6 ) | R7: ='[3]2026 január'!W6 -> 0 | V7: =IF('[3]2026 január'!S6=0, "", '[3]2026 január'!S6 ) -> -6793 | W7: =IF('[3]2026 január'!T6=0, "", '[3]2026 január'!T6 ) -> 7180 | X7: =IF('[3]2026 január'!U6=0, "", '[3]2026 január'!U6 ) | Y7: =IF('[3]2026 január'!V6=0, "", '[3]2026 január'!V6 ) | Z7: =IF('[3]2026 január'!W6=0, "", '[3]2026 január'!W6 ) | AA7: =IF('[3]2026 január'!X6=0, "", '[3]2026 január'!X6 ) | AB7: =IF('[3]2026 január'!Y6=0, "", '[3]2026 január'!Y6 ) -> 387 | AC7: =IF('[3]2026 január'!Z6=0, "", '[3]2026 január'!Z6 ) | ... AG7: =IF('[3]2026 január'!AD6=0, "", '[3]2026 január'!AD6 ) | AH7: =IF('[3]2026 január'!AE$6=0, "", '[3]2026 január'!AE$6 ) | AI7: =IF('[3]2026 január'!AF6=0, "", '[3]2026 január'!AF6 ) | AJ7: =IF('[3]2026 január'!AG6=0, "", '[3]2026 január'!AG6 ) | AK7: =IF('[3]2026 január'!AH6=0, "", '[3]2026 január'!AH6 )
A8: 46028 | B8: 171325 | D8: 149038 | E8: 6177 | F8: 15180 | G8: 17410 | H8: 152475 | I8: 152475 | J8: 1748 | K8: 203598935 | M8: 510 | P8: =IF('[3]2026 január'!B$7=0, "", '[3]2026 január'!B$7 ) -> 171325 | Q8: =IF(OR('[3]2026 január'!G7=0, ISBLANK('[3]2026 január'!G7)), "", '[3]2026 január'!G7 ) | R8: ='[3]2026 január'!W7 -> 0 | V8: =IF('[3]2026 január'!S7=0, "", '[3]2026 január'!S7 ) -> 387 | W8: =IF('[3]2026 január'!T7=0, "", '[3]2026 január'!T7 ) -> 18850 | X8: =IF('[3]2026 január'!U7=0, "", '[3]2026 január'!U7 ) | Y8: =IF('[3]2026 január'!V7=0, "", '[3]2026 január'!V7 ) | Z8: =IF('[3]2026 január'!W7=0, "", '[3]2026 január'!W7 ) | AA8: =IF('[3]2026 január'!X7=0, "", '[3]2026 január'!X7 ) | AB8: =IF('[3]2026 január'!Y7=0, "", '[3]2026 január'!Y7 ) -> 19237 | AC8: =IF('[3]2026 január'!Z7=0, "", '[3]2026 január'!Z7 ) | ... AG8: =IF('[3]2026 január'!AD7=0, "", '[3]2026 január'!AD7 ) | AH8: =IF('[3]2026 január'!AE$7=0, "", '[3]2026 január'!AE$7 ) | AI8: =IF('[3]2026 január'!AF7=0, "", '[3]2026 január'!AF7 ) | AJ8: =IF('[3]2026 január'!AG7=0, "", '[3]2026 január'!AG7 ) | AK8: =IF('[3]2026 január'!AH7=0, "", '[3]2026 január'!AH7 )
A9: 46029 | B9: 148130 | C9: 0 | D9: 128225 | E9: 1240 | F9: 17620 | G9: 10350 | H9: 136735 | I9: 136735 | J9: 1749 | K9: 203746020 | P9: =IF('[3]2026 január'!B$8=0, "", '[3]2026 január'!B$8 ) -> 148130 | Q9: =IF(OR('[3]2026 január'!G8=0, ISBLANK('[3]2026 január'!G8)), "", '[3]2026 január'!G8 ) | R9: ='[3]2026 január'!W8 -> 0 | V9: =IF('[3]2026 január'!S8=0, "", '[3]2026 január'!S8 ) -> 19237 | W9: =IF('[3]2026 január'!T8=0, "", '[3]2026 január'!T8 ) -> 11395 | X9: =IF('[3]2026 január'!U8=0, "", '[3]2026 január'!U8 ) | Y9: =IF('[3]2026 január'!V8=0, "", '[3]2026 január'!V8 ) | Z9: =IF('[3]2026 január'!W8=0, "", '[3]2026 január'!W8 ) | AA9: =IF('[3]2026 január'!X8=0, "", '[3]2026 január'!X8 ) | AB9: =IF('[3]2026 január'!Y8=0, "", '[3]2026 január'!Y8 ) -> 30632 | AC9: =IF('[3]2026 január'!Z8=0, "", '[3]2026 január'!Z8 ) | ... AG9: =IF('[3]2026 január'!AD8=0, "", '[3]2026 január'!AD8 ) | AH9: =IF('[3]2026 január'!AE$8=0, "", '[3]2026 január'!AE$8 ) | AI9: =IF('[3]2026 január'!AF8=0, "", '[3]2026 január'!AF8 ) | AJ9: =IF('[3]2026 január'!AG8=0, "", '[3]2026 január'!AG8 ) | AK9: =IF('[3]2026 január'!AH8=0, "", '[3]2026 január'!AH8 )
A10: 46030 | B10: 173760 | C10: 750 | D10: 141790 | E10: 2750 | F10: 28860 | G10: 21050 | H10: 153100 | I10: 153100 | J10: 1750 | K10: 203920170 | P10: =IF('[3]2026 január'!B$9=0, "", '[3]2026 január'!B$9 ) -> 173760 | Q10: =IF(OR('[3]2026 január'!G9=0, ISBLANK('[3]2026 január'!G9)), "", '[3]2026 január'!G9 ) | R10: ='[3]2026 január'!W9 -> 0 | V10: =IF('[3]2026 január'!S9=0, "", '[3]2026 január'!S9 ) -> 30632 | W10: =IF('[3]2026 január'!T9=0, "", '[3]2026 január'!T9 ) -> 20660 | X10: =IF('[3]2026 január'!U9=0, "", '[3]2026 január'!U9 ) | Y10: =IF('[3]2026 január'!V9=0, "", '[3]2026 január'!V9 ) | Z10: =IF('[3]2026 január'!W9=0, "", '[3]2026 január'!W9 ) | AA10: =IF('[3]2026 január'!X9=0, "", '[3]2026 január'!X9 ) | AB10: =IF('[3]2026 január'!Y9=0, "", '[3]2026 január'!Y9 ) -> 51292 | AC10: =IF('[3]2026 január'!Z9=0, "", '[3]2026 január'!Z9 ) | ... AG10: =IF('[3]2026 január'!AD9=0, "", '[3]2026 január'!AD9 ) | AH10: =IF('[3]2026 január'!AE$9=0, "", '[3]2026 január'!AE$9 ) | AI10: =IF('[3]2026 január'!AF9=0, "", '[3]2026 január'!AF9 ) | AJ10: =IF('[3]2026 január'!AG9=0, "", '[3]2026 január'!AG9 ) | AK10: =IF('[3]2026 január'!AH9=0, "", '[3]2026 január'!AH9 )
A11: 46031 | B11: 99485 | C11: 300 | D11: 86295 | E11: 8490 | F11: 5150 | G11: 9620 | H11: 90615 | I11: 90615 | J11: 1751 | K11: 204020405 | P11: =IF('[3]2026 január'!B$10=0, "", '[3]2026 január'!B$10 ) -> 99485 | Q11: =IF(OR('[3]2026 január'!G10=0, ISBLANK('[3]2026 január'!G10)), "", '[3]2026 január'!G10 ) | R11: ='[3]2026 január'!W10 -> 0 | V11: =IF('[3]2026 január'!S10=0, "", '[3]2026 január'!S10 ) -> 51292 | W11: =IF('[3]2026 január'!T10=0, "", '[3]2026 január'!T10 ) -> 8870 | X11: =IF('[3]2026 január'!U10=0, "", '[3]2026 január'!U10 ) | Y11: =IF('[3]2026 január'!V10=0, "", '[3]2026 január'!V10 ) | Z11: =IF('[3]2026 január'!W10=0, "", '[3]2026 január'!W10 ) | AA11: =IF('[3]2026 január'!X10=0, "", '[3]2026 január'!X10 ) | AB11: =IF('[3]2026 január'!Y10=0, "", '[3]2026 január'!Y10 ) -> 60162 | AC11: =IF('[3]2026 január'!Z10=0, "", '[3]2026 január'!Z10 ) | ... AG11: =IF('[3]2026 január'!AD10=0, "", '[3]2026 január'!AD10 ) | AH11: =IF('[3]2026 január'!AE$10=0, "", '[3]2026 január'!AE$10 ) | AI11: =IF('[3]2026 január'!AF10=0, "", '[3]2026 január'!AF10 ) | AJ11: =IF('[3]2026 január'!AG10=0, "", '[3]2026 január'!AG10 ) | AK11: =IF('[3]2026 január'!AH10=0, "", '[3]2026 január'!AH10 )
A12: 46032 | B12: 29770 | C12: 0 | D12: 28370 | E12: 1050 | F12: 350 | G12: 3360 | H12: 26410 | I12: 26410 | J12: 1752 | K12: 204050175 | P12: =IF('[3]2026 január'!B$11=0, "", '[3]2026 január'!B$11 ) -> 29770 | Q12: =IF(OR('[3]2026 január'!G11=0, ISBLANK('[3]2026 január'!G11)), "", '[3]2026 január'!G11 ) | R12: ='[3]2026 január'!W11 -> 0 | V12: =IF('[3]2026 január'!S11=0, "", '[3]2026 január'!S11 ) -> 60162 | W12: =IF('[3]2026 január'!T11=0, "", '[3]2026 január'!T11 ) -> 3360 | X12: =IF('[3]2026 január'!U11=0, "", '[3]2026 január'!U11 ) | Y12: =IF('[3]2026 január'!V11=0, "", '[3]2026 január'!V11 ) | Z12: =IF('[3]2026 január'!W11=0, "", '[3]2026 január'!W11 ) | AA12: =IF('[3]2026 január'!X11=0, "", '[3]2026 január'!X11 ) | AB12: =IF('[3]2026 január'!Y11=0, "", '[3]2026 január'!Y11 ) -> 63522 | AC12: =IF('[3]2026 január'!Z11=0, "", '[3]2026 január'!Z11 ) | ... AG12: =IF('[3]2026 január'!AD11=0, "", '[3]2026 január'!AD11 ) | AH12: =IF('[3]2026 január'!AE$11=0, "", '[3]2026 január'!AE$11 ) | AI12: =IF('[3]2026 január'!AF11=0, "", '[3]2026 január'!AF11 ) | AJ12: =IF('[3]2026 január'!AG11=0, "", '[3]2026 január'!AG11 ) | AK12: =IF('[3]2026 január'!AH11=0, "", '[3]2026 január'!AH11 )
A13: 46033 | P13: =IF('[3]2026 január'!B$12=0, "", '[3]2026 január'!B$12 ) | Q13: =IF(OR('[3]2026 január'!G12=0, ISBLANK('[3]2026 január'!G12)), "", '[3]2026 január'!G12 ) | R13: ='[3]2026 január'!W12 -> 0 | V13: =IF('[3]2026 január'!S12=0, "", '[3]2026 január'!S12 ) -> 63522 | W13: =IF('[3]2026 január'!T12=0, "", '[3]2026 január'!T12 ) | X13: =IF('[3]2026 január'!U12=0, "", '[3]2026 január'!U12 ) | Y13: =IF('[3]2026 január'!V12=0, "", '[3]2026 január'!V12 ) | Z13: =IF('[3]2026 január'!W12=0, "", '[3]2026 január'!W12 ) | AA13: =IF('[3]2026 január'!X12=0, "", '[3]2026 január'!X12 ) | AB13: =IF('[3]2026 január'!Y12=0, "", '[3]2026 január'!Y12 ) -> 63522 | AC13: =IF('[3]2026 január'!Z12=0, "", '[3]2026 január'!Z12 ) | ... AG13: =IF('[3]2026 január'!AD12=0, "", '[3]2026 január'!AD12 ) | AH13: =IF('[3]2026 január'!AE$12=0, "", '[3]2026 január'!AE$12 ) | AI13: =IF('[3]2026 január'!AF12=0, "", '[3]2026 január'!AF12 ) | AJ13: =IF('[3]2026 január'!AG12=0, "", '[3]2026 január'!AG12 ) | AK13: =IF('[3]2026 január'!AH12=0, "", '[3]2026 január'!AH12 )
A14: 46034 | B14: 135650 | C14: 950 | D14: 126190 | E14: 1870 | F14: 5120 | G14: 13630 | H14: 120500 | I14: 120500 | J14: 1753 | K14: 204184305 | P14: =IF('[3]2026 január'!B$13=0, "", '[3]2026 január'!B$13 ) -> 135650 | Q14: =IF(OR('[3]2026 január'!G13=0, ISBLANK('[3]2026 január'!G13)), "", '[3]2026 január'!G13 ) | R14: ='[3]2026 január'!W13 -> 0 | V14: =IF('[3]2026 január'!S13=0, "", '[3]2026 január'!S13 ) -> 63522 | W14: =IF('[3]2026 január'!T13=0, "", '[3]2026 január'!T13 ) -> 15150 | X14: =IF('[3]2026 január'!U13=0, "", '[3]2026 január'!U13 ) | Y14: =IF('[3]2026 január'!V13=0, "", '[3]2026 január'!V13 ) | Z14: =IF('[3]2026 január'!W13=0, "", '[3]2026 január'!W13 ) | AA14: =IF('[3]2026 január'!X13=0, "", '[3]2026 január'!X13 ) | AB14: =IF('[3]2026 január'!Y13=0, "", '[3]2026 január'!Y13 ) -> 78672 | AC14: =IF('[3]2026 január'!Z13=0, "", '[3]2026 január'!Z13 ) | ... AG14: =IF('[3]2026 január'!AD13=0, "", '[3]2026 január'!AD13 ) | AH14: =IF('[3]2026 január'!AE$13=0, "", '[3]2026 január'!AE$13 ) | AI14: =IF('[3]2026 január'!AF13=0, "", '[3]2026 január'!AF13 ) | AJ14: =IF('[3]2026 január'!AG13=0, "", '[3]2026 január'!AG13 ) | AK14: =IF('[3]2026 január'!AH13=0, "", '[3]2026 január'!AH13 )
A15: 46035 | B15: 180610 | C15: 900 | D15: 156490 | E15: 5000 | F15: 14640 | G15: 14035 | H15: 162995 | I15: 162995 | J15: 1754 | K15: 204361335 | P15: =IF('[3]2026 január'!B$14=0, "", '[3]2026 január'!B$14 ) -> 180610 | Q15: =IF(OR('[3]2026 január'!G14=0, ISBLANK('[3]2026 január'!G14)), "", '[3]2026 január'!G14 ) | R15: ='[3]2026 január'!W14 -> 0 | V15: =IF('[3]2026 január'!S14=0, "", '[3]2026 január'!S14 ) -> 78672 | W15: =IF('[3]2026 január'!T14=0, "", '[3]2026 január'!T14 ) -> 17615 | X15: =IF('[3]2026 január'!U14=0, "", '[3]2026 január'!U14 ) | Y15: =IF('[3]2026 január'!V14=0, "", '[3]2026 január'!V14 ) | Z15: =IF('[3]2026 január'!W14=0, "", '[3]2026 január'!W14 ) | AA15: =IF('[3]2026 január'!X14=0, "", '[3]2026 január'!X14 ) | AB15: =IF('[3]2026 január'!Y14=0, "", '[3]2026 január'!Y14 ) -> 96287 | AC15: =IF('[3]2026 január'!Z14=0, "", '[3]2026 január'!Z14 ) | ... AG15: =IF('[3]2026 január'!AD14=0, "", '[3]2026 január'!AD14 ) | AH15: =IF('[3]2026 január'!AE$14=0, "", '[3]2026 január'!AE$14 ) | AI15: =IF('[3]2026 január'!AF14=0, "", '[3]2026 január'!AF14 ) | AJ15: =IF('[3]2026 január'!AG14=0, "", '[3]2026 január'!AG14 ) | AK15: =IF('[3]2026 január'!AH14=0, "", '[3]2026 január'!AH14 )
A16: 46036 | B16: 228065 | C16: 50 | D16: 184885 | E16: 850 | F16: 33900 | G16: 18900 | H16: 200785 | I16: 200785 | J16: 1755 | K16: 204581020 | P16: =IF('[3]2026 január'!B$15=0, "", '[3]2026 január'!B$15 ) -> 228065 | Q16: =IF(OR('[3]2026 január'!G15=0, ISBLANK('[3]2026 január'!G15)), "", '[3]2026 január'!G15 ) | R16: ='[3]2026 január'!W15 -> 0 | V16: =IF('[3]2026 január'!S15=0, "", '[3]2026 január'!S15 ) -> 96287 | W16: =IF('[3]2026 január'!T15=0, "", '[3]2026 január'!T15 ) -> 27280 | X16: =IF('[3]2026 január'!U15=0, "", '[3]2026 január'!U15 ) | Y16: =IF('[3]2026 január'!V15=0, "", '[3]2026 január'!V15 ) | Z16: =IF('[3]2026 január'!W15=0, "", '[3]2026 január'!W15 ) | AA16: =IF('[3]2026 január'!X15=0, "", '[3]2026 január'!X15 ) | AB16: =IF('[3]2026 január'!Y15=0, "", '[3]2026 január'!Y15 ) -> 123567 | AC16: =IF('[3]2026 január'!Z15=0, "", '[3]2026 január'!Z15 ) | ... AG16: =IF('[3]2026 január'!AD15=0, "", '[3]2026 január'!AD15 ) | AH16: =IF('[3]2026 január'!AE$15=0, "", '[3]2026 január'!AE$15 ) | AI16: =IF('[3]2026 január'!AF15=0, "", '[3]2026 január'!AF15 ) | AJ16: =IF('[3]2026 január'!AG15=0, "", '[3]2026 január'!AG15 ) | AK16: =IF('[3]2026 január'!AH15=0, "", '[3]2026 január'!AH15 )
A17: 46037 | B17: 241125 | C17: 50 | D17: 191920 | E17: 4610 | F17: 33620 | G17: 30060 | H17: 200140 | I17: 200140 | J17: 1756 | K17: 204811220 | P17: =IF('[3]2026 január'!B$16=0, "", '[3]2026 január'!B$16 ) -> 241125 | Q17: =IF(OR('[3]2026 január'!G16=0, ISBLANK('[3]2026 január'!G16)), "", '[3]2026 január'!G16 ) | R17: ='[3]2026 január'!W16 -> 0 | V17: =IF('[3]2026 január'!S16=0, "", '[3]2026 január'!S16 ) -> 123567 | W17: =IF('[3]2026 január'!T16=0, "", '[3]2026 január'!T16 ) -> 40985 | X17: =IF('[3]2026 január'!U16=0, "", '[3]2026 január'!U16 ) | Y17: =IF('[3]2026 január'!V16=0, "", '[3]2026 január'!V16 ) | Z17: =IF('[3]2026 január'!W16=0, "", '[3]2026 január'!W16 ) | AA17: =IF('[3]2026 január'!X16=0, "", '[3]2026 január'!X16 ) | AB17: =IF('[3]2026 január'!Y16=0, "", '[3]2026 január'!Y16 ) -> 164552 | AC17: =IF('[3]2026 január'!Z16=0, "", '[3]2026 január'!Z16 ) | ... AG17: =IF('[3]2026 január'!AD16=0, "", '[3]2026 január'!AD16 ) | AH17: =IF('[3]2026 január'!AE$16=0, "", '[3]2026 január'!AE$16 ) | AI17: =IF('[3]2026 január'!AF16=0, "", '[3]2026 január'!AF16 ) | AJ17: =IF('[3]2026 január'!AG16=0, "", '[3]2026 január'!AG16 ) | AK17: =IF('[3]2026 január'!AH16=0, "", '[3]2026 január'!AH16 )
A18: 46038 | B18: 177235 | C18: 0 | D18: 153705 | E18: 5150 | F18: 14630 | G18: 38600 | H18: 134885 | I18: 134885 | J18: 1757 | K18: 204984705 | P18: =IF('[3]2026 január'!B$17=0, "", '[3]2026 január'!B$17 ) -> 177235 | Q18: =IF(OR('[3]2026 január'!G17=0, ISBLANK('[3]2026 január'!G17)), "", '[3]2026 január'!G17 ) | R18: ='[3]2026 január'!W17 -> 0 | V18: =IF('[3]2026 január'!S17=0, "", '[3]2026 január'!S17 ) -> 164552 | W18: =IF('[3]2026 január'!T17=0, "", '[3]2026 január'!T17 ) -> 42350 | X18: =IF('[3]2026 január'!U17=0, "", '[3]2026 január'!U17 ) | Y18: =IF('[3]2026 január'!V17=0, "", '[3]2026 január'!V17 ) | Z18: =IF('[3]2026 január'!W17=0, "", '[3]2026 január'!W17 ) | AA18: =IF('[3]2026 január'!X17=0, "", '[3]2026 január'!X17 ) | AB18: =IF('[3]2026 január'!Y17=0, "", '[3]2026 január'!Y17 ) -> 206902 | AC18: =IF('[3]2026 január'!Z17=0, "", '[3]2026 január'!Z17 ) | ... AG18: =IF('[3]2026 január'!AD17=0, "", '[3]2026 január'!AD17 ) | AH18: =IF('[3]2026 január'!AE$17=0, "", '[3]2026 január'!AE$17 ) | AI18: =IF('[3]2026 január'!AF17=0, "", '[3]2026 január'!AF17 ) | AJ18: =IF('[3]2026 január'!AG17=0, "", '[3]2026 január'!AG17 ) | AK18: =IF('[3]2026 január'!AH17=0, "", '[3]2026 január'!AH17 )
A19: 46039 | P19: =IF('[3]2026 január'!B$18=0, "", '[3]2026 január'!B$18 ) | Q19: =IF(OR('[3]2026 január'!G18=0, ISBLANK('[3]2026 január'!G18)), "", '[3]2026 január'!G18 ) | R19: ='[3]2026 január'!W18 -> 0 | V19: =IF('[3]2026 január'!S18=0, "", '[3]2026 január'!S18 ) -> 206902 | W19: =IF('[3]2026 január'!T18=0, "", '[3]2026 január'!T18 ) | X19: =IF('[3]2026 január'!U18=0, "", '[3]2026 január'!U18 ) | Y19: =IF('[3]2026 január'!V18=0, "", '[3]2026 január'!V18 ) | Z19: =IF('[3]2026 január'!W18=0, "", '[3]2026 január'!W18 ) | AA19: =IF('[3]2026 január'!X18=0, "", '[3]2026 január'!X18 ) | AB19: =IF('[3]2026 január'!Y18=0, "", '[3]2026 január'!Y18 ) -> 206902 | AC19: =IF('[3]2026 január'!Z18=0, "", '[3]2026 január'!Z18 ) | ... AG19: =IF('[3]2026 január'!AD18=0, "", '[3]2026 január'!AD18 ) | AH19: =IF('[3]2026 január'!AE$18=0, "", '[3]2026 január'!AE$18 ) | AI19: =IF('[3]2026 január'!AF18=0, "", '[3]2026 január'!AF18 ) | AJ19: =IF('[3]2026 január'!AG18=0, "", '[3]2026 január'!AG18 ) | AK19: =IF('[3]2026 január'!AH18=0, "", '[3]2026 január'!AH18 )
A20: 46040 | P20: =IF('[3]2026 január'!B$19=0, "", '[3]2026 január'!B$19 ) | Q20: =IF(OR('[3]2026 január'!G19=0, ISBLANK('[3]2026 január'!G19)), "", '[3]2026 január'!G19 ) | R20: ='[3]2026 január'!W19 -> 0 | V20: =IF('[3]2026 január'!S19=0, "", '[3]2026 január'!S19 ) -> 206902 | W20: =IF('[3]2026 január'!T19=0, "", '[3]2026 január'!T19 ) | X20: =IF('[3]2026 január'!U19=0, "", '[3]2026 január'!U19 ) | Y20: =IF('[3]2026 január'!V19=0, "", '[3]2026 január'!V19 ) | Z20: =IF('[3]2026 január'!W19=0, "", '[3]2026 január'!W19 ) | AA20: =IF('[3]2026 január'!X19=0, "", '[3]2026 január'!X19 ) | AB20: =IF('[3]2026 január'!Y19=0, "", '[3]2026 január'!Y19 ) -> 206902 | AC20: =IF('[3]2026 január'!Z19=0, "", '[3]2026 január'!Z19 ) | ... AG20: =IF('[3]2026 január'!AD19=0, "", '[3]2026 január'!AD19 ) | AH20: =IF('[3]2026 január'!AE$19=0, "", '[3]2026 január'!AE$19 ) | AI20: =IF('[3]2026 január'!AF19=0, "", '[3]2026 január'!AF19 ) | AJ20: =IF('[3]2026 január'!AG19=0, "", '[3]2026 január'!AG19 ) | AK20: =IF('[3]2026 január'!AH19=0, "", '[3]2026 január'!AH19 )
A21: 46041 | B21: 160360 | C21: 0 | D21: 141890 | E21: 6970 | F21: 8960 | G21: 19270 | H21: 138550 | I21: 138550 | J21: 1758 | K21: 205142525 | P21: =IF('[3]2026 január'!B$20=0, "", '[3]2026 január'!B$20 ) -> 160360 | Q21: =IF(OR('[3]2026 január'!G20=0, ISBLANK('[3]2026 január'!G20)), "", '[3]2026 január'!G20 ) | R21: ='[3]2026 január'!W20 -> 0 | V21: =IF('[3]2026 január'!S20=0, "", '[3]2026 január'!S20 ) -> 206902 | W21: =IF('[3]2026 január'!T20=0, "", '[3]2026 január'!T20 ) -> 21810 | X21: =IF('[3]2026 január'!U20=0, "", '[3]2026 január'!U20 ) | Y21: =IF('[3]2026 január'!V20=0, "", '[3]2026 január'!V20 ) | Z21: =IF('[3]2026 január'!W20=0, "", '[3]2026 január'!W20 ) | AA21: =IF('[3]2026 január'!X20=0, "", '[3]2026 január'!X20 ) | AB21: =IF('[3]2026 január'!Y20=0, "", '[3]2026 január'!Y20 ) -> 228712 | AC21: =IF('[3]2026 január'!Z20=0, "", '[3]2026 január'!Z20 ) | ... AG21: =IF('[3]2026 január'!AD20=0, "", '[3]2026 január'!AD20 ) | AH21: =IF('[3]2026 január'!AE$20=0, "", '[3]2026 január'!AE$20 ) | AI21: =IF('[3]2026 január'!AF20=0, "", '[3]2026 január'!AF20 ) | AJ21: =IF('[3]2026 január'!AG20=0, "", '[3]2026 január'!AG20 ) | AK21: =IF('[3]2026 január'!AH20=0, "", '[3]2026 január'!AH20 )
A22: 46042 | B22: 248400 | C22: 1400 | D22: 211300 | E22: 9120 | F22: 18310 | G22: 23165 | H22: 216965 | I22: 216965 | J22: 1759 | K22: 205382655 | P22: =IF('[3]2026 január'!B$21=0, "", '[3]2026 január'!B$21 ) -> 248400 | Q22: =IF(OR('[3]2026 január'!G21=0, ISBLANK('[3]2026 január'!G21)), "", '[3]2026 január'!G21 ) | R22: ='[3]2026 január'!W21 -> 0 | V22: =IF('[3]2026 január'!S21=0, "", '[3]2026 január'!S21 ) -> 228712 | W22: =IF('[3]2026 január'!T21=0, "", '[3]2026 január'!T21 ) -> 31435 | X22: =IF('[3]2026 január'!U21=0, "", '[3]2026 január'!U21 ) | Y22: =IF('[3]2026 január'!V21=0, "", '[3]2026 január'!V21 ) | Z22: =IF('[3]2026 január'!W21=0, "", '[3]2026 január'!W21 ) | AA22: =IF('[3]2026 január'!X21=0, "", '[3]2026 január'!X21 ) | AB22: =IF('[3]2026 január'!Y21=0, "", '[3]2026 január'!Y21 ) -> 260147 | AC22: =IF('[3]2026 január'!Z21=0, "", '[3]2026 január'!Z21 ) | ... AG22: =IF('[3]2026 január'!AD21=0, "", '[3]2026 január'!AD21 ) | AH22: =IF('[3]2026 január'!AE$21=0, "", '[3]2026 január'!AE$21 ) | AI22: =IF('[3]2026 január'!AF21=0, "", '[3]2026 január'!AF21 ) | AJ22: =IF('[3]2026 január'!AG21=0, "", '[3]2026 január'!AG21 ) | AK22: =IF('[3]2026 január'!AH21=0, "", '[3]2026 január'!AH21 )
A23: 46043 | B23: 218170 | C23: 50 | D23: 199405 | E23: 935 | F23: 15060 | G23: 21550 | H23: 193900 | I23: 193900 | J23: 1790 | K23: 205595105 | P23: =IF('[3]2026 január'!B$22=0, "", '[3]2026 január'!B$22 ) -> 218170 | Q23: =IF(OR('[3]2026 január'!G22=0, ISBLANK('[3]2026 január'!G22)), "", '[3]2026 január'!G22 ) | R23: ='[3]2026 január'!W22 -> 0 | V23: =IF('[3]2026 január'!S22=0, "", '[3]2026 január'!S22 ) -> 260147 | W23: =IF('[3]2026 január'!T22=0, "", '[3]2026 január'!T22 ) -> 24270 | X23: =IF('[3]2026 január'!U22=0, "", '[3]2026 január'!U22 ) | Y23: =IF('[3]2026 január'!V22=0, "", '[3]2026 január'!V22 ) | Z23: =IF('[3]2026 január'!W22=0, "", '[3]2026 január'!W22 ) | AA23: =IF('[3]2026 január'!X22=0, "", '[3]2026 január'!X22 ) | AB23: =IF('[3]2026 január'!Y22=0, "", '[3]2026 január'!Y22 ) -> 284417 | AC23: =IF('[3]2026 január'!Z22=0, "", '[3]2026 január'!Z22 ) | ... AG23: =IF('[3]2026 január'!AD22=0, "", '[3]2026 január'!AD22 ) | AH23: =IF('[3]2026 január'!AE$22=0, "", '[3]2026 január'!AE$22 ) | AI23: =IF('[3]2026 január'!AF22=0, "", '[3]2026 január'!AF22 ) | AJ23: =IF('[3]2026 január'!AG22=0, "", '[3]2026 január'!AG22 ) | AK23: =IF('[3]2026 január'!AH22=0, "", '[3]2026 január'!AH22 )
A24: 46044 | B24: 248545 | C24: 350 | D24: 226160 | E24: 4750 | F24: 11606 | G24: 45185 | H24: 197680 | I24: 197680 | J24: 1761 | K24: 205840971 | P24: =IF('[3]2026 január'!B$23=0, "", '[3]2026 január'!B$23 ) -> 248545 | Q24: =IF(OR('[3]2026 január'!G23=0, ISBLANK('[3]2026 január'!G23)), "", '[3]2026 január'!G23 ) | R24: ='[3]2026 január'!W23 -> 200000 | V24: =IF('[3]2026 január'!S23=0, "", '[3]2026 január'!S23 ) -> 284417 | W24: =IF('[3]2026 január'!T23=0, "", '[3]2026 január'!T23 ) -> 50865 | X24: =IF('[3]2026 január'!U23=0, "", '[3]2026 január'!U23 ) | Y24: =IF('[3]2026 január'!V23=0, "", '[3]2026 január'!V23 ) | Z24: =IF('[3]2026 január'!W23=0, "", '[3]2026 január'!W23 ) -> 200000 | AA24: =IF('[3]2026 január'!X23=0, "", '[3]2026 január'!X23 ) | AB24: =IF('[3]2026 január'!Y23=0, "", '[3]2026 január'!Y23 ) -> 135282 | AC24: =IF('[3]2026 január'!Z23=0, "", '[3]2026 január'!Z23 ) | ... AG24: =IF('[3]2026 január'!AD23=0, "", '[3]2026 január'!AD23 ) | AH24: =IF('[3]2026 január'!AE$23=0, "", '[3]2026 január'!AE$23 ) | AI24: =IF('[3]2026 január'!AF23=0, "", '[3]2026 január'!AF23 ) | AJ24: =IF('[3]2026 január'!AG23=0, "", '[3]2026 január'!AG23 ) | AK24: =IF('[3]2026 január'!AH23=0, "", '[3]2026 január'!AH23 )
A25: 46045 | B25: 150880 | C25: 0 | D25: 122425 | E25: 2475 | F25: 23760 | G25: 32330 | H25: 116330 | I25: 116330 | J25: 1762 | K25: 205989631 | P25: =IF('[3]2026 január'!B$24=0, "", '[3]2026 január'!B$24 ) -> 150850 | Q25: =IF(OR('[3]2026 január'!G24=0, ISBLANK('[3]2026 január'!G24)), "", '[3]2026 január'!G24 ) | R25: ='[3]2026 január'!W24 -> 0 | V25: =IF('[3]2026 január'!S24=0, "", '[3]2026 január'!S24 ) -> 135282 | W25: =IF('[3]2026 január'!T24=0, "", '[3]2026 január'!T24 ) -> 34520 | X25: =IF('[3]2026 január'!U24=0, "", '[3]2026 január'!U24 ) | Y25: =IF('[3]2026 január'!V24=0, "", '[3]2026 január'!V24 ) | Z25: =IF('[3]2026 január'!W24=0, "", '[3]2026 január'!W24 ) | AA25: =IF('[3]2026 január'!X24=0, "", '[3]2026 január'!X24 ) | AB25: =IF('[3]2026 január'!Y24=0, "", '[3]2026 január'!Y24 ) -> 169802 | AC25: =IF('[3]2026 január'!Z24=0, "", '[3]2026 január'!Z24 ) | ... AG25: =IF('[3]2026 január'!AD24=0, "", '[3]2026 január'!AD24 ) | AH25: =IF('[3]2026 január'!AE$24=0, "", '[3]2026 január'!AE$24 ) | AI25: =IF('[3]2026 január'!AF24=0, "", '[3]2026 január'!AF24 ) | AJ25: =IF('[3]2026 január'!AG24=0, "", '[3]2026 január'!AG24 ) | AK25: =IF('[3]2026 január'!AH24=0, "", '[3]2026 január'!AH24 )
A26: 46046 | P26: =IF('[3]2026 január'!B$25=0, "", '[3]2026 január'!B$25 ) | Q26: =IF(OR('[3]2026 január'!G25=0, ISBLANK('[3]2026 január'!G25)), "", '[3]2026 január'!G25 ) | R26: ='[3]2026 január'!W25 -> 0 | V26: =IF('[3]2026 január'!S25=0, "", '[3]2026 január'!S25 ) -> 169802 | W26: =IF('[3]2026 január'!T25=0, "", '[3]2026 január'!T25 ) | X26: =IF('[3]2026 január'!U25=0, "", '[3]2026 január'!U25 ) | Y26: =IF('[3]2026 január'!V25=0, "", '[3]2026 január'!V25 ) | Z26: =IF('[3]2026 január'!W25=0, "", '[3]2026 január'!W25 ) | AA26: =IF('[3]2026 január'!X25=0, "", '[3]2026 január'!X25 ) | AB26: =IF('[3]2026 január'!Y25=0, "", '[3]2026 január'!Y25 ) -> 169802 | AC26: =IF('[3]2026 január'!Z25=0, "", '[3]2026 január'!Z25 ) | ... AG26: =IF('[3]2026 január'!AD25=0, "", '[3]2026 január'!AD25 ) | AH26: =IF('[3]2026 január'!AE$25=0, "", '[3]2026 január'!AE$25 ) | AI26: =IF('[3]2026 január'!AF25=0, "", '[3]2026 január'!AF25 ) | AJ26: =IF('[3]2026 január'!AG25=0, "", '[3]2026 január'!AG25 ) | AK26: =IF('[3]2026 január'!AH25=0, "", '[3]2026 január'!AH25 )
A27: 46047 | P27: =IF('[3]2026 január'!B$26=0, "", '[3]2026 január'!B$26 ) | Q27: =IF(OR('[3]2026 január'!G26=0, ISBLANK('[3]2026 január'!G26)), "", '[3]2026 január'!G26 ) | R27: ='[3]2026 január'!W26 -> 0 | V27: =IF('[3]2026 január'!S26=0, "", '[3]2026 január'!S26 ) -> 169802 | W27: =IF('[3]2026 január'!T26=0, "", '[3]2026 január'!T26 ) | X27: =IF('[3]2026 január'!U26=0, "", '[3]2026 január'!U26 ) | Y27: =IF('[3]2026 január'!V26=0, "", '[3]2026 január'!V26 ) | Z27: =IF('[3]2026 január'!W26=0, "", '[3]2026 január'!W26 ) | AA27: =IF('[3]2026 január'!X26=0, "", '[3]2026 január'!X26 ) | AB27: =IF('[3]2026 január'!Y26=0, "", '[3]2026 január'!Y26 ) -> 169802 | AC27: =IF('[3]2026 január'!Z26=0, "", '[3]2026 január'!Z26 ) | ... AG27: =IF('[3]2026 január'!AD26=0, "", '[3]2026 január'!AD26 ) | AH27: =IF('[3]2026 január'!AE$26=0, "", '[3]2026 január'!AE$26 ) | AI27: =IF('[3]2026 január'!AF26=0, "", '[3]2026 január'!AF26 ) | AJ27: =IF('[3]2026 január'!AG26=0, "", '[3]2026 január'!AG26 ) | AK27: =IF('[3]2026 január'!AH26=0, "", '[3]2026 január'!AH26 )
A28: 46048 | B28: 160590 | C28: 850 | D28: 125825 | E28: 970 | F28: 24120 | G28: 19950 | H28: 131815 | I28: 131815 | J28: 1763 | K28: 206141396 | P28: =IF('[3]2026 január'!B$27=0, "", '[3]2026 január'!B$27 ) -> 160590 | Q28: =IF(OR('[3]2026 január'!G27=0, ISBLANK('[3]2026 január'!G27)), "", '[3]2026 január'!G27 ) | R28: ='[3]2026 január'!W27 -> 0 | V28: =IF('[3]2026 január'!S27=0, "", '[3]2026 január'!S27 ) -> 169802 | W28: =IF('[3]2026 január'!T27=0, "", '[3]2026 január'!T27 ) -> 28775 | X28: =IF('[3]2026 január'!U27=0, "", '[3]2026 január'!U27 ) | Y28: =IF('[3]2026 január'!V27=0, "", '[3]2026 január'!V27 ) | Z28: =IF('[3]2026 január'!W27=0, "", '[3]2026 január'!W27 ) | AA28: =IF('[3]2026 január'!X27=0, "", '[3]2026 január'!X27 ) | AB28: =IF('[3]2026 január'!Y27=0, "", '[3]2026 január'!Y27 ) -> 198577 | AC28: =IF('[3]2026 január'!Z27=0, "", '[3]2026 január'!Z27 ) | ... AG28: =IF('[3]2026 január'!AD27=0, "", '[3]2026 január'!AD27 ) | AH28: =IF('[3]2026 január'!AE$27=0, "", '[3]2026 január'!AE$27 ) | AI28: =IF('[3]2026 január'!AF27=0, "", '[3]2026 január'!AF27 ) | AJ28: =IF('[3]2026 január'!AG27=0, "", '[3]2026 január'!AG27 ) | AK28: =IF('[3]2026 január'!AH27=0, "", '[3]2026 január'!AH27 )
A29: 46049 | B29: 177445 | C29: 0 | D29: 162315 | E29: 590 | F29: 7750 | G29: 39680 | H29: 130975 | I29: 130975 | J29: 1764 | K29: 206312051 | P29: =IF('[3]2026 január'!B$28=0, "", '[3]2026 január'!B$28 ) -> 177445 | Q29: =IF(OR('[3]2026 január'!G28=0, ISBLANK('[3]2026 január'!G28)), "", '[3]2026 január'!G28 ) | R29: ='[3]2026 január'!W28 -> 0 | V29: =IF('[3]2026 január'!S28=0, "", '[3]2026 január'!S28 ) -> 198577 | W29: =IF('[3]2026 január'!T28=0, "", '[3]2026 január'!T28 ) -> 46470 | X29: =IF('[3]2026 január'!U28=0, "", '[3]2026 január'!U28 ) | Y29: =IF('[3]2026 január'!V28=0, "", '[3]2026 január'!V28 ) | Z29: =IF('[3]2026 január'!W28=0, "", '[3]2026 január'!W28 ) | AA29: =IF('[3]2026 január'!X28=0, "", '[3]2026 január'!X28 ) | AB29: =IF('[3]2026 január'!Y28=0, "", '[3]2026 január'!Y28 ) -> 245047 | AC29: =IF('[3]2026 január'!Z28=0, "", '[3]2026 január'!Z28 ) | ... AG29: =IF('[3]2026 január'!AD28=0, "", '[3]2026 január'!AD28 ) | AH29: =IF('[3]2026 január'!AE$28=0, "", '[3]2026 január'!AE$28 ) | AI29: =IF('[3]2026 január'!AF28=0, "", '[3]2026 január'!AF28 ) | AJ29: =IF('[3]2026 január'!AG28=0, "", '[3]2026 január'!AG28 ) | AK29: =IF('[3]2026 január'!AH28=0, "", '[3]2026 január'!AH28 )
A30: 46050 | B30: 202975 | C30: 100 | D30: 167475 | E30: 435 | F30: 21735 | G30: 30530 | H30: 159215 | I30: 159215 | J30: 1765 | K30: 206501796 | P30: =IF('[3]2026 január'!B$29=0, "", '[3]2026 január'!B$29 ) -> 202975 | Q30: =IF(OR('[3]2026 január'!G29=0, ISBLANK('[3]2026 január'!G29)), "", '[3]2026 január'!G29 ) | R30: ='[3]2026 január'!W29 -> 200000 | V30: =IF('[3]2026 január'!S29=0, "", '[3]2026 január'!S29 ) -> 245047 | W30: =IF('[3]2026 január'!T29=0, "", '[3]2026 január'!T29 ) -> 43760 | X30: =IF('[3]2026 január'!U29=0, "", '[3]2026 január'!U29 ) | Y30: =IF('[3]2026 január'!V29=0, "", '[3]2026 január'!V29 ) | Z30: =IF('[3]2026 január'!W29=0, "", '[3]2026 január'!W29 ) -> 200000 | AA30: =IF('[3]2026 január'!X29=0, "", '[3]2026 január'!X29 ) | AB30: =IF('[3]2026 január'!Y29=0, "", '[3]2026 január'!Y29 ) -> 88807 | AC30: =IF('[3]2026 január'!Z29=0, "", '[3]2026 január'!Z29 ) | ... AG30: =IF('[3]2026 január'!AD29=0, "", '[3]2026 január'!AD29 ) | AH30: =IF('[3]2026 január'!AE$29=0, "", '[3]2026 január'!AE$29 ) | AI30: =IF('[3]2026 január'!AF29=0, "", '[3]2026 január'!AF29 ) | AJ30: =IF('[3]2026 január'!AG29=0, "", '[3]2026 január'!AG29 ) | AK30: =IF('[3]2026 január'!AH29=0, "", '[3]2026 január'!AH29 )
A31: 46051 | B31: 248455 | C31: 0 | D31: 226275 | E31: 2190 | F31: 22670 | G31: 42145 | H31: 208090 | I31: 208090 | J31: 1766 | K31: 206752931 | M31: 900 | P31: =IF('[3]2026 január'!B$30=0, "", '[3]2026 január'!B$30 ) -> 248455 | Q31: =IF(OR('[3]2026 január'!G30=0, ISBLANK('[3]2026 január'!G30)), "", '[3]2026 január'!G30 ) | R31: ='[3]2026 január'!W30 -> 0 | V31: =IF('[3]2026 január'!S30=0, "", '[3]2026 január'!S30 ) -> 88807 | W31: =IF('[3]2026 január'!T30=0, "", '[3]2026 január'!T30 ) -> 40365 | X31: =IF('[3]2026 január'!U30=0, "", '[3]2026 január'!U30 ) | Y31: =IF('[3]2026 január'!V30=0, "", '[3]2026 január'!V30 ) | Z31: =IF('[3]2026 január'!W30=0, "", '[3]2026 január'!W30 ) | AA31: =IF('[3]2026 január'!X30=0, "", '[3]2026 január'!X30 ) | AB31: =IF('[3]2026 január'!Y30=0, "", '[3]2026 január'!Y30 ) -> 129172 | AC31: =IF('[3]2026 január'!Z30=0, "", '[3]2026 január'!Z30 ) | ... AG31: =IF('[3]2026 január'!AD30=0, "", '[3]2026 január'!AD30 ) | AH31: =IF('[3]2026 január'!AE$30=0, "", '[3]2026 január'!AE$30 ) | AI31: =IF('[3]2026 január'!AF30=0, "", '[3]2026 január'!AF30 ) | AJ31: =IF('[3]2026 január'!AG30=0, "", '[3]2026 január'!AG30 ) | AK31: =IF('[3]2026 január'!AH30=0, "", '[3]2026 január'!AH30 )
A32: 46052 | B32: 183600 | C32: 300 | D32: 162220 | E32: 3410 | F32: 17670 | G32: 38990 | H32: 144610 | I32: 144610 | J32: 1767 | K32: 206936531 | P32: =IF('[3]2026 január'!B$31=0, "", '[3]2026 január'!B$31 ) -> 183600 | Q32: =IF(OR('[3]2026 január'!G31=0, ISBLANK('[3]2026 január'!G31)), "", '[3]2026 január'!G31 ) | R32: ='[3]2026 január'!W31 -> 0 | V32: =IF('[3]2026 január'!S31=0, "", '[3]2026 január'!S31 ) -> 129172 | W32: =IF('[3]2026 január'!T31=0, "", '[3]2026 január'!T31 ) -> 38990 | X32: =IF('[3]2026 január'!U31=0, "", '[3]2026 január'!U31 ) | Y32: =IF('[3]2026 január'!V31=0, "", '[3]2026 január'!V31 ) | Z32: =IF('[3]2026 január'!W31=0, "", '[3]2026 január'!W31 ) | AA32: =IF('[3]2026 január'!X31=0, "", '[3]2026 január'!X31 ) | AB32: =IF('[3]2026 január'!Y31=0, "", '[3]2026 január'!Y31 ) -> 168162 | AC32: =IF('[3]2026 január'!Z31=0, "", '[3]2026 január'!Z31 ) | ... AG32: =IF('[3]2026 január'!AD31=0, "", '[3]2026 január'!AD31 ) | AH32: =IF('[3]2026 január'!AE$31=0, "", '[3]2026 január'!AE$31 ) | AI32: =IF('[3]2026 január'!AF31=0, "", '[3]2026 január'!AF31 ) | AJ32: =IF('[3]2026 január'!AG31=0, "", '[3]2026 január'!AG31 ) | AK32: =IF('[3]2026 január'!AH31=0, "", '[3]2026 január'!AH31 )
A33: 46053 | P33: =IF('[3]2026 január'!B$32=0, "", '[3]2026 január'!B$32 ) | Q33: =IF(OR('[3]2026 január'!G32=0, ISBLANK('[3]2026 január'!G32)), "", '[3]2026 január'!G32 ) | R33: ='[3]2026 január'!W32 -> 0 | V33: =IF('[3]2026 január'!S32=0, "", '[3]2026 január'!S32 ) -> 168162 | W33: =IF('[3]2026 január'!T32=0, "", '[3]2026 január'!T32 ) | X33: =IF('[3]2026 január'!U32=0, "", '[3]2026 január'!U32 ) | Y33: =IF('[3]2026 január'!V32=0, "", '[3]2026 január'!V32 ) | Z33: =IF('[3]2026 január'!W32=0, "", '[3]2026 január'!W32 ) | AA33: =IF('[3]2026 január'!X32=0, "", '[3]2026 január'!X32 ) | AB33: =IF('[3]2026 január'!Y32=0, "", '[3]2026 január'!Y32 ) -> 168162 | AC33: =IF('[3]2026 január'!Z32=0, "", '[3]2026 január'!Z32 ) | ... AG33: =IF('[3]2026 január'!AD32=0, "", '[3]2026 január'!AD32 ) | AH33: =IF('[3]2026 január'!AE$32=0, "", '[3]2026 január'!AE$32 ) | AI33: =IF('[3]2026 január'!AF32=0, "", '[3]2026 január'!AF32 ) | AJ33: =IF('[3]2026 január'!AG32=0, "", '[3]2026 január'!AG32 ) | AK33: =IF('[3]2026 január'!AH32=0, "", '[3]2026 január'!AH32 )
A34: Összesen: | C34: =SUM(C1:C33) -> 6100 | D34: =SUM(D1:D33) -> 3164628 | E34: =SUM(E1:E33) -> 71322.18 | F34: =SUM(F1:F33) -> 346741.27 | G34: =SUM(G3:G33) -> 491910 | H34: =SUM(H3:H33) -> 3095470 | P34: =IF('[3]2026 január'!B$33=0, "", '[3]2026 január'!B$33 ) -> 3670425 | Q34: =IF(OR('[3]2026 január'!G33=0, ISBLANK('[3]2026 január'!G33)), "", '[3]2026 január'!G33 ) | R34: ='[3]2026 január'!W33 -> 0 | V34: =IF('[3]2026 január'!S33=0, "", '[3]2026 január'!S33 ) | W34: =IF('[3]2026 január'!T33=0, "", '[3]2026 január'!T33 ) | X34: =IF('[3]2026 január'!U33=0, "", '[3]2026 január'!U33 ) | Y34: =IF('[3]2026 január'!V33=0, "", '[3]2026 január'!V33 ) | Z34: =IF('[3]2026 január'!W33=0, "", '[3]2026 január'!W33 ) | AA34: =IF('[3]2026 január'!X33=0, "", '[3]2026 január'!X33 ) | AB34: =IF('[3]2026 január'!Y33=0, "", '[3]2026 január'!Y33 ) | AC34: =IF('[3]2026 január'!Z33=0, "", '[3]2026 január'!Z33 ) | ... AG34: =IF('[3]2026 január'!AD33=0, "", '[3]2026 január'!AD33 ) | AH34: =IF('[3]2026 január'!AE$33=0, "", '[3]2026 január'!AE$33 ) | AI34: =IF('[3]2026 január'!AF33=0, "", '[3]2026 január'!AF33 ) | AJ34: =IF('[3]2026 január'!AG33=0, "", '[3]2026 január'!AG33 ) | AK34: =IF('[3]2026 január'!AH33=0, "", '[3]2026 január'!AH33 )
C35: =C34+D34+E34+F34 -> 3588791.5 | G35: =G34+H34 -> 3587380
A39: ÜZENŐFAL
A43: Február
A44: 46054 | P44: =IF('[3]2026 február'!B$2=0, "", '[3]2026 február'!B$2 )
A45: 46055 | B45: 101770 | C45: 200 | D45: 89605 | E45: 770 | F45: 6510 | G45: 11160 | H45: 85925 | I45: 85925 | J45: 1768 | K45: 207033616 | P45: =IF('[3]2026 február'!B$3=0, "", '[3]2026 február'!B$3 ) -> 101770
A46: 46056 | B46: 122395 | C46: 300 | D46: 111480 | E46: 670 | F46: 3760 | G46: 12280 | H46: 103930 | I46: 103930 | J46: 1769 | K46: 207149826 | P46: =IF('[3]2026 február'!B$4=0, "", '[3]2026 február'!B$4 ) -> 122395
A47: 46057 | B47: 206560 | C47: 0 | D47: 141970 | E47: 0 | F47: 0 | G47: 1530 | H47: 140440 | I47: 140440 | J47: 1770 | K47: 207291796 | P47: =IF('[3]2026 február'!B$5=0, "", '[3]2026 február'!B$5 ) -> 206560
A48: 46058 | B48: 175545 | C48: 0 | D48: 160435 | E48: 0 | F48: 0 | G48: 7120 | H48: 153315 | I48: 153315 | J48: 1771 | K48: 207452231 | P48: =IF('[3]2026 február'!B$6=0, "", '[3]2026 február'!B$6 ) -> 175545
A49: 46059 | B49: 108825 | C49: 250 | D49: 85210 | E49: 270 | F49: 8615 | G49: 2250 | H49: 92095 | I49: 92095 | J49: 1772 | K49: 207546576 | P49: =IF('[3]2026 február'!B$7=0, "", '[3]2026 február'!B$7 ) -> 108825
A50: 46060 | P50: =IF('[3]2026 február'!B$8=0, "", '[3]2026 február'!B$8 )
A51: 46061 | P51: =IF('[3]2026 február'!B$9=0, "", '[3]2026 február'!B$9 )
A52: 46062 | P52: =IF('[3]2026 február'!B$10=0, "", '[3]2026 február'!B$10 )
A53: 46063 | P53: =IF('[3]2026 február'!B$11=0, "", '[3]2026 február'!B$11 )
A54: 46064 | P54: =IF('[3]2026 február'!B$12=0, "", '[3]2026 február'!B$12 )
A55: 46065 | P55: =IF('[3]2026 február'!B$13=0, "", '[3]2026 február'!B$13 )
A56: 46066 | P56: =IF('[3]2026 február'!B$14=0, "", '[3]2026 február'!B$14 )
A57: 46067 | P57: =IF('[3]2026 február'!B$15=0, "", '[3]2026 február'!B$15 )
A58: 46068 | P58: =IF('[3]2026 február'!B$16=0, "", '[3]2026 február'!B$16 )
A59: 46069 | P59: =IF('[3]2026 február'!B$17=0, "", '[3]2026 február'!B$17 )
A60: 46070 | P60: =IF('[3]2026 február'!B$18=0, "", '[3]2026 február'!B$18 )
A61: 46071 | P61: =IF('[3]2026 február'!B$19=0, "", '[3]2026 február'!B$19 )
A62: 46072 | P62: =IF('[3]2026 február'!B$20=0, "", '[3]2026 február'!B$20 )
A63: 46073 | P63: =IF('[3]2026 február'!B$21=0, "", '[3]2026 február'!B$21 )
A64: 46074 | P64: =IF('[3]2026 február'!B$22=0, "", '[3]2026 február'!B$22 )
A65: 46075 | P65: =IF('[3]2026 február'!B$23=0, "", '[3]2026 február'!B$23 )
A66: 46076 | P66: =IF('[3]2026 február'!B$24=0, "", '[3]2026 február'!B$24 )
A67: 46077 | P67: =IF('[3]2026 február'!B$25=0, "", '[3]2026 február'!B$25 )
A68: 46078 | P68: =IF('[3]2026 február'!B$26=0, "", '[3]2026 február'!B$26 )
A69: 46079 | P69: =IF('[3]2026 február'!B$27=0, "", '[3]2026 február'!B$27 )
A70: 46080 | P70: =IF('[3]2026 február'!B$28=0, "", '[3]2026 február'!B$28 )
A71: 46081 | P71: =IF('[3]2026 február'!B$29=0, "", '[3]2026 február'!B$29 )
P72: =IF('[3]2026 február'!B$30=0, "", '[3]2026 február'!B$30 )
P73: =IF('[3]2026 február'!B$31=0, "", '[3]2026 február'!B$31 )
P74: =IF('[3]2026 február'!B$32=0, "", '[3]2026 február'!B$32 )
A75: Összesen: | C75: =SUM(C42:C74) -> 750 | D75: =SUM(D42:D74) -> 588700 | E75: =SUM(E42:E74) -> 1710 | F75: =SUM(F42:F74) -> 18885 | G75: =SUM(G42:G74) -> 34340 | H75: =SUM(H44:H74) -> 575705 | P75: =IF('[3]2026 február'!B$33=0, "", '[3]2026 február'!B$33 ) -> 715095
C76: =C75+D75+E75+F75 -> 610045 | G76: =G75+H75 -> 610045
A78: ÜZENŐFAL

Sheet Szentkiralyi
A1: AP A13611447 | B1: Novohost | C1: 0 | D1: 0.05 | E1: 0.18 | F1: 0.27 | G1: készpénz | H1: kártya | I1: terminál sz. bankkártya | J1: zárás ssz | K1: göngyölt e. | L1: időszaki össz: | M1: EUR | N1: jegyzőkönyv | P1: Novo
A2: Január
A3: 46023 | P3: ='[4]2026 január'!B$2 -> 0
A4: 46024 | P4: ='[4]2026 január'!B$3 -> 0
A5: 46025 | P5: ='[4]2026 január'!B$4 -> 0
A6: 46026 | P6: ='[4]2026 január'!B$5 -> 0
A7: 46027 | B7: 54705 | C7: 555 | D7: 35565 | F7: 6000 | G7: 3080 | H7: 39040 | I7: 39040 | J7: 0041 | K7: 4258296 | P7: ='[4]2026 január'!B$6 -> 54705
A8: 46028 | B8: 78180 | C8: 550 | D8: 48690 | F8: 5041 | G8: 7670 | H8: 46611 | I8: 46611 | J8: 0042 | K8: 4312577 | P8: ='[4]2026 január'!B$7 -> 77760
A9: 46029 | B9: 91795 | D9: 64110 | F9: 7983 | G9: 4470 | H9: 67623 | I9: 67623 | J9: 0043 | K9: 4384670 | P9: ='[4]2026 január'!B$8 -> 91795
A10: 46030 | B10: 89300 | C10: 850 | D10: 61605 | F10: 10357 | G10: 7335 | H10: 65477 | I10: 65477 | J10: 0044 | K10: 4457482 | P10: ='[4]2026 január'!B$9 -> 86920
A11: 46031 | B11: 67720 | C11: 150 | D11: 43340 | E11: 360 | F11: 970 | G11: 5450 | H11: 39370 | I11: 39370 | J11: 0045 | K11: 4502302 | P11: ='[4]2026 január'!B$10 -> 67300
A12: 46032 | P12: ='[4]2026 január'!B$11 -> 0
A13: 46033 | P13: ='[4]2026 január'!B$12 -> 0
A14: 46034 | B14: 112915 | C14: 1100 | D14: 67783 | F14: 13074 | G14: 8930 | H14: 73027 | I14: 70027 | J14: 0046 | K14: 4584259 | P14: ='[4]2026 január'!B$13 -> 110565
A15: 46035 | B15: 81750 | D15: 48810 | F15: 3558 | G15: 5650 | H15: 46718 | I15: 46718 | J15: 0047 | K15: 4636627 | P15: ='[4]2026 január'!B$14 -> 81750
A16: 46036 | B16: 64765 | C16: 700 | D16: 17620 | F16: 11073 | G16: 4540 | H16: 24853 | I16: 24853 | J16: 0048 | K16: 4666020 | P16: ='[4]2026 január'!B$15 -> 64765
A17: 46037 | B17: 90860 | C17: 600 | D17: 55420 | F17: 1430 | G17: 5230 | H17: 52220 | I17: 52213 | J17: 0049 | K17: 4723470 | P17: ='[4]2026 január'!B$16 -> 90860
A18: 46038 | P18: ='[4]2026 január'!B$17 -> 47705
A19: 46039 | P19: ='[4]2026 január'!B$18 -> 0
A20: 46040 | P20: ='[4]2026 január'!B$19 -> 0
A21: 46041 | P21: ='[4]2026 január'!B$20 -> 98476
A22: 46042 | P22: ='[4]2026 január'!B$21 -> 102553
A23: 46043 | P23: ='[4]2026 január'!B$22 -> 100102
A24: 46044 | P24: ='[4]2026 január'!B$23 -> 134773
A25: 46045 | P25: ='[4]2026 január'!B$24 -> 102605
A26: 46046 | P26: ='[4]2026 január'!B$25 -> 0
A27: 46047 | P27: ='[4]2026 január'!B$26 -> 0
A28: 46048 | P28: ='[4]2026 január'!B$27 -> 118750
A29: 46049 | P29: ='[4]2026 január'!B$28 -> 123103
A30: 46050 | P30: ='[4]2026 január'!B$29 -> 130968
A31: 46051 | P31: ='[4]2026 január'!B$30 -> 69155
A32: 46052 | P32: ='[4]2026 január'!B$31 -> 73206
A33: 46053 | P33: ='[4]2026 január'!B$32 -> 0
A34: Összesen: | C34: =SUM(C1:C33) -> 4505 | D34: =SUM(D1:D33) -> 442943.05 | E34: =SUM(E1:E33) -> 360.18 | F34: =SUM(F1:F33) -> 59486.27 | G34: =SUM(G3:G33) -> 52355 | H34: =SUM(H3:H33) -> 454939
C35: =C34+D34+E34+F34 -> 507294.5 | G35: =G34+H34 -> 507294
A39: ÜZENŐFAL
A40: Szia,
A41: Kérlek az elütésről tudnál írni jegyzőkönyvet? Sajnos a bk terminál, NAV gépes elütésekről is kell
A43: Február
A44: 46054 | P44: ='[4]2026 február'!B$2 -> 0
A45: 46055 | P45: ='[4]2026 február'!B$3 -> 99480
A46: 46056 | P46: ='[4]2026 február'!B$4 -> 128013
A47: 46057 | P47: ='[4]2026 február'!B$5 -> 108851
A48: 46058 | P48: ='[4]2026 február'!B$6 -> 102689
A49: 46059 | P49: ='[4]2026 február'!B$7 -> 0
A50: 46060 | P50: ='[4]2026 február'!B$8 -> 0
A51: 46061 | P51: ='[4]2026 február'!B$9 -> 0
A52: 46062 | P52: ='[4]2026 február'!B$10 -> 0
A53: 46063 | P53: ='[4]2026 február'!B$11 -> 0
A54: 46064 | P54: ='[4]2026 február'!B$12 -> 0
A55: 46065 | P55: ='[4]2026 február'!B$13 -> 0
A56: 46066 | P56: ='[4]2026 február'!B$14 -> 0
A57: 46067 | P57: ='[4]2026 február'!B$15 -> 0
A58: 46068 | P58: ='[4]2026 február'!B$16 -> 0
A59: 46069 | P59: ='[4]2026 február'!B$17 -> 0
A60: 46070 | P60: ='[4]2026 február'!B$18 -> 0
A61: 46071 | P61: ='[4]2026 február'!B$19 -> 0
A62: 46072 | P62: ='[4]2026 február'!B$20 -> 0
A63: 46073 | P63: ='[4]2026 február'!B$21 -> 0
A64: 46074 | P64: ='[4]2026 február'!B$22 -> 0
A65: 46075 | P65: ='[4]2026 február'!B$23 -> 0
A66: 46076 | P66: ='[4]2026 február'!B$24 -> 0
A67: 46077 | P67: ='[4]2026 február'!B$25 -> 0
A68: 46078 | P68: ='[4]2026 február'!B$26 -> 0
A69: 46079 | P69: ='[4]2026 február'!B$27 -> 0
A70: 46080 | P70: ='[4]2026 február'!B$28 -> 0
A71: 46081 | P71: ='[4]2026 február'!B$29 -> 0
P72: ='[4]2026 február'!B$30 -> 0
P73: ='[4]2026 február'!B$31 -> 0
P74: ='[4]2026 február'!B$32 -> 0
A75: Összesen: | C75: =SUM(C42:C74) -> 0 | D75: =SUM(D42:D74) -> 0 | E75: =SUM(E42:E74) -> 0 | F75: =SUM(F42:F74) -> 0 | G75: =SUM(G42:G74) -> 0 | H75: =SUM(H44:H74) -> 0
C76: =C75+D75+E75+F75 -> 0 | G76: =G75+H75 -> 0
A78: ÜZENŐFAL

Sheet Knorr69
A1: AP A09111377 | B1: Novohost | C1: 0 | D1: 0.05 | E1: 0.18 | F1: 0.27 | G1: készpénz | H1: kártya | I1: terminál sz. bankkártya | J1: zárás ssz | K1: göngyölt e. | L1: időszaki össz: | M1: EUR | N1: jegyzőkönyv
A2: Január | P2: ='[5]2026 január'!B$1 -> Novohost | Q2: ='[5]2026 január'!G1 -> Forgalom | R2: ='[5]2026 január'!W1 -> Kivét | S2: Eredmény | V2: ='[5]2026 január'!S1 -> Pénztár nyitó | W2: ='[5]2026 január'!T1 -> Pénztár kp bevétel | X2: ='[5]2026 január'!U1 -> Egyéb bevétel | Y2: ='[5]2026 január'!V1 -> Költött | Z2: ='[5]2026 január'!W1 -> Kivét | AA2: ='[5]2026 január'!X1 -> Eltérés | AB2: ='[5]2026 január'!Y1 -> Záró | AC2: ='[5]2026 január'!Z1 -> Megjegyzések | ... AG2: ='[5]2026 január'!AD1 -> Egyéb kiadás
A3: 46023 | P3: =IF('[5]2026 január'!B$2=0, "", '[5]2026 január'!B$2 ) | Q3: =IF(OR('[5]2026 január'!G2=0, ISBLANK('[5]2026 január'!G2)), "", '[5]2026 január'!G2 ) | R3: ='[5]2026 január'!W2 -> 0 | S3: =P3-Q3-R3-G3-H3 -> #VALUE! | V3: =IF('[5]2026 január'!S2=0, "", '[5]2026 január'!S2 ) -> 175606 | W3: =IF('[5]2026 január'!T2=0, "", '[5]2026 január'!T2 ) | X3: =IF('[5]2026 január'!U2=0, "", '[5]2026 január'!U2 ) | Y3: =IF('[5]2026 január'!V2=0, "", '[5]2026 január'!V2 ) | Z3: =IF('[5]2026 január'!W2=0, "", '[5]2026 január'!W2 ) | AA3: =IF('[5]2026 január'!X2=0, "", '[5]2026 január'!X2 ) | AB3: =IF('[5]2026 január'!Y2=0, "", '[5]2026 január'!Y2 ) -> 175606 | AC3: =IF('[5]2026 január'!Z2=0, "", '[5]2026 január'!Z2 ) | ... AK3: =IF('[5]2026 január'!AH2=0, "", '[5]2026 január'!AH2 )
A4: 46024 | P4: =IF('[5]2026 január'!B$3=0, "", '[5]2026 január'!B$3 ) | Q4: =IF(OR('[5]2026 január'!G3=0, ISBLANK('[5]2026 január'!G3)), "", '[5]2026 január'!G3 ) | R4: ='[5]2026 január'!W3 -> 0 | V4: =IF('[5]2026 január'!S3=0, "", '[5]2026 január'!S3 ) -> 175606 | W4: =IF('[5]2026 január'!T3=0, "", '[5]2026 január'!T3 ) | X4: =IF('[5]2026 január'!U3=0, "", '[5]2026 január'!U3 ) | Y4: =IF('[5]2026 január'!V3=0, "", '[5]2026 január'!V3 ) | Z4: =IF('[5]2026 január'!W3=0, "", '[5]2026 január'!W3 ) | AA4: =IF('[5]2026 január'!X3=0, "", '[5]2026 január'!X3 ) | AB4: =IF('[5]2026 január'!Y3=0, "", '[5]2026 január'!Y3 ) -> 175606 | AC4: =IF('[5]2026 január'!Z3=0, "", '[5]2026 január'!Z3 ) | ... AK4: =IF('[5]2026 január'!AH3=0, "", '[5]2026 január'!AH3 )
